account_age_months,avg_order_value,total_orders,days_since_last_purchase,discount_usage_rate,return_rate,customer_support_tickets,loyalty_member,browsing_frequency_per_week,cart_abandonment_rate,product_review_score_avg,engagement_score,satisfaction_score,price_sensitivity_index,churned,support_level,discount_level
46,164.96,12,17,0.243,0.172,0,No,6.1,0.43,5.0,6.58,9.43,3.7,No,None,Mid
3,39.09,4,5,0.591,0.0808,1,No,4.1,0.183,4.44,6.25,8.5,6.9,No,Low,High
29,37.42,8,47,0.212,0.1424,0,No,1.2,0.426,3.87,3.32,8.4,4.3,No,None,Low
35,62.64,9,3,0.699,0.0128,0,No,3.8,0.73,4.75,6.42,9.71,7.5,No,None,Extreme
39,113.03,1,7,0.382,0.0232,0,No,5.4,0.613,5.0,6.48,9.92,5.0,No,None,Mid
18,62.28,5,13,0.565,0.0544,2,No,0.0,0.68,3.3,4.52,6.79,6.6,No,Low,High
20,25.01,6,9,0.225,0.0528,1,No,1.1,0.492,4.51,5.12,8.67,4.4,No,Low,Low
43,50.97,11,116,0.095,0.0296,1,No,5.8,0.314,3.99,2.3,8.22,3.4,Yes,Low,Low
60,164.73,31,1,0.19,0.0048,0,No,1.9,0.551,3.33,6.62,8.31,3.3,No,None,Low
58,65.91,15,4,0.341,0.0288,1,No,2.3,0.383,2.82,6.07,7.06,5.0,No,Low,Mid
23,117.67,6,7,0.109,0.0256,0,No,4.1,0.748,3.58,6.22,8.49,3.1,No,None,Low
34,60.3,1,86,0.446,0.016,2,No,4.3,0.886,3.6,2.17,7.21,5.8,Yes,Low,Mid
33,56.52,1,4,0.178,0.0456,0,Yes,6.3,0.343,4.28,6.93,9.13,3.9,No,None,Low
50,102.46,26,33,0.199,0.052,0,No,5.4,0.158,4.15,6.02,8.98,3.8,No,None,Low
48,52.29,1,46,0.195,0.0096,0,No,0.3,0.951,3.17,2.83,8.14,4.1,No,None,Low
10,48.47,1,46,0.146,0.1008,1,No,3.5,0.469,3.53,3.9,7.53,3.7,No,Low,Low
33,124.55,1,89,0.149,0.028,2,No,2.1,0.589,3.83,1.28,7.4,3.3,Yes,Low,Low
47,84.6,1,71,0.308,0.0136,0,No,2.4,0.778,3.74,2.28,8.69,4.6,Yes,None,Mid
33,77.63,17,85,0.235,0.0008,1,Yes,2.9,0.599,3.16,2.28,7.49,4.2,Yes,Low,Mid
48,98.26,25,20,0.133,0.1912,1,No,1.1,0.708,4.86,5.2,8.56,3.3,No,Low,Low
26,171.12,7,5,0.277,0.0536,2,No,4.2,0.646,4.53,6.38,8.02,3.9,No,Low,Mid
20,52.05,1,22,0.146,0.14,1,No,2.6,0.37,4.11,4.8,7.98,3.7,No,Low,Low
15,111.27,4,33,0.19,0.12,1,No,3.0,0.324,4.94,4.48,8.87,3.7,No,Low,Low
37,49.54,19,66,0.648,0.188,0,No,2.6,0.42,5.0,3.2,9.37,7.2,Yes,None,High
33,208.56,1,45,0.397,0.0632,0,No,3.9,0.5,4.49,4.08,9.28,4.5,No,None,Mid
17,74.25,1,76,0.41,0.0496,2,No,0.3,0.809,3.42,1.33,6.92,5.4,Yes,Low,Mid
5,106.94,1,94,0.405,0.0104,1,No,3.4,0.759,4.12,1.47,8.42,5.2,Yes,Low,Mid
50,81.62,26,15,0.307,0.1152,3,No,4.6,0.692,3.43,6.65,6.05,4.7,No,Medium,Mid
56,58.56,15,8,0.396,0.0296,0,Yes,4.3,0.667,4.65,6.53,9.55,5.4,No,None,Mid
4,202.1,2,8,0.13,0.032,0,No,3.1,0.493,3.16,5.7,8.05,2.7,No,None,Low
3,38.33,1,31,0.341,0.0736,0,No,6.2,0.668,3.98,5.55,8.73,5.2,No,None,Mid
21,55.92,6,23,0.1,0.124,0,No,4.8,0.633,3.5,5.65,8.09,3.4,No,None,Low
40,308.43,31,5,0.267,0.0928,0,No,1.3,0.136,4.56,6.22,9.25,3.0,No,None,Mid
3,45.29,1,28,0.152,0.1048,3,No,3.7,0.536,4.47,4.87,7.12,3.8,No,Medium,Low
21,26.16,16,1,0.151,0.0384,1,No,3.1,0.214,4.58,6.52,8.79,3.9,No,Low,Low
48,110.45,13,3,0.437,0.0624,0,No,5.5,0.533,4.27,7.12,9.06,5.4,No,None,Mid
57,74.55,15,49,0.072,0.0088,0,Yes,4.7,0.628,5.0,4.62,9.97,3.1,No,None,Low
49,113.09,1,58,0.146,0.0208,0,No,4.0,0.81,4.89,3.47,9.82,3.3,No,None,Low
8,59.46,1,41,0.15,0.1656,2,No,4.8,0.656,3.55,4.58,6.66,3.7,No,Low,Low
42,44.75,11,28,0.132,0.0808,3,No,2.7,0.589,3.63,4.87,6.36,3.7,No,Medium,Low
36,28.16,10,8,0.063,0.0064,0,No,3.0,0.833,4.32,5.93,9.3,3.3,No,None,Low
29,55.54,1,7,0.232,0.1448,0,No,4.9,0.607,4.35,6.32,8.87,4.3,No,None,Mid
53,92.51,1,9,0.15,0.0816,0,No,0.0,0.561,2.85,4.58,7.58,3.5,No,None,Low
39,57.0,10,5,0.269,0.0152,1,No,7.3,0.427,5.0,7.52,9.28,4.5,No,Low,Mid
34,70.37,26,10,0.227,0.0208,1,No,4.0,0.806,3.94,6.7,8.2,4.2,No,Low,Mid
22,46.9,1,15,0.256,0.0432,0,No,1.9,0.637,2.91,4.92,7.77,4.5,No,None,Mid
55,27.63,28,24,0.309,0.02,0,Yes,3.8,0.891,4.33,6.0,9.26,5.0,No,None,Mid
31,190.85,1,25,0.218,0.028,1,No,5.7,0.587,5.0,5.68,9.24,3.4,No,Low,Low
28,46.14,22,45,0.385,0.3016,1,No,7.6,0.999,3.8,6.02,7.13,5.4,No,Low,Mid
35,131.91,18,27,0.034,0.0128,1,No,4.1,0.27,3.11,5.62,7.4,2.4,No,Low,Low
34,26.17,1,5,0.199,0.1504,2,No,0.3,0.678,3.18,4.88,6.35,4.2,No,Low,Low
13,28.19,7,21,0.415,0.024,0,No,3.7,0.224,5.0,5.42,9.92,5.7,No,None,Mid
41,54.45,21,22,0.194,0.0376,0,No,0.0,0.715,3.98,4.6,8.85,4.0,No,None,Low
4,53.79,2,35,0.255,0.2704,1,No,0.3,0.737,3.46,3.42,6.89,4.5,No,Low,Mid
43,78.45,22,129,0.399,0.0576,1,Yes,0.7,0.54,4.43,1.0,8.57,5.3,Yes,Low,Mid
6,31.99,1,33,0.171,0.044,1,No,0.3,0.414,2.94,3.48,7.13,4.0,Yes,Low,Low
1,67.75,1,13,0.221,0.1752,2,No,0.6,0.285,3.43,4.58,6.51,4.1,No,Low,Low
12,108.72,10,33,0.319,0.1528,2,No,7.4,0.631,3.03,6.15,6.19,4.6,No,Low,Mid
35,180.54,27,46,0.25,0.0152,0,Yes,1.1,0.877,4.14,3.97,9.09,3.7,No,None,Mid
59,69.19,1,11,0.182,0.0272,2,No,5.1,0.668,4.24,6.18,7.82,3.9,No,Low,Low
11,68.17,9,15,0.267,0.0712,3,No,5.2,0.771,3.18,6.28,5.94,4.5,No,Medium,Mid
23,45.74,18,20,0.15,0.2376,3,Yes,5.5,0.706,2.38,6.43,4.59,3.8,No,Medium,Low
14,44.14,1,51,0.396,0.092,2,Yes,6.3,0.737,3.68,4.58,7.04,5.5,No,Low,Mid
19,122.82,5,6,0.207,0.0048,1,No,2.3,0.596,5.0,5.63,9.32,3.7,No,Low,Low
37,53.95,10,10,0.408,0.0896,1,No,3.1,0.564,3.09,5.87,7.12,5.5,No,Low,Mid
16,58.22,5,39,0.156,0.0056,0,No,1.3,0.54,4.96,3.65,9.94,3.7,No,None,Low
44,96.81,12,21,0.193,0.0016,0,No,9.0,0.68,4.18,7.35,9.17,3.8,No,None,Low
28,189.07,1,51,0.317,0.0672,3,No,0.0,0.455,4.17,2.48,6.95,4.1,Yes,Medium,Mid
45,166.89,1,11,0.424,0.044,0,Yes,0.1,0.653,3.76,4.52,8.61,5.0,No,None,Mid
31,92.74,24,17,0.56,0.0392,1,No,2.9,0.376,4.93,5.92,9.13,6.4,No,Low,High
53,54.75,14,12,0.336,0.0312,0,Yes,0.0,0.347,3.86,4.87,8.76,5.0,No,None,Mid
7,137.94,1,5,0.463,0.1848,1,No,3.2,0.9,5.0,5.85,8.72,5.4,No,Low,High
46,33.27,1,1,0.339,0.1112,3,No,3.8,0.633,2.19,6.25,4.82,5.2,No,Medium,Mid
52,44.42,27,47,0.07,0.0728,1,No,5.0,0.611,4.53,5.22,8.62,3.2,No,Low,Low
27,51.38,1,40,0.313,0.1,0,No,5.1,0.476,3.36,4.73,8.03,4.9,No,None,Mid
17,103.54,9,8,0.6,0.0016,1,No,0.5,0.666,4.23,5.07,8.56,6.6,No,Low,High
7,137.76,2,164,0.136,0.0704,3,No,0.0,0.355,3.32,1.0,6.09,3.1,Yes,Medium,Low
15,19.32,1,11,0.309,0.0752,0,No,3.5,0.587,3.88,5.65,8.63,5.0,No,None,Mid
53,49.37,27,50,0.033,0.1376,1,No,4.7,0.925,2.97,4.97,6.84,2.9,No,Low,Low
40,89.13,11,13,0.522,0.0632,0,No,3.3,0.617,3.01,5.82,7.8,6.1,No,None,High
12,48.31,7,16,0.351,0.14,1,No,4.6,0.677,3.39,5.97,7.26,5.2,No,Low,Mid
55,23.35,28,4,0.068,0.0136,1,No,3.3,0.663,2.57,6.83,6.86,3.3,No,Low,Low
8,26.65,7,100,0.196,0.0048,0,No,4.2,0.776,4.35,1.63,9.33,4.2,Yes,None,Low
2,75.57,1,1,0.125,0.004,1,No,3.8,0.564,3.7,6.25,8.02,3.4,No,Low,Low
44,44.41,1,19,0.077,0.2704,1,No,0.0,0.528,3.83,4.08,7.26,3.3,No,Low,Low
59,62.68,15,61,0.491,0.0688,1,No,1.5,0.396,2.71,2.95,6.81,6.1,Yes,Low,High
38,58.91,1,43,0.179,0.0568,1,No,2.5,0.946,3.64,3.72,7.78,3.9,No,Low,Low
56,42.62,1,16,0.33,0.0224,0,No,2.7,0.867,4.96,5.13,9.89,5.1,No,None,Mid
26,42.21,20,8,0.245,0.0312,1,Yes,3.8,0.574,4.44,6.53,8.67,4.5,No,Low,Mid
51,34.73,1,32,0.45,0.0736,1,No,2.7,0.535,4.61,4.33,8.7,5.9,No,Low,High
21,34.77,1,43,0.224,0.0624,2,No,1.6,0.761,4.0,3.42,7.46,4.4,Yes,Low,Low
57,112.04,15,54,0.297,0.036,0,No,1.1,0.748,3.72,3.17,8.6,4.4,Yes,None,Mid
50,56.49,13,3,0.075,0.004,0,Yes,2.7,0.827,4.84,6.18,9.83,3.2,No,None,Low
13,50.97,4,47,0.365,0.084,0,No,1.5,0.372,4.11,3.28,8.83,5.2,No,None,Mid
19,53.44,15,31,0.412,0.148,2,No,4.2,0.313,3.4,5.35,6.57,5.6,No,Low,Mid
18,43.51,1,7,0.452,0.0192,0,Yes,3.3,0.721,4.75,5.78,9.69,5.9,No,None,High
2,79.69,1,29,0.313,0.0744,1,No,2.9,0.812,4.19,4.55,8.28,4.7,No,Low,Mid
52,94.23,40,6,0.119,0.1048,0,Yes,2.3,0.615,3.41,6.8,8.06,3.3,No,None,Low
45,13.06,12,69,0.248,0.224,2,Yes,2.2,0.632,4.0,2.68,6.92,4.7,Yes,Low,Mid
54,49.11,28,30,0.537,0.0464,2,No,5.1,0.521,3.8,6.13,7.31,6.5,No,Low,High
42,56.52,1,32,0.143,0.1192,3,No,0.0,0.674,3.21,3.43,5.81,3.7,Yes,Medium,Low
49,70.11,13,10,0.692,0.124,1,No,0.5,0.544,3.91,5.1,7.83,7.4,No,Low,Extreme
57,75.37,1,16,0.218,0.1824,1,No,2.6,0.927,3.15,5.1,6.88,4.1,No,Low,Low
28,140.37,8,47,0.176,0.064,0,No,6.7,0.657,3.71,5.15,8.5,3.4,No,None,Low
50,209.63,1,15,0.337,0.0944,1,No,3.7,0.492,5.0,5.52,9.02,4.1,No,Low,Mid
23,155.21,6,22,0.252,0.0248,1,No,6.9,0.353,2.87,6.4,7.12,3.8,No,Low,Mid
4,50.81,2,33,0.259,0.0776,0,No,5.7,0.244,4.66,5.32,9.4,4.5,No,None,Mid
4,60.81,1,18,0.085,0.0096,1,No,2.9,0.791,4.27,5.1,8.57,3.2,No,Low,Low
12,95.42,1,9,0.191,0.084,0,No,3.0,0.537,3.46,5.58,8.18,3.8,No,None,Low
22,41.21,6,30,0.731,0.0072,1,No,2.5,0.503,3.59,4.53,7.9,7.9,No,Low,Extreme
26,210.31,1,46,0.177,0.0992,1,No,5.4,0.628,4.6,4.53,8.6,3.0,No,Low,Low
40,46.37,21,1,0.147,0.0952,2,No,3.9,0.971,3.01,6.95,6.36,3.8,No,Low,Low
42,50.5,1,152,0.295,0.0568,1,No,4.6,0.625,4.14,1.57,8.28,4.8,Yes,Low,Mid
35,332.24,9,26,0.477,0.0888,1,Yes,2.0,0.837,4.49,4.67,8.53,4.3,No,Low,High
4,121.05,3,24,0.201,0.0592,2,Yes,3.0,0.926,3.68,4.9,7.15,3.7,No,Low,Low
12,54.42,4,12,0.063,0.036,2,No,4.3,0.731,3.44,5.97,6.99,3.1,No,Low,Low
4,52.08,2,45,0.315,0.0056,1,No,3.0,0.603,3.52,3.82,7.83,4.9,No,Low,Mid
52,167.23,1,47,0.292,0.0312,2,No,5.1,0.844,3.85,4.38,7.41,4.0,No,Low,Mid
57,131.56,1,28,0.292,0.0312,0,No,0.7,0.569,4.28,3.87,9.18,4.3,No,None,Mid
31,64.5,8,0,0.113,0.0032,0,No,0.0,0.548,4.69,5.27,9.68,3.4,No,None,Low
7,89.03,1,16,0.414,0.1872,0,No,3.6,0.765,5.0,5.43,9.38,5.4,No,None,Mid
10,350.17,3,68,0.208,0.2728,3,No,3.1,0.83,3.73,2.73,5.82,2.4,Yes,Medium,Low
24,35.3,13,26,0.043,0.0368,0,No,4.7,0.344,4.97,5.7,9.85,3.1,No,None,Low
15,74.17,4,47,0.269,0.0296,0,No,3.2,0.713,4.16,3.85,9.06,4.4,No,None,Mid
39,110.51,10,50,0.331,0.052,0,No,5.1,0.182,3.74,4.53,8.57,4.7,No,None,Mid
20,43.64,1,17,0.089,0.0072,1,No,6.4,0.473,3.03,6.32,7.34,3.4,No,Low,Low
58,87.66,1,10,0.421,0.0112,4,No,1.5,0.532,3.51,5.03,5.81,5.4,No,Medium,Mid
7,67.17,1,59,0.06,0.0408,1,Yes,4.0,0.355,3.93,3.42,8.13,3.0,No,Low,Low
13,84.32,4,10,0.115,0.108,1,No,3.8,0.298,4.06,5.9,8.03,3.3,No,Low,Low
55,24.85,1,1,0.119,0.0424,1,No,2.8,0.794,2.38,5.92,6.57,3.7,No,Low,Low
28,151.35,1,34,0.556,0.0192,0,No,4.3,0.597,4.84,4.77,9.78,6.0,No,None,High
39,169.91,10,13,0.416,0.0248,0,Yes,1.6,0.514,5.0,5.22,9.92,4.9,No,None,Mid
18,100.68,14,23,0.143,0.1104,1,Yes,5.3,0.303,4.41,6.08,8.38,3.4,No,Low,Low
47,56.4,12,36,0.268,0.0672,0,Yes,3.4,0.843,5.0,4.73,9.78,4.5,No,None,Mid
11,22.4,3,31,0.436,0.02,2,No,7.7,0.749,3.28,6.12,6.88,5.9,No,Low,Mid
36,151.31,28,82,0.635,0.1952,1,No,3.7,0.885,4.35,3.07,8.03,6.5,Yes,Low,High
53,74.11,1,82,0.344,0.22,0,No,3.5,0.747,2.89,2.1,7.16,5.0,Yes,None,Mid
36,28.23,10,116,0.126,0.0024,0,No,3.5,0.618,4.49,1.5,9.48,3.7,Yes,None,Low
2,41.47,1,26,0.334,0.016,0,No,5.5,0.446,5.0,5.57,9.95,5.1,No,None,Mid
48,93.51,25,5,0.275,0.052,0,No,4.7,0.627,3.52,7.15,8.35,4.4,No,None,Mid
46,24.23,12,30,0.639,0.0656,0,No,4.5,0.537,3.86,5.4,8.64,7.3,No,None,High
17,27.45,9,35,0.185,0.0696,0,No,4.3,0.747,3.05,4.98,7.82,4.1,No,None,Low
6,29.07,2,8,0.356,0.0368,2,No,4.2,0.394,5.0,6.07,8.54,5.3,No,Low,Mid
41,69.44,21,18,0.346,0.0496,1,No,4.2,0.471,4.1,6.2,8.27,5.0,No,Low,Mid
46,87.69,12,4,0.15,0.064,0,Yes,4.6,0.438,4.86,6.73,9.65,3.5,No,None,Low
23,110.46,12,16,0.353,0.1096,4,No,3.7,0.762,2.86,5.83,4.83,4.8,No,Medium,Mid
47,129.76,1,8,0.161,0.0048,1,No,3.9,0.378,3.91,5.93,8.23,3.3,No,Low,Low
16,142.6,1,254,0.666,0.0488,0,No,3.0,0.62,5.0,1.03,9.84,6.8,Yes,None,High
60,125.51,1,33,0.401,0.0504,2,No,0.3,0.246,3.69,3.48,7.19,5.1,No,Low,Mid
41,102.8,11,5,0.45,0.0912,0,No,3.0,0.711,4.79,6.12,9.49,5.5,No,None,High
26,103.2,14,118,0.314,0.0376,0,No,4.8,0.644,2.16,2.07,7.03,4.6,Yes,None,Mid
46,128.71,24,5,0.346,0.0088,0,No,4.6,0.513,3.89,7.08,8.86,4.6,No,None,Mid
50,78.52,13,28,0.443,0.0104,1,No,4.6,0.718,5.0,5.57,9.3,5.6,No,Low,Mid
1,35.77,1,17,0.334,0.1552,0,No,6.6,0.209,4.59,6.38,9.07,5.1,No,None,Mid
36,28.88,19,25,0.146,0.0488,1,Yes,2.4,0.608,2.87,5.18,7.04,3.8,No,Low,Low
30,62.7,8,28,0.038,0.112,0,No,9.1,0.89,4.98,6.9,9.61,2.9,No,None,Low
2,27.74,1,4,0.087,0.0176,1,No,4.3,0.487,4.2,6.27,8.47,3.4,No,Low,Low
20,21.59,21,16,0.172,0.0472,0,No,5.2,0.796,3.49,6.63,8.33,4.1,No,None,Low
5,27.74,1,5,0.133,0.0256,1,No,0.0,0.756,4.36,4.78,8.61,3.8,No,Low,Low
31,29.51,8,6,0.396,0.0384,1,No,3.8,0.518,2.62,6.23,6.83,5.6,No,Low,Mid
8,57.57,3,21,0.33,0.044,0,No,0.6,0.223,5.0,4.25,9.85,5.0,No,None,Mid
30,56.78,1,2,0.607,0.1072,1,No,4.5,0.712,4.12,6.43,8.1,6.9,No,Low,High
39,47.64,1,5,0.2,0.0632,0,No,3.4,0.374,4.03,5.92,8.82,4.1,No,None,Low
2,43.25,1,21,0.328,0.0384,1,No,0.0,0.471,3.9,3.98,8.11,5.0,No,Low,Mid
53,16.43,14,37,0.137,0.06,2,No,6.3,0.436,2.57,5.72,6.04,3.9,No,Low,Low
13,60.28,7,64,0.305,0.0792,1,Yes,4.9,0.75,3.64,3.67,7.71,4.8,No,Low,Mid
4,128.08,2,24,0.181,0.0008,0,No,2.3,0.748,2.68,4.63,7.68,3.5,No,None,Low
45,51.7,1,7,0.056,0.2224,1,No,0.1,0.695,4.1,4.72,7.69,3.1,No,Low,Low
52,80.67,14,42,0.215,0.0264,1,No,5.7,0.296,4.96,5.27,9.21,4.0,No,Low,Low
8,132.67,1,24,0.554,0.0056,1,No,4.9,0.7,3.16,5.47,7.47,6.1,No,Low,High
39,62.2,10,4,0.294,0.0728,0,No,3.1,0.774,3.13,6.17,7.89,4.7,No,None,Mid
25,56.8,7,16,0.182,0.0232,2,No,0.0,0.285,3.89,4.43,7.48,3.9,No,Low,Low
7,39.43,1,106,0.312,0.0464,1,No,2.8,0.747,4.03,1.0,8.21,4.9,Yes,Low,Mid
14,96.31,4,50,0.322,0.1056,0,No,4.0,0.848,4.44,3.97,9.09,4.7,No,None,Mid
29,34.75,15,32,0.198,0.2392,2,Yes,0.0,0.597,2.81,3.9,5.68,4.2,No,Low,Low
45,25.44,1,26,0.24,0.0024,2,No,3.9,0.546,2.98,5.03,6.64,4.5,No,Low,Mid
21,29.86,6,21,0.504,0.0296,2,No,3.8,0.436,3.25,5.42,6.82,6.3,No,Low,High
37,102.79,1,81,0.448,0.096,0,No,3.1,0.517,4.93,2.02,9.61,5.5,Yes,None,Mid
56,51.42,29,25,0.263,0.036,1,No,1.6,0.333,3.85,5.25,8.06,4.5,No,Low,Mid
49,114.32,37,14,0.07,0.0136,0,Yes,4.1,0.599,3.58,6.9,8.53,2.8,No,None,Low
33,66.51,1,12,0.204,0.0168,1,No,0.0,0.657,3.57,4.43,7.85,4.0,No,Low,Low
58,64.34,1,96,0.134,0.1056,1,No,3.8,0.456,4.69,1.5,8.67,3.6,Yes,Low,Low
41,38.02,11,2,0.41,0.12,1,Yes,0.3,0.658,5.0,5.37,8.93,5.6,No,Low,Mid
25,84.16,7,6,0.147,0.0488,0,No,3.5,0.481,4.62,6.1,9.46,3.5,No,None,Low
53,46.7,14,59,0.451,0.0712,0,No,3.2,0.358,5.0,3.58,9.76,5.9,No,None,High
59,105.75,15,1,0.513,0.068,1,No,3.5,0.334,2.96,6.62,7.07,6.0,No,Low,High
59,102.8,15,25,0.26,0.1816,4,Yes,1.8,0.564,2.58,4.85,4.31,4.2,No,Medium,Mid
46,62.2,12,47,0.092,0.056,0,No,0.4,0.598,3.87,3.18,8.68,3.3,No,None,Low
14,46.58,1,31,0.194,0.0688,1,No,2.4,0.682,3.72,4.28,7.82,4.1,No,Low,Low
9,66.71,1,14,0.175,0.032,1,No,0.5,0.61,3.95,4.5,8.18,3.8,No,Low,Low
15,79.68,4,33,0.083,0.0368,0,No,1.4,0.903,4.96,3.95,9.84,3.1,No,None,Low
7,95.81,1,80,0.441,0.272,1,No,6.1,0.499,5.0,3.07,8.43,5.5,Yes,Low,Mid
2,60.29,1,6,0.394,0.1944,1,Yes,4.2,0.704,5.0,6.13,8.69,5.4,No,Low,Mid
31,114.84,16,36,0.148,0.0528,0,No,2.5,0.655,3.78,4.57,8.6,3.3,No,None,Low
7,88.09,2,28,0.385,0.0592,0,No,0.5,0.499,4.82,3.83,9.62,5.2,No,None,Mid
41,83.7,1,7,0.233,0.1192,2,No,0.0,0.902,4.48,4.68,7.75,4.1,No,Low,Mid
56,110.26,29,41,0.134,0.0936,1,Yes,0.2,0.249,3.27,3.98,7.29,3.3,No,Low,Low
11,98.64,1,14,0.149,0.1792,0,No,1.3,0.977,3.93,4.77,8.33,3.5,No,None,Low
13,21.71,1,49,0.27,0.0016,1,No,4.2,0.752,5.0,3.98,9.33,4.8,No,Low,Mid
13,154.19,1,6,0.313,0.144,1,No,5.0,0.335,4.39,6.4,8.24,4.3,No,Low,Mid
26,31.43,7,11,0.34,0.04,5,No,0.5,0.593,2.86,4.85,4.39,5.2,No,Medium,Mid
43,117.55,11,47,0.182,0.0008,0,No,2.9,0.787,4.3,3.98,9.3,3.6,No,None,Low
60,46.34,16,4,0.34,0.016,0,Yes,5.8,0.277,3.74,7.27,8.69,5.1,No,None,Mid
50,97.98,13,31,0.143,0.1096,1,No,2.5,0.437,2.77,4.72,6.74,3.4,No,Low,Low
8,31.75,1,8,0.484,0.0992,1,No,4.6,0.898,4.45,6.17,8.45,6.2,No,Low,High
14,53.49,8,108,0.09,0.0632,1,No,2.4,0.708,3.48,1.07,7.6,3.3,Yes,Low,Low
45,314.93,1,10,0.552,0.004,1,No,8.6,0.54,4.15,7.4,8.47,5.0,No,Low,High
60,95.13,16,51,0.451,0.0512,0,Yes,2.6,0.527,4.93,3.85,9.76,5.6,No,None,High
2,42.22,1,32,0.573,0.0448,0,No,5.3,0.632,4.12,5.2,8.97,6.8,No,None,High
56,88.99,29,5,0.345,0.212,3,Yes,0.0,0.848,3.0,5.72,5.29,4.9,No,Medium,Mid
42,47.79,11,10,0.166,0.0056,2,No,1.1,0.494,2.65,5.23,6.3,3.9,No,Low,Low
15,153.63,16,45,0.137,0.0648,1,No,3.9,0.573,3.72,4.58,7.84,3.0,No,Low,Low
57,37.11,15,4,0.285,0.0224,0,No,4.2,0.892,4.17,6.7,9.1,4.8,No,None,Mid
24,91.29,1,40,0.055,0.0088,0,No,4.9,0.736,5.0,4.67,9.97,2.8,No,None,Low
34,41.46,1,3,0.069,0.0936,3,No,2.6,0.812,2.44,5.75,5.13,3.2,No,Medium,Low
4,50.0,2,19,0.279,0.084,0,No,5.8,0.716,4.08,6.05,8.8,4.7,No,None,Mid
18,84.13,5,108,0.127,0.0512,1,No,3.9,0.877,2.73,1.47,6.89,3.4,Yes,Low,Low
25,60.92,1,13,0.124,0.0704,0,No,3.3,0.984,2.95,5.48,7.72,3.5,No,None,Low
47,46.08,12,115,0.435,0.052,0,No,3.2,0.669,4.58,1.47,9.41,5.8,Yes,None,Mid
24,48.65,13,15,0.281,0.0064,0,Yes,3.7,0.548,3.72,5.92,8.7,4.7,No,None,Mid
6,86.11,1,2,0.764,0.0088,0,No,2.0,0.404,3.23,5.6,8.2,7.8,No,None,Extreme
34,43.62,1,4,0.183,0.0352,2,No,0.0,0.682,2.8,4.83,6.35,4.0,No,Low,Low
51,153.71,13,30,0.094,0.048,1,No,2.3,0.815,5.0,4.7,9.17,2.7,No,Low,Low
38,96.15,1,14,0.381,0.0496,0,Yes,2.1,0.462,4.05,5.03,8.88,5.1,No,None,Mid
3,214.03,1,21,0.316,0.0176,0,No,2.5,0.278,3.21,4.82,8.15,3.9,No,None,Mid
19,57.84,1,70,0.271,0.0272,0,No,0.0,0.646,3.71,1.53,8.62,4.5,Yes,None,Mid
47,84.14,48,6,0.4,0.1176,1,Yes,0.0,0.951,2.88,6.3,6.82,5.3,No,Low,Mid
46,108.5,12,74,0.158,0.1944,3,Yes,0.5,0.922,2.15,1.87,4.5,3.5,Yes,Medium,Low
58,27.85,15,7,0.258,0.0024,0,Yes,0.0,0.568,5.0,5.15,9.99,4.6,No,None,Mid
36,95.04,1,20,0.331,0.0408,1,Yes,3.6,0.846,4.27,5.23,8.47,4.7,No,Low,Mid
19,71.83,1,11,0.562,0.0408,0,No,4.5,0.357,4.66,5.98,9.52,6.5,No,None,High
28,76.58,1,27,0.4,0.2008,1,No,2.0,0.174,3.16,4.35,6.82,5.3,No,Low,Mid
47,140.58,36,13,0.073,0.0128,0,No,1.3,0.203,5.0,5.98,9.96,2.7,No,None,Low
55,46.06,14,14,0.422,0.0256,1,No,2.1,0.417,2.79,5.47,7.04,5.7,No,Low,Mid
56,72.63,15,119,0.187,0.1352,0,No,5.2,0.39,3.32,2.23,7.87,3.9,Yes,None,Low
10,71.22,6,46,0.577,0.0328,2,No,1.3,0.677,4.51,3.33,8.07,6.6,Yes,Low,High
18,86.59,5,21,0.544,0.0384,0,No,4.1,0.512,3.31,5.48,8.18,6.3,No,None,High
4,98.48,1,97,0.22,0.0016,1,No,2.5,0.554,4.54,1.02,8.87,3.9,Yes,Low,Low
12,64.13,4,58,0.415,0.1024,0,No,4.4,0.375,3.07,3.7,7.73,5.5,Yes,None,Mid
27,86.53,7,16,0.291,0.052,1,Yes,7.0,0.684,5.0,6.77,9.16,4.5,No,Low,Mid
29,36.7,8,30,0.231,0.128,1,Yes,1.7,0.752,3.33,4.33,7.24,4.4,No,Low,Mid
57,150.98,29,7,0.414,0.0296,0,Yes,3.4,0.526,3.53,6.75,8.43,5.0,No,None,Mid
12,138.16,1,27,0.168,0.0136,0,No,2.0,0.742,5.0,4.35,9.95,3.3,No,None,Low
11,20.62,1,64,0.552,0.0064,0,No,4.1,0.292,3.54,3.2,8.52,6.7,Yes,None,High
4,31.73,2,5,0.13,0.3576,1,No,1.0,0.315,3.24,5.15,6.38,3.7,No,Low,Low
46,29.31,12,4,0.264,0.1096,2,Yes,5.9,0.48,3.47,7.17,6.77,4.7,No,Low,Mid
59,107.3,1,23,0.174,0.0392,0,Yes,3.5,0.596,3.46,5.05,8.33,3.6,No,None,Low
59,314.02,15,14,0.211,0.2464,3,No,1.2,0.58,2.26,5.2,4.44,2.6,No,Medium,Low
60,167.01,16,13,0.194,0.0248,0,No,2.2,0.485,4.25,5.62,9.17,3.4,No,None,Low
24,27.88,1,9,0.348,0.0464,1,No,3.3,0.955,4.19,5.68,8.37,5.3,No,Low,Mid
26,46.86,1,46,0.033,0.0016,0,No,0.0,0.897,3.71,2.73,8.7,2.9,No,None,Low
28,86.7,1,43,0.431,0.0008,1,No,5.6,0.186,3.49,4.75,7.82,5.5,No,Low,Mid
58,113.86,1,17,0.159,0.0144,0,No,5.8,0.591,4.07,6.12,9.02,3.4,No,None,Low
47,22.38,1,27,0.199,0.0376,0,No,4.2,0.69,4.69,5.08,9.56,4.3,No,None,Low
60,81.39,46,2,0.199,0.0632,1,Yes,4.1,0.501,4.19,7.8,8.31,3.9,No,Low,Low
4,23.85,1,58,0.271,0.1384,4,No,2.1,0.259,1.64,2.83,3.51,4.8,Yes,Medium,Mid
36,47.74,1,33,0.201,0.0744,1,No,4.8,0.339,4.78,4.98,8.87,4.1,No,Low,Low
15,54.44,8,27,0.459,0.0112,0,No,1.0,0.331,4.81,4.25,9.77,5.9,No,None,High
22,103.3,1,14,0.343,0.0408,0,No,3.1,0.699,2.74,5.37,7.6,4.8,No,None,Mid
60,127.37,16,35,0.156,0.0128,0,Yes,4.3,0.658,3.99,5.22,8.95,3.3,No,None,Low
55,53.22,14,30,0.52,0.008,1,No,3.1,0.327,3.18,5.0,7.49,6.3,No,Low,High
49,118.06,13,22,0.173,0.0424,0,No,1.5,0.739,4.95,4.83,9.81,3.5,No,None,Low
57,177.3,43,2,0.205,0.1672,3,No,3.8,0.628,4.25,7.6,6.69,3.4,No,Medium,Low
24,51.4,19,28,0.325,0.0216,0,No,2.9,0.802,3.05,5.2,7.98,5.0,No,None,Mid
24,157.9,13,32,0.186,0.0992,0,No,3.7,0.403,3.88,5.07,8.55,3.4,No,None,Low
37,39.18,19,21,0.228,0.024,0,No,4.2,0.622,4.63,5.98,9.55,4.4,No,None,Mid
5,39.78,2,125,0.115,0.0976,1,No,4.2,0.985,3.73,1.47,7.74,3.6,Yes,Low,Low
6,121.72,1,10,0.408,0.0712,0,No,7.4,0.412,4.15,7.0,8.91,5.1,No,None,Mid
49,85.86,13,11,0.204,0.1392,0,No,5.2,0.891,3.92,6.62,8.46,3.9,No,None,Low
57,38.69,29,25,0.562,0.0224,0,Yes,4.0,0.732,5.0,6.05,9.93,6.7,No,None,High
10,130.82,1,60,0.797,0.0568,1,No,2.4,0.591,3.99,2.83,8.13,7.8,Yes,Low,Extreme
3,97.31,1,127,0.607,0.0552,4,No,1.5,0.372,3.75,1.0,5.9,6.7,Yes,Medium,High
38,140.74,1,169,0.286,0.0568,2,No,3.7,0.767,3.5,1.27,6.98,4.2,Yes,Low,Mid
34,129.75,9,12,0.157,0.0712,1,No,0.9,0.452,4.23,5.0,8.33,3.3,No,Low,Low
6,50.14,1,18,0.502,0.0144,0,No,4.2,0.836,4.57,5.53,9.52,6.2,No,None,High
10,389.61,1,43,0.188,0.2336,0,No,3.8,0.183,3.75,4.15,7.97,2.0,No,None,Low
16,20.38,9,117,0.138,0.0376,0,Yes,3.2,0.76,4.72,1.37,9.59,3.8,Yes,None,Low
60,154.25,16,14,0.636,0.0064,0,No,4.2,0.402,3.45,6.23,8.43,6.5,No,None,High
29,97.62,8,47,0.395,0.0368,0,No,6.9,0.432,4.22,5.22,9.1,5.2,No,None,Mid
3,68.53,2,27,0.399,0.1192,0,No,3.0,0.696,3.27,4.72,7.87,5.4,No,None,Mid
11,227.05,3,13,0.166,0.2096,1,No,0.0,0.557,4.65,4.45,8.28,2.8,No,Low,Low
37,24.44,19,15,0.388,0.22,0,No,0.0,0.94,3.56,4.88,7.83,5.6,No,None,Mid
4,120.77,2,63,0.26,0.0504,2,No,1.9,0.409,3.25,2.55,6.75,4.1,Yes,Low,Mid
49,59.45,1,15,0.175,0.0832,1,No,3.0,0.739,3.88,5.28,7.94,3.9,No,Low,Low
4,33.7,2,3,0.233,0.0704,0,No,1.8,0.479,5.0,5.52,9.77,4.4,No,None,Mid
24,15.17,7,30,0.27,0.0136,1,No,4.0,0.911,5.0,5.07,9.29,4.8,No,Low,Mid
28,74.27,8,15,0.197,0.0304,0,No,0.4,0.317,4.73,4.65,9.63,3.9,No,None,Low
56,12.84,1,9,0.068,0.0448,2,Yes,1.0,0.635,1.98,4.92,5.5,3.4,No,Low,Low
35,86.88,27,3,0.507,0.0344,0,Yes,5.0,0.498,4.83,7.42,9.72,6.0,No,None,High
38,94.86,10,3,0.285,0.0376,0,No,4.4,0.674,5.0,6.65,9.87,4.4,No,None,Mid
50,105.96,1,30,0.262,0.0776,0,No,0.7,0.658,5.0,3.77,9.74,4.2,No,None,Mid
24,157.6,13,22,0.209,0.2672,0,No,6.3,0.797,5.0,6.43,9.11,3.5,No,None,Low
22,161.71,1,55,0.462,0.052,0,No,2.1,0.518,3.94,2.98,8.77,5.3,No,None,High
26,67.98,7,10,0.522,0.1128,0,No,3.9,0.556,3.13,6.03,7.75,6.2,No,None,High
18,102.05,10,11,0.12,0.036,1,No,4.1,0.657,2.63,6.15,6.84,3.2,No,Low,Low
59,135.64,15,43,0.2,0.0336,2,No,3.6,0.675,3.7,4.55,7.25,3.6,No,Low,Low
3,48.69,1,42,0.266,0.0288,1,No,2.8,0.631,3.77,3.87,8.01,4.6,No,Low,Mid
46,18.07,12,9,0.265,0.0424,1,No,6.0,0.852,3.91,6.95,8.1,4.7,No,Low,Mid
11,239.53,3,16,0.418,0.0136,0,No,6.5,0.461,3.98,6.47,8.93,4.5,No,None,Mid
9,75.07,5,11,0.126,0.0184,2,No,2.6,0.831,3.41,5.48,7.02,3.4,No,Low,Low
54,71.95,28,5,0.33,0.0248,0,Yes,4.1,0.842,5.0,7.05,9.92,4.9,No,None,Mid
33,79.55,1,3,0.469,0.1488,3,No,0.0,0.465,3.03,4.88,5.53,5.8,No,Medium,High
26,154.59,14,60,0.414,0.0104,0,No,0.6,0.371,5.0,2.67,9.97,5.0,Yes,None,Mid
36,53.49,1,11,0.347,0.028,0,No,1.7,0.428,3.49,5.05,8.4,5.1,No,None,Mid
4,47.51,2,261,0.094,0.144,2,No,4.1,0.478,4.04,1.43,7.23,3.4,Yes,Low,Low
52,45.44,1,18,0.057,0.12,1,No,4.2,0.861,5.0,5.53,8.93,3.1,No,Low,Low
2,64.0,1,33,0.188,0.0184,0,No,4.4,0.882,3.77,4.85,8.71,3.9,No,None,Low
8,90.38,3,6,0.208,0.024,0,Yes,5.3,0.803,4.27,6.57,9.19,3.9,No,None,Low
7,92.39,4,93,0.201,0.0336,0,No,4.1,0.468,2.51,1.85,7.4,3.9,Yes,None,Low
36,41.97,1,23,0.45,0.0224,1,No,2.0,0.508,4.37,4.55,8.63,5.9,No,Low,High
34,98.41,18,5,0.078,0.0296,0,No,3.3,0.805,4.13,6.45,9.03,3.0,No,None,Low
40,54.77,11,15,0.054,0.0624,0,No,5.1,0.615,4.09,6.32,8.88,3.0,No,None,Low
19,54.45,1,13,0.309,0.1792,0,No,7.2,0.777,5.0,6.78,9.4,4.8,No,None,Mid
29,51.27,30,10,0.657,0.1184,1,No,0.4,0.412,2.66,5.63,6.6,7.3,No,Low,High
39,52.33,1,16,0.07,0.0304,1,No,3.9,0.431,4.7,5.53,8.93,3.2,No,Low,Low
6,69.36,2,42,0.422,0.0968,1,No,0.2,0.701,3.35,3.03,7.36,5.5,Yes,Low,Mid
10,21.99,6,63,0.265,0.144,1,No,5.4,0.643,5.0,3.85,8.85,4.7,No,Low,Mid
41,95.73,21,12,0.507,0.0256,1,No,5.3,0.332,4.15,6.87,8.4,6.0,No,Low,High
42,128.92,11,31,0.38,0.084,3,No,6.1,0.582,3.74,5.85,6.46,4.9,No,Medium,Mid
5,41.53,4,11,0.408,0.0312,1,Yes,5.1,0.443,2.22,6.28,6.45,5.6,No,Low,Mid
59,164.96,1,27,0.017,0.0,0,No,0.0,0.887,3.12,3.68,8.12,2.1,No,None,Low
24,76.45,7,6,0.065,0.1096,0,Yes,4.8,0.554,5.0,6.53,9.63,3.0,No,None,Low
41,136.06,1,33,0.081,0.0136,0,No,1.1,0.736,4.37,3.75,9.32,2.8,No,None,Low
22,43.9,12,23,0.05,0.0288,0,No,1.7,0.536,4.09,4.82,8.99,3.1,No,None,Low
26,115.59,20,7,0.216,0.096,2,No,3.5,0.608,2.92,6.48,6.27,3.8,No,Low,Low
51,74.5,13,118,0.088,0.1304,2,No,0.0,0.789,3.93,1.0,7.16,3.2,Yes,Low,Low
37,62.9,1,2,0.375,0.092,0,Yes,2.2,0.669,3.73,5.67,8.42,5.2,No,None,Mid
45,131.6,12,11,0.633,0.0096,0,No,5.5,0.335,3.79,6.68,8.76,6.6,No,None,High
29,51.96,8,27,0.252,0.0776,1,No,2.8,0.539,3.11,4.85,7.18,4.5,No,Low,Mid
36,62.68,19,29,0.176,0.0352,0,No,3.9,0.556,3.7,5.48,8.58,3.9,No,None,Low
20,75.23,11,3,0.47,0.1488,1,No,2.9,0.526,5.0,6.18,8.84,5.8,No,Low,High
18,53.81,10,111,0.403,0.1096,0,No,0.0,0.675,4.46,1.0,9.09,5.5,Yes,None,Mid
40,36.87,1,3,0.468,0.2264,2,No,2.7,0.38,4.8,5.78,7.71,6.1,No,Low,High
45,96.85,12,15,0.385,0.0472,0,No,0.0,0.451,5.0,4.65,9.84,5.1,No,None,Mid
41,114.26,31,16,0.213,0.2696,2,Yes,2.6,0.509,4.95,6.1,7.72,3.8,No,Low,Low
54,59.6,14,111,0.475,0.048,0,Yes,3.3,0.159,4.18,1.57,9.02,6.0,Yes,None,High
56,17.92,1,5,0.47,0.036,1,Yes,7.3,0.291,4.17,7.22,8.38,6.2,No,Low,High
56,251.08,29,47,0.239,0.304,3,No,1.4,0.631,1.94,4.08,3.93,3.2,Yes,Medium,Mid
15,59.83,1,18,0.37,0.1712,3,No,1.8,0.707,3.25,4.73,5.68,5.2,No,Medium,Mid
15,43.57,1,5,0.171,0.0352,1,No,7.1,0.736,4.83,7.15,9.05,3.9,No,Low,Low
24,45.15,13,50,0.562,0.0352,1,Yes,3.1,0.713,4.16,3.97,8.38,6.7,No,Low,High
29,77.8,15,39,0.299,0.16,3,No,3.2,0.492,3.04,4.62,5.51,4.6,No,Medium,Mid
54,40.08,41,117,0.582,0.1896,1,Yes,2.5,0.466,4.22,2.2,7.92,6.8,Yes,Low,High
17,187.2,9,13,0.254,0.0512,1,No,1.8,0.705,3.07,5.25,7.23,3.7,No,Low,Mid
49,149.74,13,1,0.406,0.0024,0,No,0.8,0.82,3.61,5.65,8.6,4.9,No,None,Mid
47,108.48,1,66,0.267,0.0184,0,No,1.0,0.334,4.0,2.07,8.94,4.2,Yes,None,Mid
25,336.77,7,35,0.06,0.088,0,No,5.2,0.805,3.74,5.22,8.45,1.4,No,None,Low
16,106.39,1,14,0.207,0.0096,3,No,2.2,0.628,3.05,5.07,6.02,3.8,No,Medium,Low
50,58.16,13,8,0.26,0.188,0,No,4.6,0.946,4.77,6.57,9.14,4.5,No,None,Mid
17,194.96,5,43,0.242,0.016,1,Yes,4.3,0.528,2.87,4.45,7.15,3.5,No,Low,Mid
47,171.51,24,9,0.455,0.1728,2,No,4.7,0.264,4.39,6.92,7.48,5.2,No,Low,High
47,1006.53,12,3,0.293,0.0216,0,No,5.0,0.527,5.0,6.92,9.93,2.1,No,None,Mid
21,25.88,1,3,0.52,0.0288,0,No,5.1,0.68,3.31,6.58,8.21,6.5,No,None,High
44,19.51,12,6,0.48,0.0288,1,No,3.8,0.483,4.76,6.37,9.0,6.2,No,Low,High
48,163.2,13,4,0.278,0.0072,0,Yes,3.2,0.258,4.07,6.3,9.05,4.0,No,None,Mid
27,64.27,1,146,0.319,0.0144,1,No,8.0,0.274,4.69,2.7,8.98,4.8,Yes,Low,Mid
54,125.4,14,3,0.041,0.0696,1,No,5.5,0.565,3.38,7.15,7.48,2.5,No,Low,Low
5,112.09,3,27,0.232,0.0088,0,No,1.3,0.967,5.0,4.18,9.97,4.0,No,None,Mid
22,30.22,6,49,0.246,0.0776,0,No,3.8,0.673,5.0,4.02,9.74,4.5,No,None,Mid
33,28.75,1,37,0.266,0.036,0,No,6.9,0.327,4.59,5.48,9.47,4.7,No,None,Mid
40,59.68,21,18,0.205,0.0392,0,No,6.0,0.285,3.38,6.8,8.25,4.1,No,None,Low
2,80.75,2,16,0.24,0.1728,0,No,3.2,0.474,3.95,5.33,8.37,4.2,No,None,Mid
35,109.56,1,43,0.346,0.0488,0,Yes,4.1,0.604,3.97,4.25,8.81,4.8,No,None,Mid
43,52.23,11,12,0.284,0.1632,0,Yes,3.8,0.543,4.0,6.03,8.46,4.7,No,None,Mid
19,46.75,5,17,0.349,0.0112,1,No,5.6,0.897,5.0,6.18,9.3,5.2,No,Low,Mid
40,78.85,11,22,0.53,0.2256,1,No,3.3,0.772,2.92,5.37,6.5,6.2,No,Low,High
27,16.79,7,14,0.558,0.0248,0,No,6.1,0.452,4.08,6.57,9.0,6.8,No,None,High
40,166.25,21,14,0.093,0.0992,4,No,2.0,0.616,1.12,5.67,3.12,2.7,No,Medium,Low
36,99.98,1,6,0.19,0.0104,0,No,1.8,0.5,4.42,5.33,9.39,3.7,No,None,Low
59,64.35,1,44,0.571,0.1032,2,No,0.1,0.678,2.66,2.87,5.98,6.6,Yes,Low,High
39,69.41,1,1,0.12,0.0752,0,No,1.3,0.52,5.0,5.42,9.75,3.4,No,None,Low
2,75.19,1,46,0.108,0.0176,2,No,2.3,0.576,3.18,3.5,6.79,3.3,Yes,Low,Low
41,69.36,21,11,0.146,0.0568,1,No,3.4,0.55,3.35,6.28,7.49,3.6,No,Low,Low
53,36.72,1,38,0.329,0.096,2,No,3.0,0.741,4.28,4.13,7.63,5.1,No,Low,Mid
18,102.21,1,4,0.222,0.1072,2,No,2.3,0.219,3.45,5.6,6.76,3.9,No,Low,Low
46,73.59,1,41,0.219,0.0024,2,No,2.1,0.831,1.71,3.68,5.37,4.1,No,Low,Low
23,42.03,1,7,0.345,0.0168,1,No,1.6,0.818,4.12,5.22,8.4,5.2,No,Low,Mid
54,40.72,28,94,0.304,0.0544,1,Yes,6.6,0.687,5.0,3.43,9.15,4.9,Yes,Low,Mid
26,81.97,1,12,0.475,0.1512,1,No,5.7,0.584,3.35,6.33,7.18,5.8,No,Low,High
11,57.03,1,9,0.331,0.064,0,No,3.7,0.591,3.83,5.82,8.62,5.0,No,None,Mid
48,131.71,13,11,0.348,0.0304,1,No,4.5,0.505,3.87,6.38,8.1,4.6,No,Low,Mid
1,123.94,1,16,0.423,0.0304,1,No,5.0,0.576,4.28,5.9,8.51,5.2,No,Low,Mid
36,54.41,1,5,0.274,0.072,1,Yes,4.3,0.829,2.97,6.22,7.06,4.6,No,Low,Mid
50,64.07,1,57,0.408,0.016,0,No,2.2,0.671,4.85,2.92,9.8,5.5,No,None,Mid
20,34.69,1,8,0.224,0.0584,2,No,0.0,0.521,3.12,4.63,6.59,4.4,No,Low,Low
31,64.7,32,9,0.251,0.0216,1,No,0.0,0.655,4.21,5.62,8.47,4.4,No,Low,Mid
8,61.42,1,13,0.468,0.0688,2,No,3.5,0.654,3.16,5.55,6.6,5.9,No,Low,High
40,36.2,11,4,0.55,0.0152,0,No,0.5,0.653,2.56,5.33,7.51,6.6,No,None,High
24,24.75,1,13,0.232,0.0648,0,No,4.4,0.273,5.0,5.85,9.78,4.5,No,None,Mid
54,191.24,14,40,0.283,0.0488,0,No,3.3,0.169,4.32,4.57,9.16,3.8,No,None,Mid
20,94.83,1,11,0.134,0.0408,0,No,4.2,0.818,4.45,5.88,9.31,3.4,No,None,Low
55,76.13,1,26,0.519,0.0968,0,Yes,2.6,0.57,5.0,4.6,9.68,6.2,No,None,High
15,23.87,1,52,0.471,0.0688,1,No,1.9,0.325,3.87,3.07,7.97,6.2,Yes,Low,High
30,64.41,1,23,0.259,0.0528,1,No,2.2,0.727,3.39,4.62,7.55,4.4,No,Low,Mid
20,52.6,6,17,0.234,0.2008,4,No,5.3,0.769,3.16,6.12,4.82,4.3,No,Medium,Mid
38,80.94,1,13,0.309,0.0504,0,No,1.6,0.701,5.0,4.92,9.83,4.7,No,None,Mid
2,48.24,2,12,0.158,0.1656,0,Yes,3.2,0.733,5.0,5.53,9.45,3.8,No,None,Low
6,105.33,1,59,0.227,0.0816,1,Yes,3.0,0.804,4.51,3.08,8.57,4.0,No,Low,Mid
42,61.99,1,13,0.062,0.2072,2,No,3.2,0.78,3.42,5.45,6.4,3.1,No,Low,Low
18,35.47,5,11,0.403,0.032,0,No,3.9,0.34,3.97,5.92,8.86,5.6,No,None,Mid
36,31.73,19,13,0.243,0.0576,0,No,0.8,0.398,5.0,5.25,9.81,4.5,No,None,Mid
14,125.85,8,37,0.117,0.1936,1,No,1.4,0.942,4.02,3.88,7.71,3.1,No,Low,Low
26,80.54,7,43,0.121,0.0,0,No,2.0,0.745,4.7,3.75,9.7,3.4,No,None,Low
34,71.92,1,49,0.038,0.0656,0,No,5.5,0.655,4.48,4.42,9.26,2.8,No,None,Low
54,34.53,14,5,0.367,0.0736,0,No,5.0,0.579,2.71,6.88,7.46,5.4,No,None,Mid
30,111.26,16,34,0.469,0.0048,0,No,0.8,0.624,4.15,4.1,9.13,5.6,No,None,High
7,123.87,1,41,0.254,0.1592,1,No,3.9,0.613,4.64,4.28,8.44,4.0,No,Low,Mid
59,99.12,15,42,0.444,0.016,1,Yes,2.9,0.708,2.53,4.37,6.81,5.5,No,Low,Mid
30,38.25,16,49,0.036,0.1632,0,No,2.1,0.428,4.01,3.78,8.47,3.0,No,None,Low
18,24.78,1,18,0.274,0.0016,0,No,1.8,0.5,3.98,4.73,8.97,4.8,No,None,Mid
22,15.37,12,34,0.248,0.048,2,Yes,1.2,0.511,2.4,4.1,5.91,4.6,No,Low,Mid
17,45.29,5,73,0.216,0.1456,3,No,6.3,0.582,2.77,3.62,5.28,4.2,Yes,Medium,Low
31,30.37,1,54,0.444,0.052,0,No,6.7,0.417,3.49,4.57,8.32,5.9,No,None,Mid
56,89.29,15,22,0.221,0.0336,0,Yes,2.9,0.724,4.41,5.37,9.3,4.0,No,None,Low
17,95.3,1,76,0.179,0.0592,0,No,0.0,0.551,2.94,1.23,7.74,3.7,Yes,None,Low
31,90.45,8,6,0.131,0.0672,1,No,3.3,0.454,3.84,6.07,7.95,3.4,No,Low,Low
13,166.29,1,51,0.091,0.1408,2,No,5.2,0.451,4.16,4.22,7.36,2.6,No,Low,Low
27,30.73,1,3,0.3,0.0184,1,No,5.1,0.711,3.41,6.58,7.68,4.9,No,Low,Mid
20,113.01,11,1,0.834,0.0584,3,No,4.6,0.472,3.06,6.85,5.87,8.2,No,Medium,Extreme
17,152.98,5,75,0.482,0.1024,1,No,4.2,0.414,4.67,2.82,8.66,5.5,Yes,Low,High
29,15.46,1,69,0.157,0.048,1,No,3.4,0.708,4.36,2.72,8.53,4.0,Yes,Low,Low
39,40.19,10,45,0.467,0.0344,1,No,0.5,0.8,5.0,3.25,9.22,6.0,No,Low,High
35,75.39,18,55,0.4,0.0144,1,No,5.4,0.664,4.38,4.65,8.67,5.3,No,Low,Mid
8,68.27,5,15,0.09,0.1032,0,No,2.0,0.237,4.33,5.08,8.99,3.2,No,None,Low
43,34.64,33,5,0.315,0.1408,1,Yes,1.8,0.52,3.35,6.45,7.21,5.0,No,Low,Mid
38,20.7,10,13,0.204,0.0136,0,No,2.9,0.814,4.15,5.65,9.1,4.3,No,None,Low
15,32.56,1,43,0.203,0.004,2,No,1.9,0.739,3.08,3.52,6.73,4.2,Yes,Low,Low
50,72.8,1,4,0.312,0.068,1,No,1.7,0.471,4.92,5.4,9.03,4.7,No,Low,Mid
1,28.35,1,24,0.309,0.1512,1,No,4.9,0.399,2.45,5.47,6.28,5.0,No,Low,Mid
33,178.98,1,78,0.264,0.0848,1,No,4.4,0.417,3.89,2.6,7.94,3.8,Yes,Low,Mid
3,43.75,1,11,0.393,0.0136,0,No,1.4,0.839,4.49,4.95,9.44,5.5,No,None,Mid
39,45.27,10,45,0.341,0.0104,1,No,0.4,0.63,2.06,3.22,6.36,5.1,Yes,Low,Mid
38,65.83,20,11,0.292,0.068,1,Yes,3.2,0.214,3.81,6.18,7.92,4.6,No,Low,Mid
48,83.92,1,35,0.287,0.0264,0,No,1.3,0.816,3.84,3.72,8.75,4.5,No,None,Mid
15,70.33,4,0,0.095,0.064,2,No,0.0,0.313,2.71,5.13,6.16,3.2,No,Low,Low
42,22.12,11,39,0.106,0.0848,1,No,4.5,0.573,4.31,4.92,8.36,3.6,No,Low,Low
18,38.25,10,13,0.236,0.0368,2,Yes,3.5,0.425,4.48,5.85,8.02,4.4,No,Low,Mid
38,132.26,20,15,0.322,0.0096,1,No,4.3,0.869,4.0,6.35,8.3,4.5,No,Low,Mid
31,224.46,1,26,0.077,0.1096,3,No,1.4,0.526,2.81,4.2,5.44,2.2,No,Medium,Low
20,51.77,1,22,0.114,0.0624,0,No,0.0,0.481,4.23,3.93,9.02,3.5,No,None,Low
59,71.23,15,61,0.238,0.0176,1,No,3.6,0.532,2.81,3.65,7.08,4.2,Yes,Low,Mid
7,135.22,8,1,0.213,0.044,2,Yes,3.0,0.53,4.13,6.22,7.65,3.7,No,Low,Low
37,31.8,28,2,0.374,0.1568,2,No,1.4,0.849,4.06,6.3,7.2,5.4,No,Low,Mid
27,50.76,7,1,0.241,0.1232,1,No,3.1,0.333,3.72,6.22,7.64,4.4,No,Low,Mid
8,25.43,1,59,0.219,0.2376,0,No,5.7,0.593,4.06,3.98,8.27,4.4,Yes,None,Low
14,125.12,1,5,0.235,0.1616,2,Yes,0.3,0.538,2.33,4.88,5.46,3.9,No,Low,Mid
50,45.99,1,24,0.299,0.0424,1,No,2.4,0.744,4.18,4.63,8.37,4.8,No,Low,Mid
15,14.86,1,1,0.096,0.1224,0,No,1.7,0.654,3.42,5.55,8.01,3.6,No,None,Low
7,57.5,2,3,0.584,0.0952,2,No,3.6,0.572,2.29,6.12,5.64,6.7,No,Low,High
33,47.08,1,18,0.222,0.0616,3,No,7.5,0.64,3.34,6.63,6.13,4.3,No,Medium,Low
52,90.84,14,50,0.193,0.1456,2,No,2.7,0.252,3.13,3.87,6.31,3.8,Yes,Low,Low
34,105.29,1,7,0.266,0.0112,0,No,3.3,0.669,3.39,5.78,8.35,4.2,No,None,Mid
4,31.92,3,36,0.288,0.0712,1,No,3.1,0.454,4.25,4.33,8.35,4.8,No,Low,Mid
1,39.39,1,21,0.297,0.0024,0,No,2.5,0.86,4.1,4.82,9.09,4.8,No,None,Mid
41,143.67,1,15,0.401,0.0376,1,No,2.9,0.782,3.97,5.25,8.18,4.9,No,Low,Mid
14,47.94,1,5,0.203,0.0296,1,No,0.5,0.453,4.06,4.95,8.29,4.1,No,Low,Low
31,109.87,24,27,0.084,0.0176,1,No,3.2,0.398,4.61,5.52,8.88,2.9,No,Low,Low
38,109.71,10,3,0.397,0.012,1,Yes,6.1,0.504,4.62,7.22,8.91,5.1,No,Low,Mid
50,43.57,13,30,0.336,0.0048,0,No,3.1,0.388,3.93,4.97,8.91,5.1,No,None,Mid
53,176.73,1,27,0.125,0.0096,1,Yes,2.2,0.841,4.3,4.42,8.6,2.8,No,Low,Low
20,43.64,6,10,0.213,0.2376,1,No,4.1,0.531,4.95,6.07,8.49,4.2,No,Low,Low
3,142.39,1,7,0.476,0.0832,1,No,3.9,0.229,2.21,5.98,6.27,5.5,No,Low,High
35,109.74,9,28,0.074,0.1744,2,No,0.0,0.717,3.33,3.9,6.42,2.9,No,Low,Low
46,71.65,12,7,0.434,0.0296,0,No,3.7,0.443,4.41,6.28,9.31,5.6,No,None,Mid
33,109.75,1,12,0.136,0.0568,0,No,3.0,0.76,4.33,5.43,9.14,3.3,No,None,Low
15,60.88,1,22,0.212,0.1728,0,No,2.1,0.865,5.0,4.63,9.42,4.1,No,None,Low
3,80.98,2,34,0.323,0.0256,0,No,0.4,0.597,4.36,3.5,9.27,4.8,No,None,Mid
28,47.21,15,20,0.619,0.0816,1,No,3.1,0.523,5.0,5.53,9.06,7.0,No,Low,High
27,76.96,7,32,0.733,0.0704,1,No,1.9,0.814,4.65,4.27,8.75,7.7,No,Low,Extreme
47,74.3,12,5,0.455,0.1176,0,No,3.0,0.318,4.38,6.15,8.99,5.7,No,None,High
47,48.46,12,16,0.282,0.0104,0,No,3.9,0.681,3.93,5.9,8.9,4.7,No,None,Mid
33,95.34,17,18,0.32,0.196,1,No,3.0,0.483,3.49,5.67,7.17,4.7,No,Low,Mid
19,11.28,5,49,0.288,0.0728,0,No,6.9,0.558,2.04,5.02,6.8,4.9,No,None,Mid
56,84.22,43,30,0.288,0.0112,1,Yes,4.3,0.767,4.84,6.37,9.14,4.5,No,Low,Mid
58,138.42,15,1,0.273,0.0128,0,Yes,0.0,0.729,4.57,5.45,9.53,4.1,No,None,Mid
33,68.74,1,13,0.376,0.0504,2,No,1.9,0.354,4.24,5.02,7.74,5.2,No,Low,Mid
31,77.25,1,2,0.183,0.0664,1,No,0.2,0.563,3.39,5.0,7.5,3.8,No,Low,Low
4,14.32,6,47,0.279,0.3248,1,No,5.0,0.926,3.81,4.52,7.06,4.9,No,Low,Mid
32,156.76,17,9,0.223,0.0488,0,No,0.9,0.602,4.5,5.42,9.34,3.6,No,None,Low
42,112.29,22,5,0.405,0.0016,0,No,7.0,0.816,5.0,7.82,9.99,5.2,No,None,Mid
28,48.86,29,0,0.744,0.0784,1,No,2.3,0.851,2.48,6.73,6.55,7.9,No,Low,Extreme
56,129.14,29,58,0.205,0.2352,1,Yes,0.8,0.944,4.27,3.33,7.82,3.7,No,Low,Low
16,85.15,1,32,0.179,0.072,0,No,3.8,0.446,4.22,4.7,8.98,3.7,No,None,Low
49,127.51,1,77,0.419,0.028,1,No,4.3,0.439,4.24,2.62,8.48,5.2,Yes,Low,Mid
43,55.25,1,2,0.21,0.0688,1,No,3.4,0.717,4.41,6.07,8.51,4.1,No,Low,Low
28,14.72,8,13,0.569,0.092,3,Yes,3.5,0.882,2.26,5.78,4.95,6.9,No,Medium,High
15,115.5,1,8,0.312,0.0192,0,No,3.1,0.515,5.0,5.67,9.94,4.5,No,None,Mid
48,48.52,37,42,0.338,0.0048,1,No,3.1,0.633,4.51,5.17,8.83,5.1,No,Low,Mid
22,51.57,6,1,0.359,0.044,1,Yes,2.2,0.646,4.43,5.88,8.62,5.2,No,Low,Mid
31,30.38,39,11,0.22,0.0408,1,No,3.0,0.67,2.92,6.75,7.12,4.4,No,Low,Low
60,139.58,1,14,0.234,0.08,3,No,6.3,0.876,2.35,6.43,5.08,3.8,No,Medium,Mid
21,23.57,11,134,0.159,0.0384,1,No,5.4,0.804,4.31,2.17,8.52,4.0,Yes,Low,Low
32,53.42,9,27,0.142,0.0248,1,No,3.7,0.482,3.09,5.18,7.34,3.7,No,Low,Low
7,31.46,2,94,0.499,0.048,0,No,2.3,0.937,5.0,1.13,9.84,6.3,Yes,None,High
33,34.68,17,211,0.58,0.0352,0,Yes,4.9,0.719,3.92,2.2,8.8,6.9,Yes,None,High
8,56.95,1,21,0.388,0.0376,1,No,3.3,0.498,4.41,5.08,8.62,5.4,No,Low,Mid
14,43.86,8,26,0.361,0.0016,0,No,4.3,0.74,3.48,5.4,8.47,5.3,No,None,Mid
57,159.96,1,18,0.073,0.0784,0,No,2.1,0.827,5.0,4.83,9.74,2.6,No,None,Low
25,46.14,13,54,0.478,0.0024,0,No,4.8,0.648,4.28,4.33,9.27,6.1,No,None,High
32,68.02,17,14,0.237,0.088,1,No,4.5,0.546,3.69,6.37,7.73,4.3,No,Low,Mid
28,60.2,1,39,0.556,0.0416,0,No,1.0,0.659,3.97,3.42,8.83,6.5,No,None,High
2,108.74,1,31,0.325,0.0064,1,No,4.1,0.2,3.53,4.85,7.84,4.6,No,Low,Mid
17,129.54,5,23,0.569,0.0552,1,No,1.7,0.792,4.29,4.58,8.44,6.2,No,Low,High
27,21.85,1,16,0.403,0.0136,1,No,3.1,0.625,4.87,5.27,9.16,5.7,No,Low,Mid
2,96.95,1,24,0.3,0.1152,0,No,3.6,0.493,4.47,5.03,9.09,4.5,No,None,Mid
8,47.21,1,64,0.34,0.0392,1,No,3.1,0.648,3.73,2.87,7.93,5.1,Yes,Low,Mid
38,80.29,1,0,0.429,0.076,2,No,4.7,0.633,3.63,6.6,7.04,5.5,No,Low,Mid
20,77.69,16,13,0.162,0.036,1,No,3.8,0.473,3.98,6.15,8.19,3.7,No,Low,Low
49,60.71,13,7,0.309,0.0144,0,No,3.1,0.592,3.22,6.12,8.17,4.8,No,None,Mid
37,95.37,10,1,0.443,0.0016,0,No,2.4,0.592,5.0,6.08,9.99,5.5,No,None,Mid
57,250.42,15,26,0.309,0.3016,3,Yes,0.8,0.586,2.75,4.47,4.74,3.7,No,Medium,Mid
21,21.04,1,21,0.205,0.0992,2,No,3.8,0.684,3.09,5.25,6.43,4.3,No,Low,Low
26,76.26,7,4,0.281,0.0632,0,No,4.4,0.68,5.0,6.5,9.79,4.5,No,None,Mid
31,42.02,8,36,0.158,0.052,1,No,0.7,0.952,5.0,3.7,9.16,3.9,No,Low,Low
20,97.32,1,2,0.256,0.0816,0,No,1.5,0.783,3.92,5.43,8.65,4.2,No,None,Mid
6,86.47,1,1,0.336,0.1144,2,No,0.0,0.667,3.13,4.98,6.42,4.8,No,Low,Mid
50,84.25,1,3,0.508,0.0632,2,No,1.9,0.635,4.56,5.52,8.02,6.1,No,Low,High
15,54.37,1,14,0.525,0.016,1,No,6.1,0.596,5.0,6.37,9.28,6.3,No,Low,High
57,80.11,15,34,0.739,0.0184,0,Yes,1.0,0.587,3.73,4.13,8.67,7.7,No,None,Extreme
1,109.39,1,14,0.118,0.0096,0,No,3.9,0.693,2.59,5.63,7.56,3.2,No,None,Low
26,63.91,14,10,0.108,0.0424,0,No,4.6,0.794,3.41,6.5,8.27,3.4,No,None,Low
29,77.96,22,9,0.601,0.0608,1,No,0.1,0.408,4.45,5.32,8.58,6.7,No,Low,High
2,57.73,1,55,0.542,0.0656,1,No,2.8,0.677,5.0,3.22,9.11,6.4,No,Low,High
22,52.15,12,28,0.146,0.1376,2,No,0.8,0.628,3.4,4.27,6.61,3.7,No,Low,Low
60,65.18,1,9,0.425,0.1928,1,No,2.7,0.599,4.88,5.48,8.57,5.6,No,Low,Mid
29,38.45,22,86,0.266,0.1128,1,No,1.1,0.824,5.0,1.8,8.96,4.6,Yes,Low,Mid
9,62.69,1,8,0.346,0.108,0,No,5.1,0.675,3.93,6.33,8.57,5.0,No,None,Mid
41,63.88,31,25,0.213,0.024,1,Yes,0.4,0.428,3.6,4.92,7.85,4.1,No,Low,Low
21,64.7,6,7,0.228,0.04,0,Yes,2.8,0.49,2.77,5.78,7.64,4.2,No,None,Mid
55,62.54,28,3,0.046,0.0016,0,No,1.0,0.549,4.65,6.12,9.64,2.9,No,None,Low
57,108.26,1,47,0.041,0.0632,0,No,1.0,0.612,3.93,3.02,8.72,2.6,Yes,None,Low
32,41.13,1,6,0.447,0.0096,1,No,1.5,0.505,4.58,5.23,8.88,5.9,No,Low,Mid
32,152.28,1,7,0.115,0.0376,0,No,5.2,0.463,2.98,6.42,7.85,2.9,No,None,Low
47,17.61,1,96,0.458,0.0288,2,No,1.1,0.83,4.33,1.0,7.9,6.1,Yes,Low,High
44,42.48,23,15,0.33,0.008,1,Yes,4.1,0.455,4.65,6.38,8.96,5.1,No,Low,Mid
40,75.71,11,43,0.328,0.0592,0,No,3.9,0.725,5.0,4.52,9.8,4.8,No,None,Mid
26,83.34,7,35,0.034,0.0312,0,No,1.7,0.235,3.17,4.05,8.07,2.7,No,None,Low
48,50.81,1,38,0.267,0.02,1,No,0.5,0.771,4.2,3.3,8.47,4.6,No,Low,Mid
13,69.02,14,6,0.223,0.0392,1,No,3.7,0.639,4.88,6.4,9.08,4.1,No,Low,Low
3,157.76,1,20,0.245,0.0224,1,No,5.6,0.549,4.36,5.9,8.62,3.8,No,Low,Mid
32,75.99,17,31,0.305,0.1376,1,Yes,1.6,0.792,3.04,4.55,6.91,4.7,No,Low,Mid
33,87.48,9,96,0.648,0.084,3,Yes,1.4,0.909,2.3,1.0,5.02,7.0,Yes,Medium,High
33,111.16,9,1,0.269,0.0736,1,No,3.9,0.805,3.82,6.55,7.91,4.2,No,Low,Mid
42,79.52,11,7,0.2,0.1096,0,No,4.2,0.452,4.49,6.42,9.12,3.9,No,None,Low
42,219.04,1,3,0.093,0.0256,1,No,6.0,0.824,3.3,6.88,7.55,2.3,No,Low,Low
13,45.19,7,9,0.296,0.0072,0,No,4.6,0.753,3.6,6.32,8.58,4.8,No,None,Mid
43,146.45,1,31,0.5,0.0488,0,No,6.3,0.338,5.0,5.58,9.84,5.6,No,None,High
6,181.43,2,60,0.628,0.1256,0,No,0.0,0.697,3.91,2.07,8.49,6.3,Yes,None,High
4,39.25,4,6,0.175,0.0128,1,No,3.4,0.818,4.53,5.97,8.82,4.0,No,Low,Low
38,170.51,1,19,0.511,0.1136,2,No,5.3,0.511,3.02,5.85,6.31,5.6,No,Low,High
6,59.08,2,56,0.104,0.1336,2,No,3.1,0.974,3.27,3.3,6.49,3.4,Yes,Low,Low
51,41.22,1,5,0.158,0.0344,0,Yes,1.7,0.483,3.66,5.35,8.55,3.9,No,None,Low
3,109.05,2,9,0.175,0.052,2,Yes,4.9,0.58,3.78,6.25,7.27,3.6,No,Low,Low
27,74.76,14,147,0.232,0.0824,2,No,2.7,0.5,3.4,1.37,6.79,4.2,Yes,Low,Mid
40,30.64,11,1,0.099,0.0144,2,No,3.1,0.633,2.77,6.35,6.39,3.5,No,Low,Low
20,64.68,1,5,0.188,0.0384,0,No,5.7,0.713,5.0,6.68,9.87,3.9,No,None,Low
18,162.85,1,71,0.121,0.0624,1,No,2.1,0.6,3.91,2.18,8.04,2.9,Yes,Low,Low
20,76.27,6,30,0.49,0.0416,0,No,3.2,0.284,3.86,4.77,8.72,6.0,No,None,High
30,138.34,1,5,0.475,0.128,1,No,4.7,0.311,3.54,6.35,7.45,5.5,No,Low,High
10,49.56,3,7,0.225,0.076,0,No,0.2,0.416,4.61,4.82,9.36,4.3,No,None,Low
52,64.66,1,28,0.298,0.012,1,No,3.6,0.249,3.04,4.83,7.33,4.7,No,Low,Mid
23,58.47,18,26,0.316,0.2168,1,No,3.5,0.319,3.68,5.47,7.29,4.9,No,Low,Mid
47,29.47,24,36,0.205,0.0248,0,No,5.7,0.551,3.93,5.9,8.85,4.3,No,None,Low
3,88.22,1,19,0.124,0.0112,0,Yes,1.9,0.871,5.0,4.72,9.96,3.3,No,None,Low
52,36.55,40,4,0.272,0.0136,0,No,1.2,0.645,3.21,6.53,8.16,4.7,No,None,Mid
50,61.99,38,70,0.175,0.2616,0,No,3.1,0.671,2.99,3.8,7.12,3.9,Yes,None,Low
58,38.19,1,46,0.186,0.2104,5,No,0.0,0.411,2.94,2.73,3.91,4.1,Yes,Medium,Low
9,71.42,5,86,0.332,0.0264,2,No,4.7,0.82,2.74,2.43,6.32,4.9,Yes,Low,Mid
49,23.21,1,45,0.349,0.0328,0,No,1.8,0.437,3.66,3.38,8.55,5.3,No,None,Mid
19,82.8,1,47,0.121,0.1208,4,No,1.2,0.532,3.72,3.08,5.65,3.4,Yes,Medium,Low
36,46.81,19,14,0.466,0.1136,2,No,0.8,0.638,2.98,5.2,6.27,6.0,No,Low,High
40,100.53,11,33,0.692,0.0064,0,No,1.8,0.64,2.85,4.32,7.83,7.2,No,None,Extreme
27,36.16,14,23,0.076,0.008,1,No,2.9,0.269,4.41,5.28,8.72,3.3,No,Low,Low
42,28.49,11,3,0.282,0.0488,1,Yes,5.2,0.835,3.56,6.95,7.73,4.8,No,Low,Mid
28,34.44,1,26,0.448,0.128,0,No,4.0,0.598,3.99,5.07,8.56,5.9,No,None,Mid
43,22.04,1,15,0.234,0.1136,0,No,2.9,0.472,3.75,5.25,8.37,4.5,No,None,Mid
51,53.13,26,17,0.082,0.0304,1,No,3.7,0.736,3.89,6.25,8.12,3.3,No,Low,Low
8,38.51,1,41,0.544,0.0248,1,No,0.0,0.711,3.28,2.98,7.53,6.6,Yes,Low,High
42,112.84,11,52,0.289,0.012,0,Yes,2.2,0.811,4.11,3.5,9.07,4.3,No,None,Mid
48,35.47,25,7,0.091,0.2288,2,Yes,4.1,0.382,3.85,6.85,6.75,3.4,No,Low,Low
8,125.69,3,6,0.346,0.0408,1,No,2.3,0.736,3.89,5.57,8.09,4.7,No,Low,Mid
18,169.14,1,39,0.257,0.0264,1,No,0.8,0.848,5.0,3.35,9.25,3.8,No,Low,Mid
59,95.73,15,7,0.56,0.2696,2,Yes,2.9,0.786,4.58,6.12,7.35,6.3,No,Low,High
21,59.88,6,41,0.332,0.12,1,No,1.2,0.986,3.61,3.55,7.54,5.0,No,Low,Mid
46,29.57,1,24,0.174,0.0368,1,No,2.3,0.444,4.01,4.6,8.22,4.0,No,Low,Low
13,174.46,1,29,0.16,0.0048,2,No,3.1,0.69,2.3,4.62,5.95,3.1,No,Low,Low
27,67.57,14,56,0.12,0.0064,0,Yes,4.3,0.408,3.9,4.1,8.88,3.4,No,None,Low
47,78.51,1,51,0.212,0.1408,2,Yes,7.6,0.546,2.85,5.02,6.05,4.0,No,Low,Low
60,63.06,1,6,0.111,0.1352,0,No,4.9,0.877,4.57,6.37,9.12,3.4,No,None,Low
40,222.1,11,15,0.387,0.1448,0,No,2.7,0.414,3.86,5.52,8.38,4.4,No,None,Mid
53,177.8,1,31,0.363,0.1592,0,No,0.3,0.913,4.08,3.58,8.55,4.5,No,None,Mid
16,33.6,5,25,0.127,0.024,2,Yes,7.8,0.385,3.32,6.52,6.91,3.7,No,Low,Low
40,16.29,1,5,0.443,0.0808,1,No,0.6,0.156,3.08,4.98,7.14,6.0,No,Low,Mid
9,55.93,3,25,0.336,0.0192,0,No,0.8,0.43,4.64,4.12,9.58,5.0,No,None,Mid
27,39.96,7,32,0.294,0.0464,1,No,0.6,0.228,3.73,3.83,7.91,4.8,No,Low,Mid
17,172.34,1,6,0.155,0.012,0,No,0.0,0.848,5.0,4.73,9.96,3.1,No,None,Low
3,68.82,1,18,0.141,0.3088,1,No,5.7,0.59,4.57,6.03,7.87,3.6,No,Low,Low
56,43.36,15,3,0.053,0.0264,1,No,0.0,0.491,4.71,5.35,8.96,3.1,No,Low,Low
53,60.05,1,2,0.449,0.0208,0,No,1.3,0.521,3.95,5.37,8.88,5.8,No,None,Mid
4,101.3,2,22,0.114,0.004,0,No,4.1,0.589,4.91,5.33,9.9,3.2,No,None,Low
40,44.93,11,101,0.298,0.0272,1,No,4.7,0.658,4.79,1.93,9.03,4.8,Yes,Low,Mid
52,48.35,27,5,0.278,0.0392,0,No,1.6,0.783,3.4,6.18,8.27,4.7,No,None,Mid
56,61.89,15,10,0.592,0.028,2,Yes,1.7,0.879,2.87,5.57,6.44,6.8,No,Low,High
1,28.91,1,56,0.463,0.0608,2,Yes,2.8,0.876,4.92,3.17,8.38,6.1,No,Low,High
14,51.18,4,72,0.122,0.0352,0,No,0.6,0.722,3.31,1.73,8.19,3.5,Yes,None,Low
8,166.89,3,51,0.213,0.1216,0,No,2.8,0.447,4.74,3.48,9.33,3.5,No,None,Low
7,70.56,2,148,0.508,0.02,0,No,6.8,0.632,2.17,2.33,7.1,6.1,Yes,None,High
30,45.62,23,1,0.493,0.0488,1,No,5.1,0.735,3.58,7.42,7.75,6.2,No,Low,High
25,88.89,26,89,0.224,0.0304,1,No,0.0,0.785,3.14,1.42,7.37,4.0,Yes,Low,Low
39,44.53,1,9,0.159,0.1504,1,Yes,3.5,0.722,4.71,5.75,8.54,3.8,No,Low,Low
16,53.97,5,18,0.153,0.1496,0,No,5.2,0.706,3.18,6.0,7.68,3.7,No,None,Low
11,30.92,1,4,0.668,0.0064,1,No,3.7,0.763,2.49,6.07,6.8,7.5,No,Low,High
25,94.78,7,3,0.097,0.0664,0,No,2.8,0.858,3.79,6.02,8.57,3.1,No,None,Low
33,62.0,1,47,0.517,0.1552,3,No,1.5,0.715,2.43,3.18,4.91,6.2,Yes,Medium,High
54,20.16,28,2,0.409,0.1784,0,Yes,5.0,0.452,5.0,7.5,9.41,5.7,No,None,Mid
52,27.49,14,8,0.216,0.0024,1,Yes,2.9,0.478,3.46,6.03,7.79,4.3,No,Low,Low
51,54.29,1,30,0.51,0.0256,0,No,2.4,0.685,3.46,4.33,8.37,6.2,No,None,High
48,149.07,1,68,0.183,0.032,0,No,2.6,0.69,3.09,2.5,7.98,3.4,Yes,None,Low
21,90.61,6,8,0.224,0.1168,1,No,2.3,0.755,2.72,5.57,6.66,4.0,No,Low,Low
52,18.33,14,3,0.586,0.0096,2,No,0.0,0.595,4.53,5.32,8.16,7.0,No,Low,High
52,68.04,14,46,0.123,0.0224,0,No,6.0,0.637,3.91,5.17,8.84,3.5,No,None,Low
10,59.72,6,24,0.128,0.0728,0,No,3.8,0.655,4.44,5.27,9.2,3.5,No,None,Low
56,24.58,1,12,0.481,0.0528,0,No,2.4,0.825,4.61,5.23,9.43,6.2,No,None,High
50,36.12,13,2,0.681,0.0568,2,No,7.3,0.801,5.0,7.77,8.48,7.6,No,Low,Extreme
9,64.41,3,41,0.288,0.0152,1,No,4.1,0.261,3.34,4.42,7.62,4.6,No,Low,Mid
1,60.19,1,19,0.021,0.0248,1,No,0.4,0.804,3.35,4.22,7.6,2.8,No,Low,Low
34,64.05,1,26,0.205,0.02,0,No,3.7,0.293,5.0,4.97,9.93,4.1,No,None,Low
31,40.87,8,5,0.034,0.0464,0,No,3.7,0.292,4.17,6.25,9.02,3.0,No,None,Low
21,54.37,11,34,0.155,0.0032,1,No,2.5,0.81,2.84,4.5,7.16,3.8,No,Low,Low
24,53.73,13,17,0.405,0.0088,0,No,5.9,0.827,4.4,6.55,9.37,5.5,No,None,Mid
19,376.34,5,80,0.31,0.244,3,No,4.8,0.89,3.2,2.77,5.39,2.9,Yes,Medium,Mid
48,68.6,13,6,0.462,0.0592,0,No,7.3,0.412,5.0,7.57,9.8,5.8,No,None,High
60,57.95,1,61,0.252,0.1168,2,Yes,0.5,0.735,4.04,2.15,7.32,4.4,Yes,Low,Mid
60,30.44,1,1,0.321,0.168,5,No,3.2,0.701,3.47,6.05,4.58,5.1,No,Medium,Mid
21,40.21,1,54,0.365,0.0728,1,No,6.0,0.648,3.61,4.33,7.7,5.3,No,Low,Mid
25,124.31,19,76,0.3,0.0224,0,Yes,6.0,0.537,4.22,3.83,9.15,4.4,No,None,Mid
20,60.23,11,9,0.419,0.0032,0,No,0.8,0.514,3.87,5.18,8.86,5.6,No,None,Mid
53,77.7,1,12,0.06,0.2448,1,No,2.8,0.298,3.22,5.37,6.74,3.0,No,Low,Low
26,94.0,1,26,0.395,0.02,0,No,0.0,0.785,2.99,3.73,7.92,5.2,No,None,Mid
7,97.46,2,93,0.173,0.0168,0,No,3.2,0.195,3.58,1.48,8.52,3.6,Yes,None,Low
3,31.86,1,6,0.19,0.0536,2,No,2.6,0.85,4.4,5.6,7.89,4.1,No,Low,Low
40,72.93,31,5,0.037,0.0272,0,No,3.2,0.618,2.87,6.85,7.78,2.8,No,None,Low
56,39.11,29,13,0.29,0.1944,0,No,5.0,0.457,3.51,6.98,7.86,4.8,No,None,Mid
48,77.83,13,6,0.372,0.032,1,No,2.2,0.385,4.57,5.87,8.8,5.1,No,Low,Mid
8,31.3,1,96,0.427,0.14,1,No,5.3,0.33,3.45,2.0,7.32,5.8,Yes,Low,Mid
53,73.07,27,43,0.289,0.0344,1,Yes,0.4,0.725,2.75,3.88,6.97,4.6,No,Low,Mid
30,40.83,1,101,0.221,0.128,2,No,1.6,0.646,3.95,1.0,7.19,4.3,Yes,Low,Low
11,45.4,1,32,0.231,0.0008,3,Yes,0.5,0.669,3.02,3.6,6.02,4.3,No,Medium,Mid
8,83.14,1,16,0.222,0.0624,0,No,2.7,0.489,4.49,5.13,9.28,4.1,No,None,Low
57,34.2,1,11,0.073,0.0144,0,No,2.1,0.627,4.65,5.18,9.6,3.3,No,None,Low
37,297.41,1,41,0.153,0.0048,0,No,5.5,0.28,4.26,4.82,9.24,2.3,No,None,Low
17,71.47,9,51,0.455,0.208,3,No,2.8,0.48,2.22,3.68,4.53,5.8,Yes,Medium,High
8,57.05,3,1,0.31,0.2016,3,Yes,0.5,0.491,1.85,5.22,4.18,4.8,No,Medium,Mid
47,106.45,12,16,0.13,0.08,0,No,3.7,0.717,4.68,5.83,9.41,3.3,No,None,Low
44,163.96,34,119,0.217,0.0592,2,No,2.9,0.604,3.29,2.1,6.76,3.5,Yes,Low,Low
30,60.75,16,73,0.143,0.0176,0,No,0.0,0.473,3.26,1.88,8.2,3.6,Yes,None,Low
43,144.99,11,5,0.481,0.1384,0,Yes,3.5,0.777,4.12,6.28,8.66,5.5,No,None,High
43,215.12,1,8,0.272,0.04,3,No,3.6,0.203,5.0,5.83,7.87,3.6,No,Medium,Mid
16,49.32,1,7,0.145,0.1528,1,No,4.4,0.605,3.09,6.15,6.91,3.7,No,Low,Low
55,123.29,14,30,0.578,0.0536,0,No,8.8,0.747,3.05,6.9,7.87,6.3,No,None,High
4,122.5,1,20,0.45,0.2136,0,No,5.3,0.551,5.0,5.8,9.29,5.4,No,None,High
21,117.4,6,23,0.312,0.0224,0,No,2.0,0.455,4.06,4.72,8.99,4.5,No,None,Mid
50,47.24,13,25,0.123,0.0312,0,Yes,5.6,0.812,4.11,6.05,9.01,3.6,No,None,Low
34,129.93,9,6,0.202,0.0672,0,No,0.6,0.82,4.96,5.2,9.74,3.6,No,None,Low
40,64.79,11,27,0.342,0.0456,1,No,4.3,0.492,3.91,5.45,8.09,5.0,No,Low,Mid
35,38.65,1,144,0.357,0.0088,1,No,2.9,0.375,2.55,1.0,6.85,5.3,Yes,Low,Mid
13,27.34,4,28,0.57,0.0904,1,No,4.0,0.699,5.0,5.07,9.03,6.8,No,Low,High
43,59.03,1,12,0.518,0.0368,0,No,4.4,0.626,4.94,5.9,9.82,6.3,No,None,High
27,35.71,7,28,0.636,0.008,0,No,4.1,0.959,5.0,5.2,9.97,7.2,No,None,High
8,42.65,1,29,0.445,0.0016,0,No,6.2,0.496,4.16,5.65,9.15,5.9,No,None,Mid
41,134.37,11,20,0.097,0.1312,1,Yes,1.7,0.477,4.72,4.93,8.62,2.9,No,Low,Low
42,79.06,1,23,0.466,0.0008,1,No,1.9,0.806,3.53,4.52,7.86,5.8,No,Low,High
29,89.26,1,28,0.549,0.0912,2,No,1.2,0.715,3.24,4.03,6.6,6.3,No,Low,High
16,74.0,1,40,0.232,0.0056,0,No,6.4,0.86,4.49,5.17,9.47,4.2,No,None,Mid
43,110.3,11,11,0.265,0.0072,1,No,3.7,0.418,4.21,6.05,8.52,4.2,No,Low,Mid
53,92.13,1,21,0.1,0.0872,2,No,0.3,0.468,3.44,4.08,6.82,3.1,No,Low,Low
46,84.29,1,51,0.345,0.0608,1,No,3.8,0.189,3.87,3.75,8.0,4.9,No,Low,Mid
5,79.3,6,25,0.163,0.004,1,No,2.8,0.333,4.05,4.88,8.37,3.7,No,Low,Low
37,33.59,10,61,0.414,0.0944,1,No,2.4,0.808,5.0,3.08,9.02,5.7,No,Low,Mid
40,98.16,41,17,0.165,0.0344,1,No,1.6,0.39,3.87,6.05,8.09,3.6,No,Low,Low
40,74.17,21,19,0.149,0.14,0,No,5.0,0.936,5.0,6.42,9.53,3.6,No,None,Low
42,128.37,1,6,0.127,0.04,1,Yes,0.8,0.697,4.36,5.0,8.56,3.1,No,Low,Low
60,83.05,1,7,0.519,0.076,0,No,1.2,0.712,4.24,5.08,8.99,6.1,No,None,High
10,120.73,3,18,0.092,0.2248,2,No,5.4,0.39,3.55,6.0,6.47,2.9,No,Low,Low
15,76.15,8,64,0.321,0.0392,1,No,7.5,0.575,3.36,4.57,7.56,4.8,Yes,Low,Mid
21,77.68,11,22,0.131,0.0048,0,No,2.4,0.317,4.06,5.07,9.04,3.5,No,None,Low
34,50.36,18,41,0.272,0.0176,1,No,0.0,0.692,3.23,3.55,7.5,4.6,No,Low,Mid
22,128.06,6,40,0.243,0.0256,0,No,2.1,0.201,4.51,3.9,9.42,3.9,No,None,Mid
22,94.16,6,18,0.297,0.0928,1,No,1.7,0.724,4.98,4.87,9.0,4.5,No,Low,Mid
9,45.79,3,2,0.298,0.0832,1,No,5.0,0.194,4.65,6.67,8.71,4.8,No,Low,Mid
26,49.92,14,15,0.522,0.0272,1,No,4.9,0.14,2.95,6.35,7.19,6.4,No,Low,High
13,14.56,4,7,0.32,0.0704,1,No,2.9,0.576,5.0,5.75,9.1,5.2,No,Low,Mid
54,31.66,1,9,0.116,0.0264,2,No,3.4,0.705,2.71,5.72,6.29,3.6,No,Low,Low
18,72.76,5,48,0.285,0.0752,1,No,0.6,0.383,4.31,2.97,8.39,4.6,No,Low,Mid
1,123.6,1,1,0.113,0.0592,1,No,5.3,0.679,3.76,6.75,7.9,3.0,No,Low,Low
23,305.78,12,25,0.285,0.1112,3,Yes,0.8,0.393,4.16,4.42,6.79,3.2,No,Medium,Mid
33,24.54,1,179,0.607,0.04,0,No,1.2,0.626,2.12,1.0,6.99,7.1,Yes,None,High
47,37.56,24,1,0.269,0.0328,0,No,3.2,0.876,3.94,6.82,8.83,4.7,No,None,Mid
31,39.63,24,15,0.107,0.1112,1,Yes,2.7,0.487,3.89,5.95,7.85,3.5,No,Low,Low
58,31.84,1,12,0.154,0.0328,0,No,4.8,0.903,2.88,6.03,7.77,3.9,No,None,Low
21,82.09,6,11,0.48,0.04,2,No,3.7,0.794,3.85,5.88,7.38,5.9,No,Low,High
23,51.68,6,24,0.375,0.344,5,No,5.2,0.687,4.1,5.73,4.62,5.3,No,Medium,Mid
16,24.7,5,94,0.596,0.0368,1,No,0.0,0.473,3.44,1.0,7.65,7.0,Yes,Low,High
27,43.86,1,7,0.198,0.1856,1,No,3.0,0.819,4.34,5.68,8.05,4.1,No,Low,Low
37,41.16,10,9,0.673,0.0968,1,No,3.2,0.623,4.19,5.95,8.2,7.5,No,Low,Extreme
38,59.26,1,13,0.62,0.0368,0,Yes,2.9,0.439,5.0,5.35,9.88,7.0,No,None,High
52,45.87,1,40,0.541,0.1056,1,No,0.0,0.563,4.8,3.03,8.78,6.5,Yes,Low,High
14,53.64,8,32,0.381,0.0368,2,No,2.2,0.337,3.07,4.4,6.61,5.3,No,Low,Mid
37,65.37,1,2,0.406,0.1416,2,No,5.6,0.596,3.42,6.8,6.61,5.4,No,Low,Mid
47,146.29,12,8,0.407,0.0176,0,Yes,3.4,0.81,5.0,6.13,9.94,5.0,No,None,Mid
7,96.02,1,10,0.161,0.0328,1,No,0.7,0.645,3.87,4.77,8.09,3.6,No,Low,Low
12,67.96,7,44,0.044,0.0456,1,No,0.2,0.682,2.65,3.1,6.83,2.9,Yes,Low,Low
28,70.81,1,21,0.131,0.0816,0,No,6.5,0.759,3.65,6.15,8.38,3.5,No,None,Low
3,34.05,1,5,0.184,0.012,1,No,1.1,0.669,4.3,5.15,8.59,4.1,No,Low,Low
22,85.72,6,64,0.381,0.0344,0,Yes,3.8,0.755,3.49,3.27,8.38,5.2,No,None,Mid
51,67.39,39,20,0.169,0.0376,0,No,3.5,0.894,4.13,6.47,9.0,3.8,No,None,Low
21,86.55,6,5,0.258,0.0224,1,No,3.3,0.628,4.04,6.05,8.3,4.3,No,Low,Mid
29,97.31,1,6,0.476,0.08,1,No,5.8,0.67,5.0,6.67,9.07,5.7,No,Low,High
20,10.76,6,101,0.233,0.0128,1,Yes,0.8,0.75,4.02,1.0,8.31,4.6,Yes,Low,Mid
3,28.13,1,64,0.348,0.088,2,No,1.5,0.2,2.73,2.33,6.1,5.3,Yes,Low,Mid
27,42.56,1,21,0.251,0.0064,0,Yes,4.6,0.359,4.11,5.52,9.09,4.5,No,None,Mid
21,33.63,6,19,0.266,0.0288,1,No,1.9,0.923,3.34,4.88,7.58,4.7,No,Low,Mid
41,139.02,1,42,0.498,0.0384,0,No,4.5,0.622,2.63,4.43,7.5,5.7,Yes,None,High
33,47.89,1,5,0.33,0.076,0,No,5.9,0.353,5.0,6.75,9.75,5.0,No,None,Mid
30,157.5,16,14,0.157,0.0168,0,No,3.6,0.657,5.0,6.03,9.94,3.2,No,None,Low
48,235.52,1,77,0.064,0.1696,1,Yes,2.9,0.736,4.15,2.15,7.92,2.0,Yes,Low,Low
39,207.36,10,41,0.138,0.012,1,No,2.4,0.902,2.65,4.08,6.94,2.7,No,Low,Low
41,32.13,1,30,0.071,0.0704,0,No,2.4,0.507,4.87,4.33,9.64,3.3,No,None,Low
59,49.09,15,13,0.101,0.1008,1,No,0.4,0.575,2.81,4.98,6.81,3.4,No,Low,Low
9,88.61,10,32,0.152,0.2584,3,No,5.0,0.959,2.23,5.4,4.37,3.5,No,Medium,Low
48,45.71,1,11,0.222,0.004,0,No,4.6,0.827,3.11,6.02,8.1,4.3,No,None,Low
38,35.71,10,24,0.276,0.132,1,No,5.3,0.652,3.83,5.9,7.72,4.7,No,Low,Mid
23,135.2,6,55,0.135,0.024,1,No,4.0,0.798,4.37,3.78,8.62,3.1,No,Low,Low
54,158.15,1,16,0.324,0.0728,1,No,2.1,0.583,2.95,4.93,7.04,4.3,No,Low,Mid
23,54.92,1,112,0.806,0.0096,1,No,3.9,0.726,3.67,1.33,7.97,8.3,Yes,Low,Extreme
1,96.25,1,84,0.121,0.0936,0,No,1.8,0.462,3.63,1.43,8.32,3.3,Yes,None,Low
21,62.93,6,13,0.162,0.1336,1,No,0.0,0.217,2.74,4.55,6.63,3.8,No,Low,Low
32,43.51,17,14,0.357,0.0656,0,Yes,0.0,0.539,3.03,4.87,7.81,5.2,No,None,Mid
45,31.99,12,25,0.566,0.0848,1,No,6.2,0.963,3.72,6.22,7.77,6.8,No,Low,High
26,87.16,20,14,0.482,0.0952,1,No,2.7,0.914,4.01,5.87,8.03,5.9,No,Low,High
33,107.59,9,4,0.09,0.1136,1,Yes,3.4,0.76,3.15,6.23,7.1,3.0,No,Low,Low
60,165.29,1,49,0.36,0.0016,0,No,1.4,0.422,3.74,3.05,8.73,4.5,No,None,Mid
9,77.9,3,15,0.048,0.3408,3,No,1.8,0.691,2.8,4.95,4.66,2.9,No,Medium,Low
17,56.2,1,18,0.357,0.1168,0,No,4.9,0.957,3.23,5.77,7.84,5.2,No,None,Mid
6,57.68,4,21,0.058,0.0704,0,No,4.5,0.763,3.51,5.58,8.28,3.1,No,None,Low
46,78.47,12,36,0.176,0.0448,0,Yes,3.4,0.705,2.78,4.73,7.63,3.8,No,None,Low
7,112.08,4,69,0.344,0.0144,0,Yes,1.9,0.111,4.98,2.32,9.93,4.7,No,None,Mid
7,32.44,2,37,0.217,0.0264,1,No,3.2,0.655,4.58,4.28,8.83,4.3,No,Low,Low
57,79.81,15,4,0.262,0.024,0,No,0.9,0.764,4.48,5.6,9.4,4.4,No,None,Mid
57,44.24,15,3,0.283,0.1296,0,No,4.9,0.245,4.77,6.98,9.34,4.7,No,None,Mid
37,76.67,19,3,0.283,0.1264,1,No,1.0,0.741,3.21,5.82,7.12,4.5,No,Low,Mid
5,51.01,3,47,0.685,0.156,1,No,0.0,0.503,3.61,2.75,7.42,7.5,Yes,Low,Extreme
33,150.15,1,34,0.023,0.016,0,No,1.6,0.732,3.93,3.87,8.88,2.3,No,None,Low
50,59.6,1,11,0.097,0.0144,0,No,5.3,0.87,3.77,6.25,8.72,3.3,No,None,Low
10,65.88,3,32,0.429,0.1016,0,No,4.4,0.489,4.4,4.97,9.06,5.6,No,None,Mid
17,122.47,5,15,0.437,0.0248,1,No,5.7,0.449,3.75,6.32,8.0,5.3,No,Low,Mid
40,55.79,1,42,0.491,0.0728,0,No,3.3,0.58,4.26,4.03,9.02,6.1,No,None,High
28,91.38,1,70,0.17,0.012,1,No,3.4,0.593,3.96,2.67,8.25,3.6,Yes,Low,Low
47,72.79,24,50,0.015,0.0328,0,No,5.0,0.347,5.0,4.97,9.89,2.7,No,None,Low
46,93.31,12,67,0.067,0.068,0,No,5.9,0.322,4.33,4.02,9.1,2.9,No,None,Low
22,35.49,1,19,0.589,0.0288,2,No,2.9,0.362,3.12,5.05,6.69,6.9,No,Low,High
21,62.22,1,45,0.317,0.0016,0,No,0.0,0.815,3.65,2.78,8.64,4.8,No,None,Mid
47,75.05,1,20,0.319,0.0248,1,No,4.5,0.778,2.48,5.53,6.73,4.8,No,Low,Mid
56,75.36,85,8,0.448,0.064,0,Yes,5.7,0.668,4.42,8.17,9.21,5.7,No,None,Mid
32,74.34,1,20,0.315,0.0832,2,No,1.3,0.454,4.0,4.47,7.39,4.8,No,Low,Mid
32,86.38,9,1,0.318,0.0384,0,No,0.4,0.803,4.51,5.38,9.38,4.7,No,None,Mid
51,137.6,26,11,0.179,0.092,1,No,0.0,0.873,3.73,5.32,7.76,3.4,No,Low,Low
36,88.52,19,12,0.263,0.0504,1,Yes,1.0,0.816,3.42,5.37,7.59,4.3,No,Low,Mid
31,98.5,16,45,0.064,0.2368,3,No,3.8,0.208,3.65,4.55,5.86,2.9,No,Medium,Low
6,66.33,1,5,0.443,0.0288,2,No,1.3,0.617,3.02,5.22,6.59,5.7,No,Low,Mid
54,45.03,14,85,0.13,0.0416,0,No,2.7,0.615,3.71,2.12,8.57,3.6,Yes,None,Low
21,49.17,11,25,0.208,0.192,1,No,3.3,0.657,3.68,5.22,7.37,4.2,No,Low,Low
35,44.85,9,28,0.383,0.128,0,No,2.3,0.835,2.9,4.67,7.47,5.4,No,None,Mid
14,40.73,1,31,0.077,0.012,2,Yes,0.0,0.513,4.46,3.48,8.09,3.3,No,Low,Low
23,101.41,6,31,0.051,0.0512,0,No,2.0,0.817,4.46,4.32,9.29,2.7,No,None,Low
42,69.18,11,0,0.179,0.0448,0,Yes,2.1,0.529,3.77,6.07,8.62,3.8,No,None,Low
24,68.48,19,18,0.047,0.1136,1,Yes,3.9,0.252,4.83,6.03,8.78,2.9,No,Low,Low
30,167.84,8,9,0.099,0.1248,1,No,3.5,0.377,3.41,5.98,7.33,2.7,No,Low,Low
10,32.21,3,7,0.128,0.1608,1,No,4.9,0.816,4.06,6.38,7.86,3.7,No,Low,Low
5,75.8,3,7,0.155,0.0288,0,No,3.5,0.335,4.52,5.92,9.42,3.6,No,None,Low
59,48.07,1,13,0.611,0.024,0,Yes,5.1,0.501,4.4,6.08,9.32,7.0,No,None,High
42,82.79,1,72,0.387,0.0088,1,No,1.1,0.546,4.6,1.8,8.9,5.2,Yes,Low,Mid
30,58.24,8,175,0.093,0.1136,0,No,2.6,0.66,4.81,1.13,9.43,3.3,Yes,None,Low
7,58.97,1,114,0.309,0.1504,0,No,0.9,0.662,4.46,1.0,8.96,4.8,Yes,None,Mid
6,107.5,2,3,0.202,0.004,1,Yes,3.1,0.918,2.94,5.95,7.26,3.8,No,Low,Low
8,135.89,1,62,0.038,0.092,1,No,2.5,0.712,4.91,2.77,8.94,2.5,Yes,Low,Low
52,147.07,27,32,0.464,0.0192,1,Yes,2.4,0.723,5.0,5.1,9.27,5.4,No,Low,High
26,73.15,7,13,0.259,0.116,2,Yes,1.9,0.595,2.32,5.22,5.6,4.4,No,Low,Mid
59,101.8,15,20,0.609,0.1936,1,Yes,3.4,0.192,2.97,5.63,6.66,6.7,No,Low,High
18,73.33,10,14,0.377,0.0312,1,No,4.4,0.246,4.47,6.1,8.7,5.2,No,Low,Mid
36,113.05,37,39,0.14,0.0104,0,No,5.8,0.691,4.08,6.22,9.05,3.3,No,None,Low
26,151.12,7,10,0.401,0.056,1,No,2.5,0.667,4.22,5.57,8.37,4.9,No,Low,Mid
36,472.55,19,23,0.119,0.0,0,No,2.7,0.626,3.63,5.38,8.63,1.0,No,None,Low
41,53.6,31,6,0.404,0.012,1,No,0.2,0.798,4.67,5.8,8.96,5.5,No,Low,Mid
4,40.79,1,12,0.501,0.0008,0,No,3.2,0.552,4.3,5.5,9.3,6.3,No,None,High
54,65.55,1,88,0.475,0.072,0,No,3.9,0.594,3.81,1.93,8.57,5.9,Yes,None,High
60,99.95,1,22,0.292,0.0032,2,No,2.4,0.83,3.8,4.73,7.46,4.4,No,Low,Mid
13,79.66,4,23,0.094,0.0008,0,No,0.7,0.783,2.85,4.22,7.85,3.2,No,None,Low
55,60.67,14,17,0.08,0.0448,2,No,5.6,0.29,3.81,6.48,7.33,3.2,No,Low,Low
24,24.11,1,25,0.297,0.2152,2,No,3.2,0.798,3.21,4.85,6.16,4.9,No,Low,Mid
55,186.85,1,43,0.481,0.0408,1,No,0.2,0.842,4.66,2.95,8.86,5.2,No,Low,High
31,62.55,16,14,0.476,0.116,1,Yes,2.3,0.245,2.96,5.6,6.91,6.0,No,Low,High
22,155.2,1,24,0.532,0.1832,1,No,4.0,0.792,4.84,5.17,8.56,5.8,No,Low,High
40,60.85,1,5,0.057,0.1104,2,No,3.2,0.695,3.72,5.85,7.02,3.0,No,Low,Low
18,109.54,19,50,0.069,0.124,0,No,0.7,0.859,4.9,3.37,9.49,2.8,No,None,Low
34,54.04,1,79,0.375,0.0336,0,No,0.0,0.605,3.59,1.08,8.48,5.3,Yes,None,Mid
23,60.18,1,13,0.167,0.0392,1,No,1.7,0.728,3.55,4.95,7.75,3.8,No,Low,Low
39,211.93,10,32,0.589,0.0184,2,No,7.5,0.474,3.67,6.23,7.28,5.9,No,Low,High
47,154.19,12,85,0.035,0.0176,0,Yes,1.2,0.315,4.2,1.55,9.14,2.3,Yes,None,Low
37,75.28,1,4,0.289,0.0688,0,No,1.2,0.58,5.0,5.23,9.77,4.6,No,None,Mid
58,185.9,15,15,0.229,0.036,0,Yes,6.3,0.581,5.0,6.85,9.88,3.5,No,None,Mid
47,49.66,12,16,0.329,0.0008,1,Yes,3.8,0.672,3.49,5.87,7.82,5.0,No,Low,Mid
1,49.88,1,9,0.337,0.0296,0,No,5.3,0.601,5.0,6.35,9.9,5.1,No,None,Mid
59,103.38,15,6,0.094,0.0992,2,No,6.9,0.586,4.25,7.5,7.59,3.0,No,Low,Low
42,89.11,11,12,0.449,0.0408,0,No,1.0,0.594,5.0,5.1,9.86,5.6,No,None,Mid
20,45.44,21,2,0.179,0.0456,1,No,5.8,0.89,3.24,7.53,7.42,4.0,No,Low,Low
47,79.89,1,2,0.155,0.2176,0,No,4.6,0.54,3.6,6.47,7.87,3.6,No,None,Low
25,133.21,1,43,0.372,0.0752,0,No,2.3,0.463,4.15,3.65,8.9,4.8,No,None,Mid
6,126.81,2,83,0.48,0.0288,1,No,2.6,0.537,4.56,1.78,8.8,5.6,Yes,Low,High
52,37.25,1,37,0.229,0.06,1,No,3.2,0.741,3.57,4.25,7.7,4.4,No,Low,Mid
30,77.9,8,10,0.166,0.0112,0,No,3.3,0.646,4.17,5.87,9.13,3.7,No,None,Low
20,46.67,1,5,0.222,0.0016,2,No,2.0,0.297,3.96,5.45,7.62,4.3,No,Low,Low
9,181.7,5,63,0.245,0.0112,0,No,5.4,0.753,3.49,3.82,8.45,3.6,No,None,Mid
56,30.21,15,36,0.371,0.012,2,No,3.6,0.662,4.34,4.9,7.97,5.4,No,Low,Mid
48,58.55,1,29,0.23,0.3512,1,No,3.8,0.67,2.79,4.85,5.95,4.3,No,Low,Mid
49,38.22,1,37,0.037,0.0248,0,No,2.3,0.356,3.23,3.95,8.15,3.0,No,None,Low
18,167.61,5,35,0.445,0.0296,0,No,0.0,0.671,3.85,3.42,8.75,5.1,No,None,Mid
40,71.08,11,48,0.169,0.0536,2,No,2.9,0.521,4.78,3.93,8.27,3.8,No,Low,Low
3,38.22,1,110,0.16,0.0912,0,No,0.7,0.915,3.64,1.0,8.34,3.9,Yes,None,Low
36,38.33,1,11,0.193,0.04,2,No,1.3,0.715,3.01,4.92,6.54,4.1,No,Low,Low
6,41.68,2,10,0.287,0.0512,0,No,1.2,0.541,4.22,4.97,9.05,4.8,No,None,Mid
44,103.7,23,64,0.221,0.044,2,No,6.2,0.848,2.94,4.63,6.46,3.9,Yes,Low,Low
38,51.34,20,17,0.259,0.0312,0,No,3.3,0.899,5.0,5.92,9.9,4.5,No,None,Mid
1,51.15,1,10,0.3,0.0424,1,No,2.5,0.656,4.39,5.37,8.58,4.8,No,Low,Mid
19,98.38,1,85,0.077,0.1416,2,No,3.2,0.577,2.56,1.85,5.75,2.9,Yes,Low,Low
38,94.84,1,21,0.242,0.0256,0,No,2.4,0.795,4.47,4.78,9.38,4.1,No,None,Mid
28,35.03,1,15,0.159,0.0328,1,No,2.5,0.291,3.95,5.12,8.17,3.9,No,Low,Low
47,54.9,1,49,0.311,0.02,1,No,4.9,0.859,3.89,4.22,8.16,4.8,No,Low,Mid
9,106.3,1,4,0.371,0.0728,0,No,4.4,0.364,2.85,6.3,7.61,5.0,No,None,Mid
47,48.1,1,5,0.358,0.02,0,No,2.0,0.264,4.74,5.45,9.67,5.2,No,None,Mid
10,24.97,1,50,0.396,0.1304,1,No,6.9,0.401,3.88,4.83,7.78,5.6,No,Low,Mid
24,36.35,1,8,0.559,0.004,0,No,4.6,0.144,4.3,6.17,9.29,6.7,No,None,High
26,55.94,7,0,0.4,0.0152,1,No,0.0,0.606,2.61,5.23,6.89,5.5,No,Low,Mid
8,44.58,5,7,0.129,0.0536,2,No,3.3,0.611,2.17,5.92,5.66,3.6,No,Low,Low
5,47.95,3,7,0.294,0.064,0,Yes,5.1,0.636,2.79,6.45,7.58,4.8,No,None,Mid
13,87.32,7,47,0.116,0.104,0,Yes,2.4,0.404,4.77,3.68,9.42,3.3,No,None,Low
22,49.15,6,17,0.01,0.0912,0,No,2.1,0.717,3.33,5.05,8.03,2.8,No,None,Low
34,93.58,9,52,0.071,0.0072,0,No,0.8,0.714,4.75,2.97,9.73,2.9,No,None,Low
25,108.82,7,7,0.394,0.0864,1,No,7.0,0.196,4.55,7.22,8.6,5.1,No,Low,Mid
23,21.83,18,53,0.131,0.0432,1,No,0.0,0.656,4.82,2.95,9.01,3.8,No,Low,Low
41,54.41,11,18,0.101,0.0608,0,No,3.8,0.329,3.02,5.73,7.82,3.4,No,None,Low
48,27.46,13,6,0.155,0.0312,0,No,0.1,0.483,4.29,5.17,9.19,3.9,No,None,Low
21,28.14,1,24,0.227,0.092,0,No,6.5,0.7,5.0,6.0,9.69,4.4,No,None,Mid
3,70.75,1,5,0.249,0.0848,3,No,0.6,0.809,3.02,4.98,5.74,4.3,No,Medium,Mid
8,65.8,3,9,0.023,0.0416,0,No,4.2,0.698,5.0,6.05,9.86,2.8,No,None,Low
46,49.63,24,2,0.44,0.032,1,No,5.3,0.332,3.44,7.47,7.67,5.8,No,Low,Mid
50,41.28,26,133,0.499,0.0008,1,Yes,2.7,0.481,3.66,1.77,7.99,6.2,Yes,Low,High
39,177.73,1,14,0.07,0.0968,1,No,5.1,0.821,4.78,6.03,8.79,2.4,No,Low,Low
51,33.24,1,6,0.273,0.0888,1,No,5.4,0.497,3.6,6.53,7.64,4.7,No,Low,Mid
39,87.3,10,69,0.623,0.0256,0,Yes,3.7,0.289,4.34,3.12,9.25,6.8,No,None,High
22,57.18,1,20,0.253,0.0296,0,No,3.3,0.437,4.57,5.13,9.47,4.4,No,None,Mid
45,25.0,1,27,0.317,0.028,0,No,6.0,0.796,2.93,5.68,7.84,5.1,No,None,Mid
11,76.7,3,85,0.43,0.216,1,No,2.3,0.915,3.65,1.62,7.26,5.5,Yes,Low,Mid
23,46.31,1,8,0.211,0.0048,1,No,1.3,0.479,4.05,5.07,8.37,4.2,No,Low,Low
49,48.15,25,40,0.13,0.0312,1,No,5.1,0.312,3.75,5.53,7.98,3.6,No,Low,Low
16,75.41,5,4,0.349,0.0576,0,No,4.8,0.72,5.0,6.57,9.81,5.0,No,None,Mid
52,292.42,14,60,0.077,0.044,3,Yes,3.2,0.712,4.02,3.53,6.87,1.8,No,Medium,Low
60,111.49,31,47,0.221,0.0456,0,No,2.8,0.868,3.24,4.62,8.09,3.9,No,None,Low
51,23.9,26,26,0.643,0.1512,2,Yes,4.0,0.551,3.72,5.9,6.88,7.4,No,Low,High
28,173.28,8,5,0.339,0.0672,2,No,0.6,0.678,4.33,5.22,7.77,4.3,No,Low,Mid
35,65.33,18,1,0.563,0.1912,4,Yes,2.2,0.689,2.61,6.28,4.31,6.5,No,Medium,High
42,25.28,11,14,0.521,0.0504,1,No,0.8,0.582,3.51,4.93,7.68,6.5,No,Low,High
29,37.44,22,1,0.232,0.048,1,No,0.0,0.676,3.89,5.68,8.06,4.4,No,Low,Mid
59,73.98,30,17,0.138,0.0176,0,No,6.9,0.565,3.55,7.45,8.49,3.5,No,None,Low
56,103.69,15,2,0.176,0.0168,1,Yes,3.8,0.821,3.96,6.67,8.24,3.6,No,Low,Low
38,140.09,29,12,0.253,0.0328,2,Yes,7.2,0.877,2.84,7.77,6.4,3.9,No,Low,Mid
6,40.21,2,1,0.023,0.0336,0,No,4.6,0.372,4.66,6.55,9.55,2.9,No,None,Low
49,70.85,1,26,0.162,0.0008,0,No,0.4,0.459,4.66,3.87,9.66,3.7,No,None,Low
14,93.82,1,46,0.306,0.0648,0,No,1.5,0.05,5.0,3.23,9.78,4.6,No,None,Mid
29,106.47,1,65,0.375,0.0632,1,No,2.5,0.599,4.85,2.62,8.97,5.0,Yes,Low,Mid
49,156.19,1,21,0.387,0.0032,0,No,3.3,0.49,4.7,5.08,9.69,4.8,No,None,Mid
28,38.56,15,2,0.05,0.0488,2,No,5.1,0.578,1.56,7.1,5.06,3.1,No,Low,Low
10,76.3,3,36,0.221,0.1952,1,No,2.0,0.648,2.81,3.97,6.49,4.1,Yes,Low,Low
46,107.57,1,11,0.225,0.1144,2,No,4.4,0.506,3.48,5.95,6.77,3.9,No,Low,Low
47,22.51,12,50,0.584,0.1256,1,No,3.0,0.646,3.95,3.9,7.86,7.0,No,Low,High
4,228.8,2,23,0.245,0.0112,0,No,5.3,0.694,3.62,5.68,8.58,3.3,No,None,Mid
24,103.9,13,70,0.309,0.1056,1,Yes,0.0,0.817,3.83,1.93,7.81,4.5,Yes,Low,Mid
2,75.29,1,26,0.34,0.0656,2,No,1.8,0.748,2.97,4.33,6.42,4.9,No,Low,Mid
46,39.81,1,30,0.385,0.1088,1,No,7.0,0.248,3.78,5.87,7.75,5.5,No,Low,Mid
59,145.95,1,17,0.263,0.0024,0,No,1.1,0.569,4.55,4.55,9.54,4.0,No,None,Mid
29,81.11,8,21,0.134,0.0936,2,Yes,5.3,0.353,4.1,5.98,7.45,3.5,No,Low,Low
25,77.73,26,20,0.05,0.2208,0,No,1.8,0.761,4.61,5.47,8.87,2.9,No,None,Low
31,44.45,16,34,0.357,0.0704,0,Yes,4.9,0.656,3.19,5.47,7.96,5.2,No,None,Mid
47,81.64,12,8,0.176,0.0056,2,Yes,4.7,0.456,3.16,6.57,6.81,3.7,No,Low,Low
51,288.81,1,69,0.66,0.1192,1,No,7.8,0.758,4.72,4.18,8.66,5.9,No,Low,High
46,35.47,12,40,0.234,0.0096,1,No,2.3,0.487,3.26,4.17,7.56,4.4,No,Low,Mid
15,10.0,1,8,0.385,0.0016,1,Yes,1.4,0.371,4.2,5.1,8.53,5.6,No,Low,Mid
38,44.72,10,41,0.207,0.012,1,No,3.3,0.643,3.4,4.38,7.69,4.2,No,Low,Low
33,41.51,1,0,0.462,0.0904,0,No,1.6,0.212,4.52,5.57,9.22,6.0,No,None,High
50,72.56,26,2,0.2,0.0456,0,No,4.6,0.373,2.52,7.3,7.37,4.0,No,None,Low
49,59.36,25,45,0.505,0.128,3,No,4.7,0.481,4.01,5.15,6.58,6.2,No,Medium,High
8,168.92,1,4,0.339,0.0056,0,No,1.3,0.779,4.21,5.27,9.19,4.4,No,None,Mid
40,42.63,21,16,0.051,0.0272,1,No,6.3,0.916,3.09,7.0,7.33,3.1,No,Low,Low
16,84.8,1,50,0.313,0.1512,0,No,4.0,0.84,4.33,3.87,8.83,4.7,No,None,Mid
38,107.3,29,0,0.251,0.0376,1,No,6.3,0.829,4.15,8.07,8.36,4.1,No,Low,Mid
44,185.56,34,4,0.196,0.2392,2,Yes,1.4,0.509,4.14,6.4,7.01,3.3,No,Low,Low
41,64.13,1,9,0.134,0.0472,2,No,0.5,0.502,4.34,4.75,7.85,3.6,No,Low,Low
34,82.08,18,128,0.379,0.1024,1,No,5.9,0.075,3.67,2.57,7.66,5.2,Yes,Low,Mid
6,46.01,4,15,0.225,0.0024,2,No,0.6,0.71,3.27,4.58,6.93,4.3,No,Low,Low
39,108.7,10,18,0.282,0.0432,0,No,3.8,0.915,4.44,5.7,9.3,4.3,No,None,Mid
40,129.76,21,134,0.387,0.0072,0,No,6.4,0.507,3.79,2.83,8.77,4.9,Yes,None,Mid
49,101.48,13,21,0.706,0.084,0,No,4.3,0.732,4.87,5.82,9.59,7.3,No,None,Extreme
23,96.04,18,9,0.217,0.0592,1,No,1.0,0.373,4.64,5.48,8.78,3.9,No,Low,Low
53,32.08,1,29,0.124,0.0896,0,No,2.1,0.941,5.0,4.28,9.7,3.7,No,None,Low
50,123.66,38,88,0.156,0.1576,1,No,0.1,0.744,3.21,1.9,7.02,3.4,Yes,Low,Low
21,97.15,11,17,0.353,0.2488,3,Yes,3.9,0.771,2.77,5.82,4.94,4.9,No,Medium,Mid
35,226.65,1,44,0.118,0.0496,1,No,3.1,0.459,3.92,3.87,8.09,2.5,No,Low,Low
47,34.44,36,45,0.257,0.2864,1,No,3.3,0.873,3.57,5.05,6.95,4.6,No,Low,Mid
29,64.85,15,11,0.033,0.1112,1,No,2.7,0.593,2.48,5.85,6.44,2.8,No,Low,Low
35,117.62,27,6,0.371,0.0016,0,Yes,2.2,0.902,5.0,6.33,9.99,4.9,No,None,Mid
2,21.52,1,12,0.289,0.0,1,No,2.4,0.638,3.51,5.23,7.84,4.9,No,Low,Mid
33,135.73,17,3,0.069,0.1032,1,No,0.3,0.926,3.43,5.52,7.42,2.7,No,Low,Low
26,99.16,1,57,0.221,0.2296,2,No,1.5,0.824,4.16,2.68,7.06,4.0,Yes,Low,Low
44,74.9,1,3,0.109,0.0696,0,No,4.6,0.813,4.44,6.42,9.21,3.3,No,None,Low
32,68.83,1,31,0.165,0.0056,1,No,3.8,0.653,5.0,4.75,9.31,3.7,No,Low,Low
18,31.08,5,28,0.072,0.1024,1,No,6.6,0.988,4.24,5.97,8.23,3.3,No,Low,Low
34,124.59,9,38,0.26,0.2296,5,No,1.9,0.73,2.84,4.03,3.74,4.1,Yes,Medium,Mid
30,29.56,16,5,0.114,0.068,1,No,5.5,0.47,4.43,7.12,8.54,3.6,No,Low,Low
44,36.12,12,11,0.011,0.0544,0,No,6.3,0.806,5.0,6.95,9.82,2.9,No,None,Low
23,63.06,1,19,0.091,0.0816,0,No,3.1,0.539,5.0,5.12,9.73,3.3,No,None,Low
48,191.98,25,7,0.168,0.0088,0,Yes,2.7,0.344,4.85,6.38,9.82,3.0,No,None,Low
55,77.11,14,44,0.134,0.1936,2,No,5.3,0.618,4.04,5.03,7.06,3.5,No,Low,Low
20,100.06,1,36,0.272,0.0712,0,No,5.4,0.824,4.23,5.03,8.99,4.3,No,None,Mid
46,19.54,12,36,0.34,0.044,2,No,2.7,0.282,3.69,4.5,7.21,5.3,No,Low,Mid
58,146.52,44,29,0.31,0.0536,1,Yes,3.0,0.942,4.23,6.02,8.38,4.3,No,Low,Mid
23,95.36,6,24,0.534,0.0528,1,No,6.6,0.889,3.78,6.2,7.94,6.2,No,Low,High
40,25.24,11,26,0.619,0.1184,3,Yes,3.6,0.858,2.22,5.27,4.83,7.2,No,Medium,High
8,34.95,3,31,0.282,0.0424,2,No,1.4,0.421,4.89,4.02,8.42,4.8,Yes,Low,Mid
14,51.52,1,55,0.304,0.0208,0,No,4.0,0.273,4.27,3.62,9.2,4.8,No,None,Mid
60,62.63,1,3,0.357,0.0328,1,No,4.4,0.509,3.21,6.35,7.43,5.1,No,Low,Mid
23,31.44,12,23,0.111,0.128,0,Yes,2.8,0.715,3.68,5.18,8.25,3.6,No,None,Low
46,67.04,1,47,0.155,0.0256,1,No,3.5,0.279,3.93,3.85,8.18,3.7,No,Low,Low
14,206.34,8,96,0.341,0.028,1,No,1.1,0.755,5.0,1.0,9.24,4.1,Yes,Low,Mid
2,93.48,1,10,0.469,0.2672,2,No,3.8,0.657,3.75,5.8,6.53,5.7,No,Low,High
58,52.0,1,57,0.031,0.0936,2,No,1.7,0.6,4.34,2.75,7.69,2.9,Yes,Low,Low
4,44.79,2,16,0.217,0.0536,0,No,4.1,0.921,4.95,5.63,9.77,4.3,No,None,Low
24,171.16,7,16,0.176,0.0592,0,No,4.0,0.829,3.08,5.77,7.88,3.2,No,None,Low
51,63.16,13,2,0.168,0.0584,0,Yes,0.9,0.43,4.71,5.63,9.52,3.8,No,None,Low
36,127.01,10,28,0.021,0.0224,1,No,5.3,0.593,4.14,5.7,8.4,2.4,No,Low,Low
9,167.92,1,5,0.373,0.0544,0,No,0.4,0.289,4.85,4.92,9.67,4.6,No,None,Mid
16,210.18,1,25,0.202,0.024,0,No,2.8,0.708,4.95,4.72,9.87,3.2,No,None,Low
32,323.53,1,52,0.11,0.1696,3,No,2.9,0.592,2.59,3.4,5.02,1.8,Yes,Medium,Low
32,33.32,1,1,0.287,0.0328,0,No,0.0,0.742,5.0,4.98,9.89,4.8,No,None,Mid
27,81.63,1,27,0.631,0.0504,0,No,4.7,0.615,5.0,5.25,9.83,6.9,No,None,High
15,51.26,4,15,0.341,0.0296,1,No,4.3,0.877,3.29,5.82,7.52,5.1,No,Low,Mid
49,212.7,1,38,0.375,0.024,0,No,3.1,0.399,2.28,4.17,7.2,4.3,No,None,Mid
4,58.83,1,26,0.387,0.0384,0,No,2.3,0.672,4.11,4.5,8.98,5.4,No,None,Mid
36,44.68,1,86,0.402,0.0608,0,No,2.2,0.465,4.55,1.47,9.35,5.5,Yes,None,Mid
58,39.33,1,53,0.367,0.12,2,No,2.7,0.273,2.49,3.28,5.76,5.3,Yes,Low,Mid
25,57.44,13,0,0.244,0.0096,0,No,4.8,0.602,4.33,7.03,9.3,4.4,No,None,Mid
15,35.21,1,0,0.054,0.0904,1,No,6.2,0.817,3.62,7.1,7.65,3.2,No,Low,Low
60,155.65,16,9,0.057,0.0984,2,No,4.5,0.738,2.55,6.58,5.89,2.5,No,Low,Low
12,176.65,1,34,0.513,0.0072,2,No,4.0,0.603,4.62,4.67,8.26,5.5,No,Low,High
7,59.3,1,13,0.401,0.08,4,No,1.1,0.776,2.28,4.75,4.35,5.5,No,Medium,Mid
36,111.05,1,37,0.286,0.0152,1,No,1.1,0.896,3.29,3.55,7.57,4.3,No,Low,Mid
24,48.78,1,16,0.177,0.0128,0,Yes,5.0,0.554,5.0,5.9,9.96,3.9,No,None,Low
6,33.93,5,34,0.062,0.0432,1,No,3.0,0.935,3.63,4.47,7.82,3.2,No,Low,Low
48,35.85,25,39,0.235,0.0224,0,No,0.9,0.659,2.9,4.18,7.83,4.4,No,None,Mid
41,159.93,1,7,0.463,0.0576,0,No,2.7,0.81,2.58,5.58,7.39,5.3,No,None,High
60,61.47,1,30,0.298,0.048,1,No,4.4,0.636,4.36,5.0,8.53,4.7,No,Low,Mid
45,53.52,12,16,0.263,0.1184,1,No,7.4,0.713,3.26,7.07,7.2,4.5,No,Low,Mid
31,68.12,16,25,0.285,0.0448,0,Yes,2.8,0.76,2.42,5.22,7.27,4.6,No,None,Mid
21,118.17,6,14,0.168,0.0712,0,No,4.5,0.59,4.68,6.0,9.44,3.5,No,None,Low
60,122.15,31,84,0.208,0.0344,1,Yes,5.2,0.301,2.91,3.57,7.13,3.7,No,Low,Low
11,34.95,6,11,0.06,0.0544,0,No,1.6,0.371,5.0,5.18,9.82,3.2,No,None,Low
16,154.81,1,38,0.082,0.1032,1,Yes,2.0,0.787,4.05,3.8,8.04,2.6,No,Low,Low
14,100.71,8,7,0.475,0.1312,0,Yes,4.7,0.635,5.0,6.48,9.56,5.7,No,None,High
25,65.3,19,42,0.423,0.0032,0,No,2.3,0.484,3.4,4.3,8.39,5.6,No,None,Mid
14,38.8,11,34,0.289,0.0224,1,No,0.8,0.776,4.81,3.93,9.07,4.8,No,Low,Mid
38,34.43,20,29,0.093,0.1296,0,No,1.0,0.204,3.68,4.55,8.25,3.4,No,None,Low
18,45.73,5,17,0.18,0.0408,2,No,5.8,0.391,2.29,6.25,5.82,4.0,No,Low,Low
14,71.68,4,24,0.307,0.068,0,No,4.8,0.507,3.84,5.53,8.61,4.7,No,None,Mid
24,50.78,1,37,0.187,0.0672,0,No,0.5,0.371,5.0,3.35,9.78,4.0,No,None,Low
51,102.84,26,20,0.195,0.1984,2,Yes,2.9,0.509,3.74,5.83,6.75,3.7,No,Low,Low
8,91.03,1,0,0.117,0.0264,0,No,2.7,0.824,3.19,5.93,8.1,3.3,No,None,Low
45,44.18,57,6,0.467,0.1544,1,Yes,3.7,0.934,4.39,7.6,8.21,6.0,No,Low,High
25,23.59,13,35,0.193,0.2112,0,No,0.0,0.74,4.44,3.68,8.74,4.2,No,None,Low
34,39.37,1,6,0.064,0.0336,0,No,1.0,0.854,2.94,5.07,7.83,3.2,No,None,Low
45,29.63,1,8,0.197,0.0392,0,Yes,3.8,0.651,3.68,5.9,8.55,4.2,No,None,Low
44,162.4,23,25,0.231,0.084,1,Yes,1.7,0.557,4.09,5.08,8.14,3.6,No,Low,Mid
28,113.52,15,5,0.624,0.024,0,No,0.0,0.374,4.1,5.25,9.02,6.7,No,None,High
24,76.08,13,17,0.276,0.0464,0,Yes,3.3,0.468,3.88,5.68,8.73,4.5,No,None,Mid
18,58.54,1,58,0.241,0.0456,0,No,3.5,0.323,4.71,3.3,9.56,4.3,Yes,None,Mid
57,124.59,1,102,0.209,0.2088,0,No,6.2,0.545,4.92,2.1,9.22,3.7,Yes,None,Low
34,93.79,1,19,0.698,0.0312,0,No,7.1,0.898,3.11,6.45,8.01,7.3,No,None,Extreme
42,105.46,11,75,0.26,0.0792,0,No,5.4,0.664,4.53,3.42,9.27,4.2,Yes,None,Mid
3,129.5,1,34,0.129,0.0032,0,No,0.0,0.707,3.11,3.33,8.1,3.1,No,None,Low
12,122.83,1,93,0.174,0.1568,1,No,0.0,0.559,3.15,1.0,6.96,3.5,Yes,Low,Low
36,93.27,1,22,0.222,0.1696,2,No,5.1,0.799,5.0,5.63,8.1,4.0,No,Low,Low
5,126.83,2,7,0.178,0.0112,0,No,5.2,0.335,4.07,6.45,9.03,3.5,No,None,Low
19,84.42,15,28,0.43,0.0232,0,No,0.0,0.545,3.71,4.1,8.63,5.5,No,None,Mid
12,142.06,1,0,0.309,0.0064,0,No,6.0,0.181,5.0,7.03,9.98,4.3,No,None,Mid
27,107.7,7,77,0.103,0.0248,2,No,6.3,0.569,3.75,3.48,7.33,3.1,Yes,Low,Low
17,18.51,5,12,0.355,0.1408,2,No,2.0,0.438,3.56,5.23,6.76,5.4,No,Low,Mid
43,134.61,11,4,0.395,0.0576,2,No,4.7,0.595,3.4,6.73,6.87,5.0,No,Low,Mid
28,38.74,1,14,0.144,0.0128,0,No,2.7,0.524,4.84,5.23,9.8,3.8,No,None,Low
40,41.31,11,40,0.479,0.056,0,No,3.7,0.477,3.96,4.6,8.77,6.1,No,None,High
22,48.0,6,39,0.235,0.1104,1,No,2.3,0.393,3.77,4.02,7.74,4.4,No,Low,Mid
10,26.54,1,14,0.255,0.0488,1,No,4.7,0.651,3.26,5.9,7.43,4.6,No,Low,Mid
41,106.43,11,36,0.214,0.0968,2,No,5.0,0.87,2.48,5.23,5.82,3.9,No,Low,Low
6,54.1,2,27,0.505,0.0624,2,No,5.2,0.515,3.91,5.45,7.37,6.2,No,Low,High
17,208.26,5,21,0.382,0.1136,1,No,2.5,0.631,3.73,4.95,7.68,4.4,No,Low,Mid
12,93.61,10,9,0.196,0.0592,0,No,3.1,0.82,2.99,5.92,7.79,3.8,No,None,Low
6,36.56,2,12,0.235,0.0856,0,No,1.2,0.792,4.84,4.87,9.55,4.4,No,None,Mid
43,112.99,22,20,0.334,0.0848,0,No,2.3,0.602,4.32,5.5,9.04,4.7,No,None,Mid
22,114.27,6,22,0.609,0.1256,1,No,3.7,0.831,2.59,5.33,6.5,6.6,No,Low,High
50,78.21,26,38,0.081,0.1512,1,Yes,4.7,0.428,4.37,5.53,8.2,3.1,No,Low,Low
16,90.58,9,25,0.545,0.1808,0,No,4.1,0.546,5.0,5.42,9.4,6.3,No,None,High
4,100.66,2,15,0.348,0.0304,0,No,3.1,0.628,2.72,5.35,7.62,4.8,No,None,Mid
25,74.48,1,19,0.53,0.1152,3,No,2.7,0.321,3.46,4.98,6.08,6.3,No,Medium,High
33,58.42,9,30,0.189,0.048,1,No,3.8,0.85,3.22,5.07,7.39,4.0,No,Low,Low
57,64.54,43,39,0.264,0.0192,2,Yes,0.9,0.838,3.88,4.78,7.48,4.5,No,Low,Mid
1,121.81,1,47,0.131,0.0168,0,No,3.2,0.788,4.94,3.75,9.88,3.2,No,None,Low
15,74.32,1,22,0.26,0.0192,1,Yes,4.7,0.405,3.14,5.5,7.41,4.4,No,Low,Mid
17,22.08,5,22,0.387,0.1344,0,No,5.3,0.856,3.38,5.83,7.93,5.6,No,None,Mid
43,30.78,54,31,0.273,0.064,2,No,6.8,0.543,4.59,7.38,8.04,4.7,No,Low,Mid
58,44.13,30,16,0.125,0.2056,2,Yes,0.1,0.831,4.16,5.23,7.14,3.6,No,Low,Low
19,79.43,1,2,0.337,0.0416,0,No,3.9,0.654,4.49,6.23,9.35,4.9,No,None,Mid
54,24.66,14,0,0.202,0.0256,1,Yes,0.6,0.813,3.04,5.67,7.29,4.3,No,Low,Low
50,92.47,13,44,0.17,0.0528,1,No,1.1,0.762,3.92,3.6,8.08,3.6,No,Low,Low
19,69.13,5,8,0.194,0.0264,0,No,0.1,0.712,3.58,4.8,8.49,3.9,No,None,Low
20,88.74,6,9,0.068,0.1192,1,No,5.0,0.717,3.93,6.42,7.87,2.9,No,Low,Low
1,53.65,1,100,0.367,0.044,1,No,1.9,0.778,4.31,1.0,8.5,5.2,Yes,Low,Mid
23,61.89,6,6,0.73,0.0016,0,No,3.1,0.459,5.0,5.93,9.99,7.7,No,None,Extreme
16,45.25,1,22,0.358,0.1808,0,Yes,1.8,0.568,4.62,4.53,9.02,5.2,No,None,Mid
24,66.14,1,103,0.291,0.0088,0,No,3.4,0.519,2.78,1.17,7.75,4.6,Yes,None,Mid
20,86.94,1,36,0.56,0.0112,0,No,4.7,0.877,2.68,4.8,7.64,6.4,No,None,High
15,52.78,12,54,0.041,0.024,0,Yes,6.0,0.143,4.56,4.7,9.48,3.0,No,None,Low
58,144.11,15,3,0.282,0.0104,1,No,5.2,0.133,4.64,7.08,8.94,4.1,No,Low,Mid
24,26.71,7,3,0.138,0.1184,2,No,2.6,0.741,4.38,5.95,7.65,3.8,No,Low,Low
58,70.85,15,19,0.384,0.0208,0,No,2.6,0.757,5.0,5.42,9.93,5.3,No,None,Mid
37,22.12,19,2,0.227,0.0504,1,No,0.3,0.425,2.92,5.63,7.09,4.5,No,Low,Mid
41,190.52,1,17,0.467,0.0128,0,No,0.5,0.766,4.57,4.35,9.53,5.1,No,None,High
33,59.52,1,6,0.067,0.0032,1,No,0.9,0.576,4.08,5.03,8.4,3.1,No,Low,Low
32,56.65,1,1,0.112,0.0232,1,No,3.9,0.68,2.98,6.28,7.24,3.4,No,Low,Low
58,54.63,1,55,0.027,0.1232,1,No,2.8,0.464,3.11,3.22,7.03,2.9,Yes,Low,Low
56,162.8,1,25,0.43,0.036,0,No,2.9,0.965,3.31,4.75,8.19,5.0,No,None,Mid
31,76.47,8,4,0.125,0.0944,0,No,7.4,0.334,3.67,7.53,8.36,3.4,No,None,Low
15,135.66,4,7,0.436,0.1072,1,No,0.0,0.953,3.93,4.78,7.91,5.2,No,Low,Mid
1,54.51,1,6,0.314,0.024,0,Yes,0.0,0.551,4.41,4.73,9.33,4.9,No,None,Mid
49,70.38,1,3,0.653,0.0016,0,No,4.0,0.389,5.0,6.22,9.99,7.1,No,None,High
12,281.36,10,2,0.071,0.0016,2,No,4.1,0.887,3.7,6.6,7.36,1.8,No,Low,Low
35,35.88,1,6,0.03,0.0592,0,No,2.7,0.503,5.0,5.63,9.8,3.0,No,None,Low
37,70.98,19,7,0.512,0.0824,4,Yes,0.8,0.89,3.82,5.55,5.88,6.2,No,Medium,High
48,191.36,13,48,0.143,0.0408,2,No,3.4,0.758,2.66,4.17,6.19,2.9,No,Low,Low
30,110.71,23,54,0.121,0.0152,1,Yes,1.9,0.313,2.44,3.7,6.72,3.2,No,Low,Low
26,30.41,14,16,0.059,0.1544,2,No,2.4,0.966,3.61,5.47,6.76,3.2,No,Low,Low
11,58.14,3,98,0.214,0.0448,1,No,6.3,0.343,3.49,2.3,7.67,4.1,Yes,Low,Low
60,87.74,31,30,0.208,0.0712,1,Yes,4.5,0.469,4.65,6.03,8.75,3.9,No,Low,Low
32,55.54,1,30,0.09,0.0016,1,No,3.8,0.573,3.29,4.8,7.62,3.3,No,Low,Low
2,65.78,1,23,0.172,0.0392,0,Yes,2.4,0.9,4.27,4.68,9.14,3.8,No,None,Low
10,155.38,1,85,0.326,0.1528,0,No,3.3,0.913,4.08,1.88,8.57,4.3,Yes,None,Mid
60,86.9,1,62,0.54,0.024,1,No,2.7,0.619,3.99,2.83,8.24,6.3,No,Low,High
46,33.85,12,9,0.127,0.0416,0,No,3.7,0.951,4.15,6.18,9.01,3.7,No,None,Low
22,193.41,12,5,0.345,0.1064,0,No,2.9,0.272,3.19,6.12,7.84,4.3,No,None,Mid
9,49.61,1,71,0.45,0.0208,3,No,0.0,0.82,4.55,1.48,7.48,5.9,Yes,Medium,High
54,58.81,1,117,0.18,0.0984,1,No,0.0,0.954,2.85,1.0,6.86,3.9,Yes,Low,Low
55,77.62,1,10,0.484,0.0368,0,No,6.3,0.723,3.65,6.63,8.53,5.9,No,None,High
57,28.49,15,54,0.479,0.06,1,Yes,1.1,0.651,5.0,3.17,9.13,6.2,No,Low,High
59,49.38,30,41,0.243,0.0592,1,Yes,2.5,0.398,3.84,4.78,7.98,4.4,No,Low,Mid
30,73.03,16,18,0.073,0.1672,0,No,5.3,0.797,3.65,6.4,8.09,3.1,No,None,Low
53,205.32,27,4,0.265,0.016,0,Yes,2.5,0.337,4.51,6.53,9.46,3.6,No,None,Mid
25,55.45,7,12,0.115,0.0744,1,No,5.9,0.556,3.33,6.6,7.42,3.5,No,Low,Low
21,49.26,1,18,0.263,0.0992,1,No,4.3,0.283,3.45,5.57,7.45,4.5,No,Low,Mid
18,133.28,5,11,0.043,0.0376,0,No,0.6,0.714,5.0,4.82,9.87,2.5,No,None,Low
20,163.7,6,33,0.388,0.0024,0,Yes,1.6,0.232,3.87,4.08,8.86,4.7,No,None,Mid
51,50.95,13,39,0.229,0.2584,2,No,3.7,0.804,3.53,4.72,6.34,4.3,No,Low,Mid
40,61.12,21,66,0.532,0.1256,0,No,0.0,0.25,5.0,2.4,9.58,6.4,Yes,None,High
16,44.41,1,6,0.447,0.16,2,No,3.6,0.415,4.26,5.93,7.39,5.9,No,Low,Mid
49,123.64,1,85,0.16,0.1376,1,Yes,5.3,0.985,4.43,2.55,8.3,3.4,Yes,Low,Low
39,85.69,30,65,0.183,0.0472,4,Yes,3.4,0.695,1.56,3.88,3.74,3.8,Yes,Medium,Low
35,43.33,9,15,0.089,0.0176,0,No,0.5,0.741,5.0,4.72,9.94,3.4,No,None,Low
29,101.36,1,60,0.168,0.0048,1,No,5.0,0.395,4.21,3.7,8.53,3.6,Yes,Low,Low
46,81.33,1,24,0.101,0.0584,0,No,3.5,0.671,2.84,5.0,7.65,3.2,No,None,Low
56,65.92,15,29,0.38,0.0008,1,No,4.4,0.845,3.81,5.52,8.14,5.3,No,Low,Mid
30,58.4,16,4,0.044,0.0376,2,Yes,5.1,0.666,3.6,7.03,7.14,3.0,No,Low,Low
52,155.43,53,31,0.274,0.0448,0,Yes,2.6,0.664,4.47,5.98,9.32,4.0,No,None,Mid
55,46.95,1,39,0.165,0.06,1,No,3.1,0.82,2.88,4.12,7.01,3.9,No,Low,Low
53,125.8,27,18,0.173,0.0128,0,Yes,4.1,0.202,3.1,6.37,8.06,3.5,No,None,Low
48,200.55,13,60,0.212,0.0192,1,No,0.8,0.442,3.81,2.7,8.08,3.3,Yes,Low,Low
3,44.95,2,18,0.461,0.1184,3,No,4.8,0.641,2.05,5.77,4.66,6.0,No,Medium,High
55,86.54,1,4,0.22,0.0024,1,No,1.8,0.591,4.48,5.43,8.81,4.0,No,Low,Low
32,94.66,9,2,0.334,0.0464,1,No,6.6,0.623,2.53,7.4,6.71,4.8,No,Low,Mid
58,10.93,30,53,0.149,0.06,0,No,3.2,0.741,4.78,4.42,9.58,4.0,No,None,Low
14,209.28,1,44,0.388,0.08,1,No,3.7,0.394,3.57,4.07,7.64,4.5,No,Low,Mid
26,87.79,1,11,0.499,0.0584,0,No,4.1,0.71,3.97,5.85,8.78,6.0,No,None,High
5,49.72,2,55,0.282,0.0888,1,No,1.2,0.633,4.0,2.72,8.04,4.7,Yes,Low,Mid
28,72.23,22,47,0.608,0.208,1,No,2.3,0.568,3.31,4.15,6.95,6.8,Yes,Low,High
8,42.67,5,24,0.247,0.0552,4,No,1.9,0.808,1.0,4.6,3.15,4.5,No,Medium,Mid
45,10.0,23,54,0.388,0.0008,0,No,1.6,0.41,4.46,3.6,9.46,5.7,No,None,Mid
48,64.77,13,47,0.53,0.0824,0,No,5.2,0.897,3.4,4.82,8.13,6.3,No,None,High
33,35.42,9,16,0.055,0.0256,0,Yes,6.1,0.497,3.92,6.53,8.83,3.2,No,None,Low
36,120.68,19,21,0.171,0.04,0,No,7.9,0.165,3.45,7.22,8.32,3.5,No,None,Low
60,111.79,31,26,0.128,0.0248,0,No,0.8,0.755,4.56,5.0,9.48,3.2,No,None,Low
13,91.39,1,28,0.202,0.128,0,No,0.5,0.766,4.88,3.8,9.45,3.9,No,None,Low
20,31.92,1,20,0.152,0.0168,0,No,2.2,0.892,2.46,4.77,7.4,3.9,No,None,Low
18,39.92,1,28,0.241,0.0504,0,No,5.5,0.508,3.69,5.47,8.52,4.4,No,None,Mid
51,132.18,26,13,0.325,0.0,0,No,0.0,0.449,5.0,5.22,10.0,4.5,No,None,Mid
50,80.64,26,40,0.098,0.1048,1,Yes,3.5,0.347,1.93,5.03,5.91,3.2,No,Low,Low
20,64.53,16,20,0.617,0.0512,0,No,3.7,0.61,5.0,5.77,9.83,6.9,No,None,High
43,139.77,11,34,0.242,0.016,0,No,3.1,0.788,5.0,4.7,9.95,3.9,No,None,Mid
33,30.95,1,1,0.436,0.1272,0,No,0.0,0.94,3.37,4.98,7.95,5.9,No,None,Mid
21,39.78,6,2,0.397,0.0576,1,No,1.2,0.248,4.54,5.5,8.68,5.5,No,Low,Mid
46,68.41,12,29,0.44,0.0328,2,No,2.4,0.796,3.06,4.75,6.62,5.7,No,Low,Mid
24,168.28,1,19,0.236,0.0048,1,No,5.6,0.791,4.3,5.95,8.62,3.6,No,Low,Mid
28,192.54,15,51,0.324,0.0488,1,No,1.3,0.366,3.62,3.38,7.79,4.1,No,Low,Mid
5,74.92,3,18,0.365,0.0208,1,No,1.1,0.589,4.85,4.57,9.11,5.1,No,Low,Mid
30,49.55,8,24,0.112,0.2856,0,No,1.3,0.431,4.42,4.5,8.47,3.5,No,None,Low
43,52.78,11,0,0.284,0.0344,0,No,3.7,0.545,3.97,6.6,8.86,4.7,No,None,Mid
53,201.67,1,27,0.456,0.028,1,No,4.8,0.507,2.9,5.28,7.14,5.0,No,Low,High
24,29.35,13,7,0.311,0.1272,2,No,1.3,0.702,2.63,5.52,5.87,5.0,No,Low,Mid
39,89.86,20,13,0.033,0.144,0,Yes,3.8,0.562,3.71,6.28,8.23,2.7,No,None,Low
14,37.22,4,51,0.187,0.0368,0,No,2.1,0.504,4.56,3.28,9.44,4.1,No,None,Low
36,139.23,10,82,0.159,0.1512,1,No,4.7,0.505,4.76,2.8,8.59,3.3,Yes,Low,Low
36,29.49,19,19,0.063,0.0128,0,No,4.1,0.726,3.84,6.05,8.8,3.3,No,None,Low
26,99.94,14,39,0.311,0.0464,0,No,3.0,0.353,4.52,4.52,9.37,4.6,No,None,Mid
55,39.54,1,48,0.455,0.0232,2,No,2.1,0.923,3.63,3.33,7.22,5.9,Yes,Low,High
13,54.81,1,10,0.07,0.22,2,No,3.5,0.771,3.02,5.7,5.95,3.2,No,Low,Low
40,49.62,1,1,0.242,0.14,0,No,5.4,0.85,4.51,6.78,9.04,4.4,No,None,Mid
21,96.85,1,1,0.542,0.004,1,No,2.4,0.669,4.57,5.78,8.89,6.2,No,Low,High
26,66.01,20,73,0.068,0.0008,1,No,0.3,0.395,3.95,2.12,8.28,3.1,Yes,Low,Low
34,277.97,1,21,0.173,0.0648,0,No,2.2,0.397,4.3,4.72,9.08,2.5,No,None,Low
40,45.16,1,25,0.191,0.1112,3,No,0.9,0.332,4.86,4.08,7.49,4.1,No,Medium,Low
14,45.39,4,74,0.35,0.1296,0,No,0.0,0.953,4.74,1.43,9.31,5.2,Yes,None,Mid
21,32.53,1,24,0.49,0.0792,1,No,0.7,0.652,2.59,4.07,6.66,6.2,No,Low,High
43,43.48,1,5,0.268,0.0912,2,No,0.7,0.497,3.03,5.02,6.39,4.6,No,Low,Mid
59,128.54,30,7,0.458,0.0088,2,No,3.6,0.394,4.78,6.85,8.42,5.4,No,Low,High
49,118.87,13,86,0.232,0.0504,1,No,0.0,0.91,3.66,1.13,7.83,3.9,Yes,Low,Mid
47,75.1,1,25,0.202,0.0336,0,Yes,6.0,0.644,2.94,5.78,7.83,4.0,No,None,Low
50,25.7,26,30,0.557,0.2504,1,No,3.2,0.561,2.68,5.43,6.18,6.7,No,Low,High
19,38.48,5,87,0.324,0.192,1,No,3.1,0.686,3.53,1.85,7.22,5.0,Yes,Low,Mid
12,43.4,1,28,0.251,0.0504,1,No,2.1,0.585,3.68,4.33,7.85,4.5,No,Low,Mid
36,81.27,10,42,0.147,0.0416,0,No,4.7,0.908,4.34,4.8,9.2,3.5,No,None,Low
58,231.37,1,17,0.277,0.0024,1,No,3.4,0.812,3.6,5.32,7.93,3.6,No,Low,Mid
30,51.06,8,11,0.431,0.052,3,No,4.8,0.223,3.75,6.32,6.58,5.7,No,Medium,Mid
44,77.71,1,51,0.257,0.0552,1,No,5.2,0.909,5.0,4.22,9.15,4.3,No,Low,Mid
33,57.94,9,15,0.194,0.0848,3,No,1.1,0.574,3.23,4.92,5.95,4.0,No,Medium,Low
44,93.98,1,8,0.136,0.0384,0,No,6.0,0.675,4.32,6.63,9.19,3.4,No,None,Low
23,194.29,6,35,0.334,0.0,0,No,2.4,0.368,4.46,4.25,9.46,4.2,No,None,Mid
41,67.87,11,4,0.074,0.0016,0,No,0.0,0.795,4.49,5.17,9.48,3.1,No,None,Low
13,47.18,4,13,0.472,0.104,1,No,2.8,0.651,3.04,5.42,7.03,6.0,No,Low,High
28,27.06,1,15,0.278,0.0592,0,No,2.9,0.696,4.31,5.25,9.11,4.8,No,None,Mid
28,66.75,15,30,0.068,0.1144,1,No,2.4,0.755,5.0,4.8,8.95,3.1,No,Low,Low
19,102.98,5,32,0.179,0.02,1,No,3.7,0.106,3.51,4.8,7.78,3.6,No,Low,Low
37,31.32,19,69,0.231,0.1512,2,No,0.9,0.194,3.94,2.48,7.1,4.4,Yes,Low,Mid
31,43.48,1,39,0.217,0.0008,1,No,1.2,0.389,3.03,3.48,7.36,4.3,No,Low,Low
50,122.82,1,34,0.375,0.0264,1,No,2.0,0.448,4.34,4.0,8.59,4.9,No,Low,Mid
42,255.33,11,221,0.045,0.0456,3,Yes,3.7,0.951,4.43,1.6,7.28,1.8,Yes,Medium,Low
39,58.91,1,57,0.25,0.2016,1,No,1.0,0.384,3.55,2.52,7.21,4.4,Yes,Low,Mid
17,40.7,9,37,0.367,0.008,0,No,2.3,0.28,3.78,4.22,8.75,5.3,No,None,Mid
28,173.58,1,72,0.368,0.0528,2,No,2.2,0.393,4.56,2.17,8.05,4.5,Yes,Low,Mid
4,130.6,1,43,0.664,0.0424,0,Yes,1.3,0.985,5.0,3.32,9.86,6.9,No,None,High
6,72.41,2,58,0.331,0.1032,0,No,2.4,0.683,4.56,2.97,9.22,4.9,No,None,Mid
60,54.63,1,27,0.269,0.0568,1,No,6.0,0.644,3.7,5.68,7.84,4.6,No,Low,Mid
19,55.98,15,25,0.085,0.1032,3,Yes,0.7,0.733,4.3,4.48,6.96,3.3,No,Medium,Low
58,26.55,1,61,0.245,0.0064,1,No,2.4,0.693,5.0,2.78,9.31,4.6,No,Low,Mid
23,98.56,1,8,0.272,0.0112,1,No,4.2,0.81,3.07,6.03,7.37,4.3,No,Low,Mid
40,73.59,11,68,0.32,0.0368,1,No,2.6,0.567,4.16,2.83,8.37,4.8,Yes,Low,Mid
60,52.03,31,51,0.239,0.04,1,Yes,2.3,0.37,3.12,4.25,7.32,4.4,No,Low,Mid
45,29.49,12,13,0.301,0.0328,3,Yes,1.1,0.825,3.26,5.12,6.15,4.9,No,Medium,Mid
42,62.77,1,73,0.207,0.0616,1,No,2.0,0.576,3.72,2.05,7.85,4.1,Yes,Low,Low
6,48.81,1,12,0.523,0.0496,4,No,2.5,0.857,2.26,5.27,4.43,6.4,No,Medium,High
24,64.76,7,4,0.151,0.1216,1,No,2.6,0.701,5.0,5.9,8.93,3.7,No,Low,Low
22,24.37,6,77,0.623,0.1328,2,No,0.2,0.88,3.78,1.42,7.0,7.2,Yes,Low,High
53,70.21,1,117,0.156,0.0608,0,No,0.2,0.882,2.73,1.0,7.53,3.7,Yes,None,Low
21,108.31,11,41,0.244,0.2856,1,No,5.5,0.837,3.82,5.15,7.2,4.1,No,Low,Mid
14,59.52,4,6,0.099,0.1648,1,No,2.1,0.479,4.93,5.53,8.71,3.3,No,Low,Low
24,30.96,19,14,0.095,0.144,1,No,3.2,0.512,3.23,6.0,7.08,3.5,No,Low,Low
25,28.75,1,29,0.181,0.1584,1,No,1.5,0.671,4.71,4.08,8.52,4.1,No,Low,Low
17,79.03,13,15,0.179,0.0056,0,No,1.2,0.383,3.75,5.08,8.73,3.8,No,None,Low
59,78.59,30,4,0.291,0.0528,0,No,3.4,0.63,5.0,6.93,9.82,4.6,No,None,Mid
51,34.3,1,44,0.323,0.0424,2,No,4.5,0.358,3.16,4.33,6.69,5.1,No,Low,Mid
46,75.72,35,36,0.378,0.1608,1,No,3.3,0.804,3.53,5.47,7.33,5.2,No,Low,Mid
35,159.65,9,43,0.438,0.0488,2,No,4.0,0.36,3.0,4.48,6.5,5.1,No,Low,Mid
17,78.24,5,5,0.21,0.2072,0,No,0.0,0.793,5.0,4.92,9.31,4.0,No,None,Low
56,101.28,15,6,0.181,0.168,1,No,3.4,0.672,4.95,6.33,8.72,3.7,No,Low,Low
28,92.6,29,3,0.436,0.0248,1,No,0.6,0.782,3.52,6.02,7.77,5.5,No,Low,Mid
2,81.55,1,10,0.03,0.0544,0,No,0.9,0.311,3.44,4.83,8.26,2.7,No,None,Low
34,138.34,1,36,0.355,0.0216,0,No,1.3,0.692,4.86,3.67,9.79,4.7,No,None,Mid
1,36.27,1,1,0.402,0.0448,0,Yes,0.0,0.835,4.4,4.98,9.25,5.6,No,None,Mid
47,35.9,24,2,0.091,0.2344,0,Yes,3.7,0.946,4.61,6.93,8.83,3.4,No,None,Low
3,46.04,1,43,0.469,0.1264,0,No,1.5,0.577,4.22,3.38,8.8,6.0,No,None,High
59,103.1,15,14,0.203,0.0256,1,No,0.0,0.666,3.06,4.8,7.31,3.8,No,Low,Low
56,35.88,1,49,0.075,0.004,0,No,5.3,0.631,3.0,4.35,7.99,3.3,No,None,Low
22,42.04,6,2,0.484,0.0496,2,No,0.0,0.636,3.6,5.1,7.1,6.1,No,Low,High
42,67.88,1,50,0.292,0.1032,2,No,4.8,0.32,3.88,4.13,7.2,4.6,No,Low,Mid
4,84.39,2,11,0.519,0.0072,0,No,6.6,0.192,3.59,6.72,8.57,6.1,No,None,High
15,37.31,4,20,0.431,0.2304,3,No,3.3,0.802,2.95,5.23,5.18,5.8,No,Medium,Mid
36,149.88,10,8,0.248,0.0384,0,Yes,2.2,0.687,3.77,5.67,8.64,3.8,No,None,Mid
39,81.17,10,58,0.019,0.1176,0,No,1.1,0.628,3.95,2.8,8.56,2.6,Yes,None,Low
54,52.01,28,83,0.4,0.048,0,Yes,5.8,0.521,3.49,3.72,8.33,5.5,No,None,Mid
12,41.53,4,0,0.201,0.0696,0,No,3.5,0.815,4.17,6.3,8.94,4.2,No,None,Low
37,48.92,38,72,0.083,0.0168,0,No,4.4,0.704,4.97,4.13,9.91,3.3,No,None,Low
48,37.08,13,15,0.23,0.0136,0,No,7.2,0.614,3.82,7.08,8.77,4.4,No,None,Mid
41,17.67,11,14,0.235,0.0664,0,No,1.3,0.512,3.58,5.1,8.36,4.5,No,None,Mid
58,36.79,15,2,0.523,0.1136,2,No,3.0,0.757,2.73,6.4,6.02,6.4,No,Low,High
7,99.62,2,52,0.014,0.0368,0,No,3.0,0.37,4.2,3.47,9.08,2.5,No,None,Low
31,78.18,1,19,0.444,0.1808,3,No,3.6,0.904,2.76,5.28,5.16,5.6,No,Medium,Mid
5,21.9,3,13,0.248,0.0024,1,No,0.9,0.873,3.96,4.75,8.29,4.6,No,Low,Mid
27,82.62,1,49,0.088,0.0432,0,No,0.0,0.648,3.1,2.58,7.96,3.1,Yes,None,Low
25,48.93,7,18,0.37,0.1856,2,No,5.6,0.21,4.07,6.2,7.12,5.3,No,Low,Mid
17,41.06,1,138,0.498,0.1,0,No,7.0,0.814,3.72,2.37,8.39,6.2,Yes,None,High
28,82.49,1,63,0.488,0.052,1,No,1.9,0.086,3.47,2.52,7.63,5.9,Yes,Low,High
55,59.06,14,1,0.278,0.0152,0,Yes,1.2,0.579,3.97,5.82,8.92,4.6,No,None,Mid
27,60.8,7,1,0.35,0.0968,1,No,5.2,0.764,3.33,6.92,7.34,5.1,No,Low,Mid
53,85.04,1,43,0.322,0.148,0,No,2.4,0.524,3.69,3.68,8.2,4.7,No,None,Mid
26,107.84,1,7,0.103,0.0008,1,No,2.4,0.497,3.73,5.48,8.06,3.1,No,Low,Low
49,69.1,25,47,0.355,0.0016,0,No,1.6,0.944,5.0,4.02,9.99,5.1,No,None,Mid
29,73.61,8,10,0.263,0.0936,0,No,3.6,0.724,4.42,5.97,9.11,4.4,No,None,Mid
60,30.93,1,13,0.219,0.0608,0,No,2.0,0.595,3.69,5.05,8.49,4.3,No,None,Low
27,28.62,1,14,0.319,0.124,1,No,0.2,0.408,2.94,4.4,6.86,5.1,No,Low,Mid
17,49.11,5,23,0.321,0.0512,0,No,3.8,0.76,4.33,5.28,9.16,5.0,No,None,Mid
38,41.74,1,4,0.214,0.0296,0,No,1.1,0.877,4.5,5.2,9.4,4.2,No,None,Low
16,59.25,1,2,0.274,0.1056,1,No,2.3,0.745,3.47,5.7,7.45,4.6,No,Low,Mid
9,46.65,5,41,0.069,0.1496,4,No,4.5,0.898,3.52,4.62,5.35,3.2,No,Medium,Low
32,123.61,9,17,0.328,0.068,0,No,0.0,0.514,4.04,4.45,8.81,4.6,No,None,Mid
1,62.51,1,13,0.15,0.1968,1,No,6.1,0.757,3.85,6.42,7.53,3.7,No,Low,Low
9,56.47,3,14,0.063,0.0528,0,Yes,3.3,0.841,3.1,5.5,7.92,3.1,No,None,Low
50,81.9,13,20,0.174,0.0344,0,No,1.5,0.442,2.49,4.93,7.38,3.7,No,None,Low
7,27.76,1,23,0.586,0.0352,0,No,0.0,0.347,4.73,3.88,9.61,6.9,No,None,High
44,456.89,34,1,0.534,0.048,0,Yes,5.5,0.732,3.93,7.92,8.77,4.0,No,None,High
37,40.5,1,1,0.268,0.0768,2,No,3.8,0.561,4.97,6.25,8.38,4.6,No,Low,Mid
40,34.31,1,44,0.447,0.0024,0,No,5.6,0.791,2.75,4.7,7.74,5.9,No,None,Mid
51,68.62,39,9,0.292,0.3088,2,No,0.4,0.659,2.65,5.98,5.29,4.6,No,Low,Mid
45,11.43,23,4,0.281,0.0568,3,No,2.0,0.657,2.86,6.23,5.67,4.9,No,Medium,Mid
60,104.21,16,51,0.243,0.228,1,No,3.3,0.885,4.24,4.08,7.81,4.1,No,Low,Mid
6,96.84,1,14,0.349,0.0344,0,No,2.7,0.608,3.83,5.23,8.72,4.9,No,None,Mid
37,41.6,19,1,0.187,0.0048,0,No,1.4,0.507,5.0,6.05,9.98,4.1,No,None,Low
39,68.37,1,16,0.13,0.084,0,No,3.6,0.599,3.25,5.43,7.97,3.5,No,None,Low
4,36.23,2,4,0.068,0.0032,0,No,1.1,0.309,3.77,5.23,8.76,3.3,No,None,Low
49,56.83,25,63,0.427,0.036,2,No,5.3,0.433,3.7,4.45,7.25,5.6,No,Low,Mid
37,25.39,19,16,0.31,0.096,2,No,0.0,0.255,4.74,4.83,8.09,5.0,No,Low,Mid
10,73.13,1,9,0.146,0.1216,1,No,0.7,0.667,4.78,4.82,8.71,3.6,No,Low,Low
10,66.37,1,148,0.077,0.02,0,Yes,0.0,0.579,4.7,1.0,9.63,3.1,Yes,None,Low
49,29.13,13,7,0.563,0.1496,0,No,3.9,0.646,2.06,6.38,6.56,6.8,No,None,High
35,28.05,9,0,0.302,0.0344,0,No,0.9,0.798,2.15,5.6,7.04,4.9,No,None,Mid
8,27.38,9,161,0.17,0.0568,0,No,4.6,0.861,5.0,1.83,9.81,4.0,Yes,None,Low
23,23.36,1,21,0.221,0.0888,1,No,2.0,0.462,4.15,4.65,8.19,4.4,No,Low,Low
49,65.22,1,90,0.352,0.0064,0,Yes,4.0,0.928,2.85,1.87,7.83,5.1,Yes,None,Mid
52,90.83,14,43,0.398,0.0304,0,No,2.4,0.551,4.49,4.12,9.39,5.2,No,None,Mid
7,64.73,4,42,0.239,0.0144,0,No,1.0,0.19,3.43,3.37,8.38,4.3,No,None,Mid
53,94.99,1,42,0.274,0.1136,1,No,1.6,0.585,5.0,3.47,8.95,4.3,No,Low,Mid
2,111.25,2,11,0.281,0.0552,0,Yes,0.0,0.83,5.0,4.52,9.82,4.3,No,None,Mid
38,62.09,1,18,0.402,0.0896,1,No,3.2,0.726,4.89,5.2,8.92,5.4,No,Low,Mid
20,17.16,6,15,0.525,0.0032,1,No,2.5,0.853,2.75,5.28,7.07,6.6,No,Low,High
31,104.72,24,3,0.185,0.0856,0,No,4.2,0.875,3.86,7.05,8.57,3.7,No,None,Low
30,42.0,1,9,0.325,0.0408,0,No,0.7,0.836,3.74,4.82,8.6,5.0,No,None,Mid
48,252.19,13,9,0.316,0.0944,1,No,3.1,0.718,4.6,6.02,8.62,3.7,No,Low,Mid
25,99.06,1,46,0.085,0.1176,0,No,1.9,0.252,4.46,3.37,9.07,3.0,Yes,None,Low
10,79.6,11,37,0.254,0.056,1,No,0.9,0.861,3.85,3.82,8.0,4.3,No,Low,Mid
60,92.7,31,31,0.139,0.0544,2,Yes,1.4,0.712,3.75,4.95,7.24,3.4,No,Low,Low
17,30.52,5,31,0.404,0.0328,1,No,3.8,0.758,3.55,4.88,7.77,5.6,No,Low,Mid
9,18.88,7,37,0.497,0.0792,0,No,4.5,0.37,4.11,4.88,8.85,6.4,No,None,High
43,73.55,33,5,0.27,0.0432,1,No,4.5,0.44,3.95,7.35,8.14,4.4,No,Low,Mid
58,122.8,1,23,0.43,0.0128,0,No,4.0,0.489,5.0,5.22,9.96,5.3,No,None,Mid
32,56.19,9,3,0.326,0.0752,3,No,1.7,0.139,2.32,5.72,5.07,4.9,No,Medium,Mid
24,105.02,1,2,0.394,0.1384,1,No,4.0,0.252,4.99,6.27,8.86,5.1,No,Low,Mid
16,39.71,1,36,0.185,0.0104,0,No,4.2,0.717,3.75,4.63,8.72,4.1,No,None,Low
46,46.68,58,16,0.258,0.0408,1,No,4.2,0.13,4.49,7.27,8.69,4.5,No,Low,Mid
12,69.25,4,44,0.353,0.0024,0,No,3.9,0.307,3.63,4.23,8.62,5.1,No,None,Mid
35,54.99,9,20,0.22,0.0152,0,No,1.0,0.703,4.35,4.63,9.3,4.2,No,None,Low
53,113.13,14,14,0.674,0.0448,0,No,3.2,0.67,3.47,5.83,8.32,7.0,No,None,Extreme
43,108.29,11,33,0.461,0.2024,0,No,1.3,0.807,3.0,4.15,7.33,5.6,No,None,High
47,69.01,24,7,0.272,0.0056,0,No,4.3,0.58,3.83,6.88,8.81,4.5,No,None,Mid
46,49.79,1,145,0.175,0.0416,2,No,2.1,0.777,2.66,1.0,6.19,3.9,Yes,Low,Low
17,52.97,1,21,0.498,0.1088,1,No,0.0,0.795,2.92,3.98,6.89,6.2,No,Low,High
29,276.57,1,32,0.226,0.0272,1,No,1.0,0.909,3.73,3.77,7.97,2.9,No,Low,Low
57,153.83,1,1,0.221,0.1136,0,Yes,7.0,0.246,4.58,7.32,9.2,3.6,No,None,Low
36,38.57,10,19,0.008,0.0344,1,No,3.5,0.522,3.61,5.55,7.83,2.8,No,Low,Low
35,61.3,18,27,0.142,0.0352,2,No,0.7,0.538,4.61,4.48,8.16,3.6,No,Low,Low
4,57.75,1,209,0.508,0.0224,0,No,1.6,0.654,4.93,1.0,9.86,6.2,Yes,None,High
7,50.0,2,20,0.476,0.0224,0,Yes,0.9,0.444,3.67,4.37,8.6,6.0,No,None,High
19,91.11,5,16,0.313,0.024,0,No,2.6,0.254,4.88,5.23,9.8,4.6,No,None,Mid
47,50.46,24,22,0.183,0.0984,1,Yes,0.0,0.37,3.08,4.7,7.09,4.0,No,Low,Low
28,67.56,1,48,0.047,0.0088,1,No,0.5,0.442,3.64,2.8,7.94,2.9,Yes,Low,Low
41,77.01,31,2,0.145,0.0264,1,No,1.8,0.662,2.96,6.53,7.21,3.6,No,Low,Low
22,28.0,1,14,0.177,0.0856,0,Yes,3.3,0.643,3.8,5.43,8.51,4.1,No,None,Low
21,89.44,6,5,0.256,0.0992,0,No,4.3,0.732,3.52,6.38,8.19,4.3,No,None,Mid
5,73.07,2,32,0.073,0.0864,1,No,1.4,0.794,4.36,3.93,8.41,3.1,No,Low,Low
45,31.34,1,3,0.175,0.0672,1,No,4.9,0.862,3.59,6.52,7.7,4.0,No,Low,Low
49,106.98,1,53,0.521,0.052,0,No,7.1,0.502,4.37,4.75,9.2,6.0,No,None,High
32,38.11,1,13,0.097,0.012,2,No,2.8,0.798,3.91,5.32,7.54,3.5,No,Low,Low
60,59.11,16,9,0.45,0.0552,1,Yes,3.2,0.706,3.77,6.15,7.92,5.8,No,Low,High
1,182.13,1,11,0.436,0.132,1,No,2.6,0.35,3.3,5.35,7.19,5.0,No,Low,Mid
20,76.02,6,2,0.521,0.1656,1,Yes,2.5,0.858,3.51,5.93,7.29,6.2,No,Low,High
28,116.62,1,48,0.411,0.0536,1,No,3.5,0.856,3.59,3.8,7.74,5.2,No,Low,Mid
57,51.78,15,28,0.501,0.1184,0,No,3.9,0.472,4.29,5.4,8.9,6.2,No,None,High
44,90.18,1,13,0.439,0.188,2,No,2.8,0.459,3.51,5.32,6.55,5.5,No,Low,Mid
54,52.45,14,3,0.115,0.0624,0,No,6.0,0.375,4.39,7.32,9.18,3.5,No,None,Low
48,71.97,13,2,0.259,0.004,0,No,6.3,0.407,4.92,7.43,9.91,4.4,No,None,Mid
37,109.42,10,27,0.035,0.0432,0,No,2.2,0.785,3.59,4.72,8.45,2.6,No,None,Low
60,75.37,1,32,0.057,0.0144,0,No,0.0,0.553,3.57,3.43,8.52,2.9,No,None,Low
12,118.81,4,6,0.312,0.1016,1,No,4.2,0.487,4.06,6.23,8.05,4.5,No,Low,Mid
18,210.62,1,29,0.383,0.0136,0,No,4.5,0.841,4.59,5.08,9.54,4.4,No,None,Mid
53,94.06,27,14,0.583,0.2264,0,No,3.2,0.517,4.56,6.27,8.81,6.5,No,None,High
45,46.2,1,40,0.304,0.0144,0,Yes,3.2,0.498,5.0,4.1,9.95,4.9,No,None,Mid
51,57.36,13,17,0.125,0.244,4,Yes,1.8,0.912,1.71,5.18,3.23,3.5,No,Medium,Low
50,155.7,13,100,0.11,0.0632,0,No,2.6,0.631,3.75,1.3,8.54,2.8,Yes,None,Low
5,82.15,2,11,0.116,0.0528,0,No,3.0,0.6,3.89,5.52,8.71,3.3,No,None,Low
31,75.03,1,55,0.09,0.0288,1,No,4.2,0.537,3.65,3.68,7.89,3.2,No,Low,Low
2,79.89,2,1,0.096,0.0192,3,No,4.1,0.497,4.64,6.38,7.58,3.2,No,Medium,Low
45,93.95,1,29,0.35,0.0208,2,No,1.8,0.422,3.66,4.18,7.26,4.9,No,Low,Mid
59,50.1,30,27,0.516,0.0848,2,No,3.0,0.225,3.8,5.65,7.18,6.3,No,Low,High
9,185.63,1,11,0.544,0.0096,0,No,4.3,0.605,4.47,5.92,9.44,5.7,No,None,High
2,112.17,2,5,0.196,0.0776,0,No,3.9,0.331,3.83,6.12,8.57,3.7,No,None,Low
18,11.74,19,111,0.181,0.1504,2,No,0.9,0.691,4.34,1.0,7.51,4.2,Yes,Low,Low
56,82.43,15,1,0.327,0.1264,0,Yes,0.0,0.306,4.47,5.45,9.05,4.8,No,None,Mid
35,49.69,27,52,0.326,0.048,1,No,3.8,0.28,4.6,4.57,8.77,5.0,No,Low,Mid
44,105.45,12,45,0.334,0.1184,2,No,3.9,0.066,3.94,4.45,7.21,4.7,No,Low,Mid
25,74.15,7,104,0.155,0.028,1,Yes,3.5,0.722,4.84,1.4,9.08,3.6,Yes,Low,Low
16,14.55,9,20,0.117,0.1544,0,No,5.6,0.68,5.0,6.17,9.49,3.7,No,None,Low
58,29.25,44,27,0.354,0.0072,0,No,1.2,0.757,2.49,5.52,7.47,5.3,No,None,Mid
41,116.73,21,13,0.208,0.1176,1,No,1.7,0.217,4.54,5.62,8.48,3.8,No,Low,Low
44,68.36,1,50,0.03,0.2056,0,No,8.2,0.229,4.17,5.27,8.48,2.8,No,None,Low
46,122.03,12,13,0.212,0.3312,3,No,1.0,0.529,3.22,5.08,5.12,3.8,No,Medium,Low
20,51.49,6,111,0.093,0.0048,4,No,5.0,0.845,2.63,1.87,4.95,3.3,Yes,Medium,Low
59,116.62,1,5,0.33,0.0104,1,Yes,6.2,0.671,4.54,6.85,8.84,4.6,No,Low,Mid
4,57.95,1,47,0.188,0.0896,1,No,6.0,0.323,4.24,4.68,8.27,4.0,No,Low,Low
53,103.44,1,13,0.118,0.0656,0,No,4.7,0.747,4.12,5.95,8.9,3.2,No,None,Low
32,74.03,9,27,0.474,0.0168,0,No,3.2,0.73,3.91,5.02,8.85,5.9,No,None,High
52,50.97,14,119,0.094,0.096,2,No,3.3,0.611,3.74,1.57,7.09,3.4,Yes,Low,Low
20,63.45,6,11,0.432,0.1816,2,Yes,6.4,0.426,4.74,6.78,7.8,5.6,No,Low,Mid
39,117.65,30,24,0.413,0.0248,2,No,0.5,0.781,2.89,4.97,6.47,5.2,No,Low,Mid
15,133.17,4,93,0.293,0.0728,1,No,0.8,0.568,2.89,1.0,6.98,4.3,Yes,Low,Mid
18,80.9,5,5,0.185,0.036,0,No,4.5,0.458,3.54,6.42,8.42,3.8,No,None,Low
7,192.84,1,72,0.381,0.0032,0,No,3.6,0.501,4.93,2.63,9.92,4.5,Yes,None,Mid
3,22.34,2,45,0.686,0.0576,0,No,0.3,0.662,3.41,2.92,8.22,7.7,Yes,None,Extreme
8,72.01,5,108,0.096,0.0768,1,No,1.8,0.908,4.0,1.0,8.08,3.2,Yes,Low,Low
29,233.83,15,1,0.144,0.016,0,No,2.0,0.574,3.29,6.12,8.24,2.6,No,None,Low
8,27.63,3,25,0.254,0.068,0,No,4.5,0.728,4.83,5.35,9.6,4.6,No,None,Mid
1,94.32,1,0,0.236,0.1208,0,No,2.7,0.836,4.5,5.93,9.1,4.1,No,None,Mid
43,74.75,11,34,0.052,0.1416,0,No,3.6,0.883,5.0,4.87,9.53,2.9,No,None,Low
54,96.43,1,24,0.249,0.1056,1,No,0.4,0.637,3.75,3.97,7.73,4.2,No,Low,Mid
21,237.38,6,1,0.245,0.0696,1,No,3.8,0.783,3.7,6.42,7.8,3.3,No,Low,Mid
39,54.11,10,3,0.231,0.0552,0,Yes,6.3,0.727,5.0,7.28,9.82,4.3,No,None,Mid
45,131.95,12,2,0.529,0.0776,0,No,2.7,0.636,3.42,6.2,8.16,5.9,No,None,High
2,59.4,1,15,0.712,0.0664,1,No,2.0,0.597,3.35,4.95,7.46,7.6,No,Low,Extreme
34,266.05,9,12,0.338,0.0008,1,No,6.9,0.568,3.13,7.0,7.46,3.8,No,Low,Mid
21,186.42,1,4,0.587,0.1976,2,Yes,0.0,0.879,4.53,4.83,7.54,6.0,No,Low,High
48,74.13,13,20,0.302,0.0192,1,No,1.6,0.335,3.02,4.97,7.29,4.7,No,Low,Mid
33,47.0,17,71,0.028,0.1536,2,No,3.5,0.298,2.57,3.18,5.72,2.9,Yes,Low,Low
56,32.41,15,31,0.326,0.0016,0,No,0.9,0.625,2.95,4.25,7.94,5.1,No,None,Mid
39,206.91,1,7,0.33,0.0376,0,No,7.3,0.606,4.85,7.12,9.72,4.1,No,None,Mid
57,36.64,15,11,0.372,0.1544,1,No,2.4,0.499,5.0,5.75,8.82,5.4,No,Low,Mid
40,68.23,11,26,0.328,0.1472,2,No,2.7,0.962,4.33,4.97,7.51,4.9,No,Low,Mid
7,73.55,2,16,0.315,0.0304,0,No,0.0,0.526,4.58,4.27,9.48,4.8,No,None,Mid
15,56.17,1,11,0.141,0.0176,3,No,0.0,0.656,2.55,4.48,5.49,3.6,No,Medium,Low
9,58.53,1,14,0.209,0.0248,0,No,6.9,0.729,4.81,6.63,9.73,4.1,No,None,Low
30,16.93,16,35,0.269,0.0464,0,No,5.4,0.687,3.6,5.58,8.45,4.8,No,None,Mid
44,38.22,1,3,0.278,0.1264,0,No,5.2,0.4,3.79,6.62,8.37,4.7,No,None,Mid
51,125.63,1,2,0.248,0.02,1,No,3.0,0.67,1.58,5.93,5.85,4.0,No,Low,Mid
55,130.94,1,21,0.221,0.0296,0,No,5.4,0.178,3.84,5.78,8.74,3.8,No,None,Low
60,73.69,16,27,0.215,0.0072,1,Yes,4.3,0.838,3.12,5.62,7.43,4.1,No,Low,Low
53,81.37,14,12,0.341,0.0216,0,Yes,4.0,0.726,3.48,6.2,8.41,4.9,No,None,Mid
17,65.01,9,12,0.415,0.0192,2,No,3.6,0.705,3.49,5.9,7.09,5.5,No,Low,Mid
38,44.77,10,56,0.1,0.0128,1,No,4.2,0.503,2.79,3.93,7.08,3.4,Yes,Low,Low
41,73.28,1,8,0.346,0.1848,2,No,2.2,0.559,2.79,5.37,5.84,5.0,No,Low,Mid
39,37.72,1,47,0.325,0.0048,0,No,6.0,0.956,3.89,4.68,8.87,5.0,No,None,Mid
48,75.88,13,67,0.295,0.1112,0,No,3.8,0.771,3.55,3.35,8.18,4.6,Yes,None,Mid
21,61.51,1,5,0.087,0.0488,1,No,3.8,0.298,2.75,6.05,6.92,3.2,No,Low,Low
3,154.54,2,16,0.305,0.0536,0,No,3.4,0.845,5.0,5.4,9.82,4.2,No,None,Mid
37,94.43,19,10,0.268,0.252,0,No,0.5,0.558,3.56,5.3,7.72,4.3,No,None,Mid
17,111.57,1,66,0.093,0.0528,0,No,0.0,0.643,4.38,1.73,9.2,3.0,Yes,None,Low
17,29.55,5,0,0.471,0.0096,0,No,2.9,0.645,4.68,6.13,9.65,6.1,No,None,High
54,36.74,1,8,0.426,0.0048,1,No,3.8,0.735,5.0,5.9,9.32,5.8,No,Low,Mid
11,47.17,1,11,0.313,0.0016,1,No,0.0,0.711,4.73,4.48,9.06,4.9,No,Low,Mid
10,70.88,3,26,0.509,0.0104,1,No,5.0,0.652,2.95,5.47,7.25,6.1,No,Low,High
1,58.75,1,36,0.457,0.0072,1,Yes,3.2,0.525,4.0,4.3,8.31,5.8,No,Low,High
10,291.08,3,11,0.416,0.0008,1,Yes,3.6,0.616,2.69,5.75,7.02,4.2,No,Low,Mid
25,40.12,7,3,0.682,0.1936,0,No,3.3,0.766,4.87,6.18,9.22,7.5,No,None,Extreme
16,164.44,9,18,0.469,0.0232,1,Yes,5.8,0.614,3.46,6.33,7.72,5.3,No,Low,High
55,80.55,1,81,0.224,0.0136,1,No,2.1,0.742,4.47,1.68,8.76,4.1,Yes,Low,Low
59,95.74,15,22,0.21,0.072,0,Yes,0.0,0.547,4.25,4.4,9.01,3.9,No,None,Low
38,72.18,10,57,0.125,0.0104,1,No,4.2,0.455,3.68,3.88,7.98,3.4,No,Low,Low
54,21.54,1,60,0.269,0.0024,1,No,4.5,0.454,4.11,3.53,8.44,4.8,No,Low,Mid
32,41.88,1,150,0.122,0.0296,0,No,5.1,0.944,3.59,1.73,8.49,3.6,Yes,None,Low
52,55.82,14,27,0.272,0.1144,0,Yes,5.5,0.85,3.8,5.95,8.42,4.6,No,None,Mid
25,128.33,13,13,0.269,0.0032,2,No,3.6,0.907,4.47,5.98,8.13,4.1,No,Low,Mid
13,39.86,1,11,0.235,0.0456,1,No,3.5,0.622,4.07,5.65,8.25,4.4,No,Low,Mid
43,132.87,1,73,0.359,0.0192,0,Yes,6.0,0.881,3.48,3.38,8.42,4.7,Yes,None,Mid
16,25.88,1,3,0.251,0.0376,0,No,0.0,0.583,2.5,4.88,7.37,4.6,No,None,Mid
50,110.61,13,11,0.172,0.052,1,Yes,4.9,0.613,3.16,6.52,7.32,3.5,No,Low,Low
41,72.5,11,43,0.196,0.0,1,No,3.2,0.716,3.53,4.28,7.86,3.9,No,Low,Low
20,85.82,6,19,0.237,0.0768,1,Yes,6.8,0.602,4.35,6.52,8.43,4.1,No,Low,Mid
28,216.38,15,24,0.151,0.1776,2,No,4.4,0.536,3.18,5.77,6.25,2.8,No,Low,Low
60,215.93,1,6,0.31,0.0696,0,No,3.7,0.774,3.71,5.97,8.48,3.9,No,None,Mid
8,66.66,3,2,0.172,0.0096,0,No,6.5,0.532,4.09,7.17,9.06,3.8,No,None,Low
57,57.3,29,59,0.158,0.2584,2,No,1.3,0.648,3.91,3.45,6.72,3.8,Yes,Low,Low
31,110.27,1,12,0.275,0.1312,1,No,4.1,0.483,3.81,5.8,7.71,4.3,No,Low,Mid
54,29.08,14,10,0.288,0.0688,1,No,5.8,0.571,3.47,6.9,7.57,4.8,No,Low,Mid
28,75.74,1,69,0.185,0.0568,0,No,0.0,0.488,5.0,1.58,9.81,3.8,Yes,None,Low
29,80.65,8,11,0.265,0.028,0,No,4.8,0.495,4.27,6.32,9.18,4.4,No,None,Mid
42,68.74,53,56,0.148,0.1224,0,No,0.0,0.643,4.07,3.87,8.66,3.6,No,None,Low
34,20.33,18,5,0.14,0.0088,3,Yes,2.0,0.407,3.13,6.02,6.1,3.9,No,Medium,Low
37,26.09,10,60,0.247,0.1872,3,No,0.3,0.761,4.27,2.43,6.65,4.6,Yes,Medium,Mid
42,70.63,1,86,0.115,0.0416,0,No,4.7,0.545,3.01,2.3,7.87,3.4,Yes,None,Low
60,32.17,1,98,0.372,0.0736,1,No,5.0,0.319,3.42,1.8,7.51,5.4,Yes,Low,Mid
20,96.06,6,17,0.115,0.0864,1,No,5.3,0.553,4.53,6.12,8.58,3.2,No,Low,Low
5,37.93,3,4,0.299,0.1744,1,No,5.4,0.956,3.78,6.7,7.53,4.9,No,Low,Mid
27,167.52,7,21,0.23,0.0768,2,No,2.9,0.819,2.7,5.15,6.11,3.6,No,Low,Mid
37,149.36,1,6,0.219,0.0088,0,No,3.9,0.482,4.93,6.03,9.9,3.6,No,None,Low
37,79.78,1,16,0.287,0.0392,0,No,2.6,0.988,5.0,5.1,9.87,4.5,No,None,Mid
31,102.8,1,4,0.366,0.0464,1,No,0.7,0.689,4.32,5.07,8.5,4.9,No,Low,Mid
33,85.72,1,22,0.347,0.1504,0,No,4.3,0.314,3.97,5.37,8.47,4.9,No,None,Mid
48,65.36,1,6,0.05,0.1112,1,No,3.0,0.712,3.98,5.73,7.94,3.0,No,Low,Low
32,82.91,1,17,0.519,0.0888,0,No,4.5,0.538,3.9,5.68,8.6,6.1,No,None,High
17,33.94,5,5,0.628,0.152,4,No,4.5,0.304,2.92,6.42,4.75,7.2,No,Medium,High
43,105.46,11,13,0.442,0.0048,1,No,3.1,0.509,5.0,5.75,9.32,5.5,No,Low,Mid
23,66.08,12,78,0.134,0.0024,1,No,3.1,0.385,5.0,2.53,9.33,3.5,Yes,Low,Low
48,41.44,1,45,0.273,0.2352,1,No,3.9,0.558,3.58,4.08,7.13,4.7,Yes,Low,Mid
45,85.32,12,4,0.149,0.1608,1,No,2.4,0.837,3.84,6.0,7.64,3.5,No,Low,Low
41,71.55,11,3,0.388,0.0704,2,No,0.0,0.872,4.17,5.22,7.6,5.3,No,Low,Mid
37,62.36,10,8,0.287,0.0456,0,No,3.9,0.273,3.04,6.23,7.89,4.6,No,None,Mid
59,92.2,1,25,0.091,0.0408,1,No,1.5,0.701,5.0,4.28,9.2,3.1,No,Low,Low
57,102.9,1,7,0.127,0.0,0,No,0.8,0.241,3.87,4.95,8.87,3.3,No,None,Low
17,186.06,5,35,0.199,0.0864,2,No,5.0,0.841,3.75,5.08,7.13,3.3,No,Low,Low
48,159.36,13,13,0.074,0.0224,0,No,3.9,0.591,4.72,6.08,9.65,2.6,No,None,Low
18,219.23,5,39,0.267,0.0128,0,No,3.5,0.389,4.59,4.38,9.55,3.6,No,None,Mid
14,59.34,4,10,0.828,0.0488,0,Yes,5.6,0.455,4.92,6.5,9.76,8.4,No,None,Extreme
60,56.69,1,64,0.16,0.036,0,No,4.2,0.647,2.35,3.23,7.23,3.8,No,None,Low
16,55.96,9,4,0.204,0.0104,3,No,2.9,0.826,1.81,6.07,4.78,4.1,No,Medium,Low
24,33.17,19,18,0.173,0.02,1,No,3.8,0.886,4.02,6.0,8.29,4.0,No,Low,Low
39,128.57,20,2,0.449,0.1296,2,Yes,4.9,0.105,4.09,7.2,7.32,5.4,No,Low,Mid
3,62.16,1,11,0.547,0.1632,2,No,1.5,0.799,2.04,4.98,5.16,6.5,No,Low,High
13,87.04,4,20,0.481,0.0696,0,No,2.7,0.581,4.06,5.03,8.83,5.8,No,None,High
39,64.66,10,23,0.344,0.136,1,No,1.4,0.944,4.28,4.65,8.16,5.0,No,Low,Mid
21,54.88,6,10,0.387,0.1904,2,No,0.3,0.956,3.59,4.8,6.62,5.4,No,Low,Mid
19,37.99,1,14,0.332,0.02,0,No,5.6,0.302,4.19,6.2,9.12,5.1,No,None,Mid
16,78.3,1,43,0.178,0.0144,1,No,4.0,0.501,4.34,4.22,8.63,3.8,No,Low,Low
28,53.06,1,41,0.49,0.0264,0,Yes,2.5,0.798,2.66,3.82,7.57,6.1,No,None,High
5,12.8,1,68,0.061,0.004,3,No,1.9,0.706,3.27,2.27,6.26,3.4,Yes,Medium,Low
8,40.99,5,48,0.476,0.0728,1,No,5.2,0.856,2.77,4.5,6.86,6.1,No,Low,High
15,94.65,1,22,0.086,0.044,0,No,4.5,0.442,4.7,5.43,9.55,3.0,No,None,Low
54,65.89,41,3,0.136,0.0032,0,No,1.8,0.726,4.37,6.82,9.36,3.6,No,None,Low
9,49.59,5,14,0.191,0.0424,0,No,1.6,0.848,2.59,5.0,7.45,4.0,No,None,Low
18,40.96,10,21,0.232,0.196,1,Yes,1.9,0.704,4.43,4.92,8.11,4.4,No,Low,Mid
20,43.09,11,38,0.403,0.0104,0,No,6.2,0.859,3.25,5.53,8.22,5.6,No,None,Mid
36,51.75,1,121,0.34,0.0472,0,No,7.3,0.763,4.63,2.47,9.47,5.1,Yes,None,Mid
45,36.22,34,2,0.467,0.012,1,Yes,3.3,0.438,3.94,7.13,8.23,6.1,No,Low,High
59,83.95,1,28,0.389,0.0136,2,No,2.4,0.845,2.46,4.43,6.08,5.2,No,Low,Mid
44,54.79,23,3,0.345,0.1776,0,Yes,3.7,0.655,3.33,6.85,7.74,5.1,No,None,Mid
26,101.36,7,34,0.264,0.144,1,Yes,0.0,0.403,2.91,3.53,6.76,4.2,No,Low,Mid
2,47.3,1,1,0.176,0.0544,0,No,1.1,0.104,4.28,5.35,9.1,3.9,No,None,Low
38,71.48,20,54,0.076,0.0048,1,No,2.8,0.123,4.1,3.9,8.42,3.1,No,Low,Low
6,75.85,2,23,0.176,0.2664,0,No,5.3,0.369,3.44,5.68,7.55,3.8,No,None,Low
3,87.02,3,21,0.326,0.1432,2,No,2.8,0.444,3.75,4.98,6.94,4.8,No,Low,Mid
21,29.93,16,1,0.526,0.0584,0,No,1.1,0.94,3.82,5.85,8.63,6.5,No,None,High
23,251.11,12,72,0.353,0.0504,1,No,8.7,0.412,3.16,4.7,7.33,4.0,Yes,Low,Mid
26,62.73,7,39,0.423,0.1968,2,No,3.6,0.92,3.35,4.48,6.36,5.6,No,Low,Mid
49,40.46,25,31,0.594,0.0536,0,Yes,1.9,0.421,3.95,4.92,8.77,6.9,No,None,High
58,93.84,15,42,0.427,0.04,0,No,4.5,0.878,5.0,4.9,9.87,5.4,No,None,Mid
22,105.34,1,46,0.277,0.0192,0,Yes,3.4,0.858,4.57,3.87,9.51,4.3,No,None,Mid
20,53.05,6,47,0.317,0.136,2,No,2.9,0.641,3.48,3.82,6.69,4.9,Yes,Low,Mid
45,55.0,1,2,0.165,0.0032,0,No,0.0,0.45,4.25,4.93,9.24,3.8,No,None,Low
30,45.07,16,30,0.324,0.1056,1,No,3.2,0.48,3.41,5.1,7.39,5.0,No,Low,Mid
60,110.59,1,63,0.823,0.0096,0,No,1.1,0.597,3.95,2.25,8.92,8.1,Yes,None,Extreme
32,64.05,17,12,0.577,0.0104,1,Yes,0.1,0.843,2.56,5.0,6.86,6.7,No,Low,High
48,116.42,25,21,0.339,0.2688,3,No,2.1,0.828,3.66,5.48,5.76,4.7,No,Medium,Mid
2,62.77,1,7,0.24,0.0392,1,Yes,0.0,0.37,3.4,4.68,7.6,4.3,No,Low,Mid
48,22.62,13,2,0.294,0.1104,0,No,3.7,0.508,4.07,6.57,8.7,4.9,No,None,Mid
40,55.51,21,7,0.14,0.2144,0,Yes,4.4,0.694,2.77,6.82,7.06,3.6,No,None,Low
39,76.54,1,13,0.513,0.0968,0,No,2.1,0.684,2.4,5.08,7.08,6.1,No,None,High
38,66.1,1,21,0.529,0.0224,2,No,4.7,0.607,3.37,5.55,6.96,6.3,No,Low,High
30,184.33,16,22,0.196,0.0344,0,Yes,2.7,0.45,3.89,5.33,8.78,3.3,No,None,Low
32,71.92,9,5,0.28,0.0224,0,No,1.8,0.721,4.32,5.65,9.25,4.5,No,None,Mid
27,82.35,7,20,0.274,0.1336,0,No,2.2,0.417,4.7,4.97,9.25,4.4,No,None,Mid
12,164.98,7,4,0.133,0.0208,0,No,2.4,0.554,4.74,5.83,9.67,2.9,No,None,Low
46,57.25,24,6,0.269,0.0144,0,No,2.6,0.63,4.19,6.37,9.14,4.5,No,None,Mid
23,68.92,6,24,0.526,0.0232,0,No,1.4,0.447,4.09,4.47,9.01,6.3,No,None,High
15,81.46,12,16,0.395,0.1072,2,No,0.7,0.354,1.61,4.83,4.92,5.3,No,Low,Mid
60,52.66,16,12,0.243,0.0216,2,No,0.0,0.917,4.03,4.93,7.62,4.4,No,Low,Mid
35,78.92,1,3,0.158,0.02,1,No,1.6,0.346,4.19,5.42,8.46,3.6,No,Low,Low
41,81.97,1,17,0.205,0.0032,1,No,2.8,0.784,1.84,5.12,6.16,3.9,No,Low,Low
50,198.38,51,16,0.364,0.152,2,Yes,3.0,0.359,3.92,6.87,7.08,4.4,No,Low,Mid
43,159.77,11,42,0.456,0.2768,2,Yes,1.1,0.611,3.6,3.63,6.34,5.2,No,Low,High
3,50.94,2,90,0.164,0.0352,1,No,2.3,0.935,3.5,1.33,7.72,3.8,Yes,Low,Low
15,63.53,4,12,0.049,0.06,2,No,1.4,0.924,4.13,5.0,7.6,3.0,No,Low,Low
5,127.15,2,6,0.111,0.0168,0,No,2.1,0.473,3.97,5.47,8.91,3.0,No,None,Low
28,84.34,15,29,0.132,0.0576,0,No,2.3,0.316,4.22,4.82,9.03,3.4,No,None,Low
40,102.42,21,64,0.251,0.0704,0,No,2.3,0.385,3.77,3.27,8.54,4.1,Yes,None,Mid
10,59.64,3,66,0.12,0.0432,0,No,2.7,0.696,3.84,2.7,8.7,3.5,Yes,None,Low
46,120.65,47,8,0.579,0.0704,3,No,4.6,0.495,4.03,7.7,6.8,6.3,No,Medium,High
22,131.76,12,16,0.08,0.0312,1,No,7.9,0.79,4.22,7.23,8.45,2.8,No,Low,Low
3,43.14,1,5,0.511,0.112,1,No,0.3,0.696,4.21,4.88,8.17,6.3,No,Low,High
50,142.63,38,16,0.505,0.056,2,Yes,2.2,0.819,2.71,6.2,6.19,5.7,No,Low,High
39,24.26,30,67,0.435,0.2224,4,No,1.8,0.489,4.05,3.25,5.64,5.9,Yes,Medium,Mid
38,97.52,1,10,0.149,0.0352,1,No,3.5,0.526,3.4,5.7,7.62,3.5,No,Low,Low
36,45.38,1,3,0.142,0.0048,0,No,2.3,0.486,4.6,5.65,9.58,3.7,No,None,Low
44,63.04,34,0,0.506,0.1392,1,No,1.8,0.497,4.8,6.73,8.67,6.2,No,Low,High
2,118.15,2,18,0.062,0.0144,0,No,2.3,0.271,3.55,4.93,8.5,2.7,No,None,Low
54,83.65,1,37,0.432,0.0792,2,No,0.0,0.612,2.13,3.18,5.53,5.5,Yes,Low,Mid
57,112.1,29,31,0.411,0.0336,0,Yes,1.6,0.881,3.21,4.95,8.1,5.2,No,None,Mid
25,78.32,1,22,0.42,0.0728,0,No,2.2,0.305,5.0,4.67,9.76,5.5,No,None,Mid
38,76.35,10,16,0.259,0.0768,1,Yes,0.9,0.597,3.63,4.83,7.71,4.4,No,Low,Mid
30,90.89,1,22,0.286,0.0624,1,No,0.8,0.865,4.25,4.2,8.38,4.5,No,Low,Mid
6,57.91,5,180,0.317,0.0568,0,No,4.1,0.82,4.24,1.53,9.05,4.9,Yes,None,Mid
15,68.54,8,23,0.347,0.0432,1,No,1.1,0.347,5.0,4.48,9.19,5.0,No,Low,Mid
21,53.69,11,6,0.072,0.0568,1,No,3.3,0.466,2.11,6.17,6.25,3.2,No,Low,Low
58,64.17,1,5,0.383,0.044,0,No,2.4,0.284,4.07,5.58,8.92,5.3,No,None,Mid
20,97.95,16,26,0.201,0.0016,0,Yes,1.9,0.588,3.26,4.87,8.25,3.8,No,None,Low
13,18.86,4,46,0.116,0.18,0,No,0.5,0.699,4.16,3.0,8.56,3.7,No,None,Low
11,98.42,1,86,0.143,0.0568,0,No,3.8,0.637,2.39,2.0,7.2,3.4,Yes,None,Low
4,114.22,1,64,0.093,0.04,3,No,0.8,0.616,3.38,2.1,6.25,3.0,Yes,Medium,Low
53,33.99,14,4,0.214,0.0808,0,No,5.2,0.657,4.18,7.0,8.91,4.3,No,None,Low
34,137.84,9,50,0.295,0.0928,3,No,3.5,0.686,4.07,3.97,6.76,4.2,No,Medium,Mid
14,35.99,4,36,0.249,0.0848,0,No,4.0,0.37,3.42,4.67,8.14,4.5,No,None,Mid
59,52.82,15,55,0.08,0.0568,0,No,3.6,0.885,4.2,3.95,9.01,3.2,No,None,Low
58,82.68,1,44,0.114,0.0632,2,No,5.4,0.75,4.46,4.63,7.92,3.3,No,Low,Low
38,70.01,1,1,0.376,0.0592,0,No,2.9,0.733,3.47,5.95,8.27,5.2,No,None,Mid
58,162.66,1,1,0.273,0.0392,0,No,3.7,0.962,4.27,6.22,9.14,3.9,No,None,Mid
12,38.42,4,3,0.108,0.108,0,No,3.3,0.649,4.91,6.08,9.55,3.5,No,None,Low
14,54.11,11,17,0.073,0.032,1,Yes,1.4,0.779,4.12,4.98,8.35,3.2,No,Low,Low
56,55.77,15,9,0.312,0.048,1,Yes,4.5,0.729,3.34,6.55,7.51,4.8,No,Low,Mid
14,188.68,11,48,0.518,0.0672,1,No,4.9,0.816,3.75,4.6,7.86,5.5,No,Low,High
25,186.88,1,30,0.105,0.0424,0,No,2.5,0.383,3.3,4.37,8.16,2.6,No,None,Low
19,23.71,5,24,0.504,0.0648,0,Yes,0.5,0.304,3.26,4.13,8.04,6.4,No,None,High
60,60.71,31,13,0.32,0.032,2,Yes,1.4,0.922,3.27,5.85,6.83,4.9,No,Low,Mid
57,25.23,1,2,0.57,0.2688,2,No,0.4,0.461,3.97,5.07,6.74,6.8,No,Low,High
18,77.18,1,2,0.156,0.1528,3,No,3.4,0.58,4.14,6.07,6.63,3.6,No,Medium,Low
55,67.33,1,104,0.493,0.0056,0,Yes,4.8,0.756,3.25,1.63,8.23,6.0,Yes,None,High
59,37.19,1,24,0.35,0.0016,1,No,5.0,0.613,3.59,5.5,7.92,5.2,No,Low,Mid
49,108.6,13,9,0.105,0.0096,1,No,3.7,0.768,3.03,6.22,7.33,3.1,No,Low,Low
12,25.82,1,41,0.12,0.0568,1,Yes,1.2,0.842,5.0,3.38,9.14,3.7,No,Low,Low
3,89.07,2,54,0.034,0.0568,2,No,3.5,0.443,3.59,3.53,7.07,2.7,No,Low,Low
37,52.16,10,41,0.509,0.0016,2,No,6.4,0.583,1.15,5.42,4.81,6.3,No,Low,High
54,188.01,1,21,0.369,0.1408,0,No,2.8,0.593,4.14,4.92,8.67,4.5,No,None,Mid
9,101.27,1,9,0.501,0.0504,0,No,4.6,0.799,4.32,6.12,9.15,5.9,No,None,High
29,54.83,8,6,0.371,0.0816,0,No,6.8,0.6,3.55,7.23,8.28,5.3,No,None,Mid
28,55.54,1,12,0.133,0.0048,1,No,2.8,0.592,3.96,5.37,8.28,3.6,No,Low,Low
53,48.39,14,21,0.192,0.0912,1,Yes,2.0,0.357,3.7,5.08,7.73,4.1,No,Low,Low
22,85.74,1,35,0.349,0.052,1,No,1.1,0.324,3.04,3.65,7.2,4.9,Yes,Low,Mid
1,27.69,1,30,0.304,0.0488,0,Yes,3.8,0.556,4.32,4.8,9.16,5.0,No,None,Mid
12,32.57,1,0,0.205,0.008,1,No,0.0,0.636,4.49,5.03,8.8,4.2,No,Low,Low
4,79.93,2,5,0.188,0.0632,0,No,6.9,0.851,5.0,7.12,9.79,3.8,No,None,Low
24,42.8,1,45,0.395,0.0328,1,No,6.3,0.745,2.83,4.88,7.05,5.5,No,Low,Mid
3,49.27,2,18,0.145,0.0112,0,Yes,0.0,0.602,3.65,4.17,8.61,3.7,No,None,Low
59,64.9,1,80,0.253,0.0296,0,No,0.3,0.716,2.45,1.13,7.35,4.4,Yes,None,Mid
6,17.95,2,3,0.589,0.0096,1,No,0.2,0.435,4.53,4.98,8.83,7.0,No,Low,High
1,54.69,1,19,0.256,0.0552,2,No,1.2,0.806,2.96,4.48,6.44,4.5,No,Low,Mid
17,88.14,1,51,0.198,0.2584,3,No,4.9,0.54,4.37,4.12,6.51,3.9,No,Medium,Low
3,100.5,1,28,0.254,0.0448,1,Yes,0.0,0.663,3.39,3.63,7.57,4.2,No,Low,Mid
51,23.21,13,100,0.039,0.0248,0,No,2.3,0.495,2.94,1.2,7.86,3.1,Yes,None,Low
3,25.53,2,19,0.296,0.076,0,No,0.9,0.718,3.78,4.42,8.53,4.9,No,None,Mid
56,84.12,1,44,0.112,0.1264,1,No,1.4,0.61,4.1,3.3,8.01,3.3,No,Low,Low
9,163.47,10,8,0.319,0.1024,1,No,1.9,0.578,3.73,5.57,7.72,4.3,No,Low,Mid
18,106.93,1,13,0.038,0.136,3,No,0.8,0.642,1.68,4.65,4.23,2.6,No,Medium,Low
33,178.93,9,15,0.512,0.0616,0,No,4.2,0.885,3.12,5.95,7.91,5.5,No,None,High
43,16.09,22,4,0.064,0.0224,0,Yes,2.1,0.711,5.0,6.23,9.93,3.4,No,None,Low
26,140.38,14,29,0.384,0.0048,0,No,3.3,0.458,5.0,5.12,9.98,4.8,No,None,Mid
56,74.84,43,74,0.318,0.0792,0,No,1.2,0.973,5.0,3.13,9.74,4.8,No,None,Mid
22,105.84,17,30,0.205,0.2224,0,Yes,1.5,0.51,5.0,4.57,9.26,3.8,No,None,Low
60,238.89,16,86,0.246,0.2936,0,No,2.6,0.684,4.65,2.1,8.67,3.3,Yes,None,Mid
57,63.03,43,10,0.295,0.0376,1,Yes,3.6,0.752,4.02,7.13,8.23,4.7,No,Low,Mid
1,101.25,1,8,0.202,0.028,0,No,2.0,0.402,4.23,5.3,9.14,3.8,No,None,Low
19,94.41,5,9,0.435,0.0736,1,No,0.3,0.416,4.15,4.82,8.24,5.5,No,Low,Mid
6,177.8,1,24,0.295,0.1456,1,No,5.9,0.416,3.47,5.8,7.32,4.0,No,Low,Mid
26,41.23,1,49,0.345,0.0488,0,No,7.3,0.453,3.01,5.02,7.85,5.2,No,None,Mid
21,24.63,6,42,0.382,0.0032,0,No,5.1,0.631,4.82,4.8,9.81,5.5,No,None,Mid
5,27.83,1,49,0.197,0.1352,1,No,1.2,0.236,5.0,2.98,8.88,4.2,No,Low,Low
18,113.89,10,156,0.166,0.3344,3,No,2.9,0.326,1.66,1.3,3.55,3.5,Yes,Medium,Low
45,74.14,12,9,0.464,0.0856,1,No,2.7,0.654,4.68,5.85,8.73,5.8,No,Low,High
15,36.58,8,31,0.459,0.1104,1,No,1.2,0.307,4.66,4.12,8.63,6.0,No,Low,High
20,97.32,1,60,0.285,0.0192,2,No,2.3,0.706,2.74,2.8,6.34,4.4,Yes,Low,Mid
48,89.49,1,10,0.194,0.0584,3,No,1.8,0.695,3.04,5.13,5.85,3.8,No,Medium,Low
54,62.52,1,22,0.471,0.0344,1,No,4.8,0.355,4.47,5.53,8.69,5.9,No,Low,High
28,108.5,15,7,0.022,0.0488,1,Yes,3.8,0.87,4.63,6.42,8.8,2.5,No,Low,Low
57,51.88,15,12,0.09,0.0968,1,No,2.2,0.551,4.82,5.63,8.83,3.3,No,Low,Low
37,83.84,1,42,0.538,0.2744,4,No,3.7,0.497,2.52,4.17,3.94,6.3,Yes,Medium,High
51,59.86,13,67,0.231,0.0904,2,Yes,1.4,0.442,3.84,2.55,7.21,4.3,Yes,Low,Mid
9,74.3,1,34,0.173,0.0304,0,No,5.0,0.659,2.57,5.0,7.47,3.8,No,None,Low
26,51.52,7,41,0.043,0.0648,0,No,0.0,0.619,4.03,3.18,8.81,3.0,No,None,Low
20,90.27,16,41,0.352,0.0576,2,No,1.9,0.502,1.45,4.12,4.92,4.9,Yes,Low,Mid
43,42.74,1,6,0.239,0.0272,0,No,3.0,0.611,3.96,5.73,8.87,4.4,No,None,Mid
7,56.54,1,31,0.167,0.0688,1,Yes,4.7,0.498,3.11,5.05,7.21,3.8,No,Low,Low
51,106.9,13,16,0.38,0.0864,0,Yes,2.6,0.571,5.0,5.5,9.71,5.0,No,None,Mid
58,157.69,1,30,0.041,0.0256,0,No,2.4,0.817,5.0,4.33,9.91,2.3,No,None,Low
9,48.52,5,87,0.316,0.0032,0,No,2.2,0.38,4.02,1.55,9.01,4.9,Yes,None,Mid
33,29.0,1,23,0.149,0.1592,0,No,1.2,0.914,4.04,4.28,8.51,3.9,No,None,Low
22,25.06,1,104,0.191,0.0648,0,No,3.4,0.921,5.0,1.17,9.78,4.2,Yes,None,Low
1,64.85,1,4,0.401,0.0856,1,No,2.1,0.308,4.36,5.53,8.41,5.4,No,Low,Mid
8,106.09,1,11,0.197,0.0256,0,No,2.9,0.348,4.03,5.45,8.94,3.7,No,None,Low
50,91.05,1,83,0.429,0.1432,1,No,3.7,0.92,3.18,2.12,7.04,5.5,Yes,Low,Mid
55,36.98,14,38,0.292,0.104,2,Yes,1.1,0.087,3.71,3.93,7.03,4.8,No,Low,Mid
34,26.03,18,39,0.315,0.0008,2,Yes,3.2,0.521,3.92,4.72,7.58,5.0,No,Low,Mid
48,52.47,37,17,0.176,0.0296,1,Yes,4.4,0.677,4.1,6.85,8.33,3.9,No,Low,Low
39,54.2,1,39,0.163,0.0232,0,No,3.6,0.361,4.16,4.28,9.08,3.8,No,None,Low
25,79.33,13,13,0.336,0.0256,1,No,3.3,0.954,3.72,5.88,7.97,4.9,No,Low,Mid
33,38.58,25,20,0.482,0.1312,1,No,4.6,0.53,2.47,6.37,6.37,6.1,No,Low,High
9,123.66,3,18,0.198,0.064,1,No,5.9,0.875,3.09,6.17,7.21,3.6,No,Low,Low
56,60.25,29,28,0.319,0.012,0,No,4.8,0.334,4.53,6.17,9.49,4.9,No,None,Mid
44,27.55,12,23,0.289,0.1208,0,No,1.6,0.728,3.39,4.78,7.99,4.9,No,None,Mid
44,55.25,12,84,0.412,0.1848,1,No,3.7,0.772,4.19,2.43,7.91,5.6,Yes,Low,Mid
49,72.18,13,2,0.094,0.0312,0,Yes,3.7,0.759,5.0,6.57,9.9,3.2,No,None,Low
17,48.84,1,65,0.393,0.0,1,No,3.2,0.911,3.66,2.85,7.99,5.5,Yes,Low,Mid
57,234.72,29,76,0.227,0.0104,2,No,3.1,0.822,4.29,3.2,7.92,3.2,Yes,Low,Mid
11,141.75,6,56,0.283,0.0416,2,No,7.3,0.855,3.74,4.83,7.27,4.1,No,Low,Mid
19,95.4,5,36,0.27,0.0048,2,No,4.3,0.477,3.76,4.8,7.41,4.3,No,Low,Mid
22,135.89,1,19,0.031,0.0496,1,No,2.3,0.553,4.76,4.85,8.93,2.4,No,Low,Low
9,209.95,3,140,0.563,0.0032,0,No,2.6,0.224,4.04,1.0,9.03,5.7,Yes,None,High
10,71.7,6,79,0.234,0.0,3,No,2.1,0.663,3.2,1.95,6.2,4.2,Yes,Medium,Mid
25,27.39,7,31,0.329,0.0736,1,No,2.9,0.228,3.59,4.65,7.68,5.1,No,Low,Mid
21,43.68,6,68,0.474,0.0904,1,Yes,4.7,0.304,2.82,3.37,6.85,6.1,Yes,Low,High
11,67.85,3,26,0.517,0.1776,0,Yes,4.1,0.069,4.55,5.17,8.96,6.2,No,None,High
20,34.92,11,12,0.189,0.0736,2,No,3.8,0.567,3.15,6.03,6.57,4.1,No,Low,Low
12,85.86,1,43,0.125,0.0616,1,No,5.6,0.549,4.31,4.75,8.44,3.4,No,Low,Low
39,10.0,10,8,0.395,0.0064,1,No,5.1,0.827,4.31,6.63,8.62,5.7,No,Low,Mid
50,159.49,1,7,0.144,0.0728,2,No,0.6,0.472,3.3,4.88,6.72,3.1,No,Low,Low
15,34.05,4,51,0.501,0.42,2,No,4.5,0.409,4.44,4.08,6.71,6.3,No,Low,High
6,57.19,1,1,0.23,0.008,0,No,2.7,0.696,4.25,5.88,9.22,4.3,No,None,Mid
17,84.12,5,11,0.448,0.0632,2,No,4.6,0.765,2.91,6.15,6.37,5.6,No,Low,Mid
57,44.56,15,52,0.293,0.036,0,Yes,6.1,0.614,4.41,4.93,9.29,4.8,No,None,Mid
5,112.5,1,75,0.412,0.056,2,No,1.9,0.635,2.28,1.92,5.76,5.2,Yes,Low,Mid
15,187.48,4,43,0.033,0.3488,3,Yes,4.6,0.531,4.18,4.52,6.02,2.1,No,Medium,Low
32,57.84,9,43,0.436,0.0064,1,No,2.8,0.758,3.94,4.08,8.25,5.7,No,Low,Mid
60,17.92,1,7,0.637,0.0712,1,No,3.3,0.762,2.98,5.78,7.08,7.4,No,Low,High
48,68.9,1,24,0.088,0.1176,1,No,2.6,0.67,4.94,4.7,8.88,3.2,No,Low,Low
51,92.51,13,11,0.26,0.1064,1,No,4.1,0.882,4.59,6.25,8.57,4.3,No,Low,Mid
3,88.1,2,7,0.113,0.0048,0,No,2.9,0.903,4.6,5.68,9.58,3.3,No,None,Low
3,114.43,3,10,0.419,0.0376,1,No,6.3,0.73,3.29,6.7,7.5,5.2,No,Low,Mid
15,63.18,8,34,0.125,0.1512,0,Yes,2.1,0.812,3.7,4.27,8.2,3.5,No,None,Low
48,95.73,37,4,0.198,0.0752,1,Yes,0.0,0.788,5.0,6.03,9.08,3.8,No,Low,Low
32,122.77,9,0,0.1,0.1024,3,No,6.4,0.451,3.57,7.43,6.23,3.0,No,Medium,Low
8,98.98,3,75,0.102,0.0848,0,No,0.9,0.169,3.38,1.65,8.1,3.1,Yes,None,Low
6,41.39,4,28,0.626,0.0088,1,No,2.1,0.72,3.76,4.43,8.06,7.1,No,Low,High
5,79.05,3,3,0.594,0.0728,1,No,3.4,0.465,3.67,6.08,7.76,6.7,No,Low,High
47,59.04,12,55,0.214,0.1704,1,No,4.4,0.628,4.59,4.12,8.36,4.1,No,Low,Low
16,474.14,9,1,0.419,0.0928,0,Yes,3.7,0.625,3.98,6.48,8.67,3.1,No,None,Mid
46,148.77,35,3,0.244,0.084,0,No,1.0,0.732,3.19,6.35,7.91,3.8,No,None,Mid
53,306.03,1,1,0.058,0.1312,1,No,4.2,0.24,3.07,6.38,6.97,1.6,No,Low,Low
17,73.32,1,3,0.472,0.0488,1,No,3.4,0.876,3.65,6.02,7.82,5.9,No,Low,High
39,134.32,10,94,0.419,0.0096,0,No,0.2,0.64,3.25,1.0,8.22,5.1,Yes,None,Mid
5,57.72,2,21,0.322,0.0592,3,No,4.0,0.815,3.05,5.35,5.85,4.9,No,Medium,Mid
24,148.22,1,21,0.191,0.0064,0,No,4.7,0.656,4.04,5.55,9.02,3.4,No,None,Low
27,39.52,7,33,0.255,0.1232,2,No,1.2,0.792,3.24,3.98,6.5,4.5,No,Low,Mid
25,92.96,13,10,0.36,0.0128,0,No,3.4,0.979,3.92,6.07,8.88,5.0,No,None,Mid
21,38.27,1,69,0.155,0.1808,1,No,2.5,0.389,4.64,2.42,8.37,3.9,Yes,Low,Low
46,89.03,1,5,0.46,0.0168,0,No,2.9,0.491,4.39,5.75,9.33,5.7,No,None,High
8,44.12,5,10,0.198,0.008,0,No,4.9,0.475,5.0,6.3,9.97,4.1,No,None,Low
46,86.99,1,6,0.13,0.0888,0,No,1.8,0.372,4.38,5.33,9.08,3.4,No,None,Low
34,71.86,9,19,0.466,0.0288,2,No,3.9,0.212,3.21,5.65,6.78,5.8,No,Low,High
15,163.62,1,16,0.191,0.0608,1,No,2.7,0.557,3.38,5.13,7.51,3.4,No,Low,Low
35,89.36,9,9,0.543,0.0232,0,No,1.4,0.567,3.96,5.32,8.88,6.3,No,None,High
26,65.36,1,88,0.524,0.084,0,No,1.0,0.632,3.0,1.0,7.72,6.3,Yes,None,High
36,49.27,1,2,0.231,0.0976,2,No,5.5,0.809,2.9,6.77,6.24,4.3,No,Low,Mid
34,33.51,9,6,0.049,0.0032,1,No,4.0,0.847,3.11,6.33,7.43,3.1,No,Low,Low
35,17.93,1,14,0.36,0.004,0,Yes,3.6,0.739,4.03,5.53,9.02,5.4,No,None,Mid
55,63.96,28,42,0.206,0.0224,2,No,4.1,0.488,5.0,5.2,8.59,4.1,No,Low,Low
53,124.84,1,82,0.178,0.1264,0,No,0.3,0.465,3.38,1.03,7.96,3.5,Yes,None,Low
15,198.71,1,20,0.661,0.0232,1,No,1.7,0.485,5.0,4.6,9.26,6.4,No,Low,High
3,30.1,1,3,0.163,0.0976,2,No,0.0,0.291,2.88,4.88,6.22,4.0,No,Low,Low
41,59.25,11,10,0.46,0.0792,0,No,4.2,0.689,4.41,6.27,9.15,5.9,No,None,High
9,65.05,3,1,0.319,0.032,0,No,4.0,0.737,3.9,6.38,8.79,4.8,No,None,Mid
36,79.43,28,17,0.546,0.0552,2,No,4.4,0.381,3.1,6.55,6.58,6.3,No,Low,High
52,137.59,1,82,0.15,0.0488,0,No,6.4,0.857,3.95,3.07,8.79,3.2,Yes,None,Low
43,48.97,11,22,0.329,0.1128,1,No,4.1,0.627,3.04,5.63,7.0,5.0,No,Low,Mid
56,62.04,1,148,0.112,0.0832,1,No,3.0,0.754,3.72,1.03,7.78,3.4,Yes,Low,Low
58,143.16,44,1,0.029,0.0128,0,Yes,6.9,0.757,3.71,8.72,8.67,2.3,No,None,Low
26,70.96,14,165,0.214,0.2048,1,No,1.2,0.692,4.23,1.0,7.88,4.1,Yes,Low,Low
10,31.25,6,1,0.16,0.0024,0,No,1.6,0.603,3.93,5.68,8.92,3.9,No,None,Low
30,56.85,1,68,0.036,0.0256,0,No,3.4,0.521,3.7,2.77,8.61,2.9,Yes,None,Low
42,142.36,22,5,0.211,0.008,0,No,1.4,0.67,5.0,5.95,9.97,3.6,No,None,Low
36,26.02,1,15,0.122,0.1016,2,No,5.4,0.561,4.45,6.08,7.78,3.7,No,Low,Low
58,96.65,15,89,0.467,0.0376,1,No,4.0,0.734,4.39,2.38,8.6,5.7,Yes,Low,High
17,21.68,9,22,0.098,0.0904,0,No,0.3,0.623,4.42,4.3,9.12,3.6,No,None,Low
25,31.9,13,27,0.327,0.028,0,Yes,6.5,0.237,3.93,6.25,8.84,5.1,No,None,Mid
11,75.57,3,22,0.111,0.012,0,No,3.0,0.758,3.56,5.0,8.52,3.3,No,None,Low
59,89.85,15,8,0.177,0.1344,0,No,3.3,0.802,3.8,6.2,8.35,3.7,No,None,Low
56,127.75,43,29,0.182,0.0,0,Yes,3.0,0.835,3.71,5.98,8.71,3.5,No,None,Low
47,36.97,12,56,0.46,0.0656,3,No,0.0,0.445,3.09,2.6,5.87,6.0,Yes,Medium,High
31,60.62,1,35,0.496,0.0112,0,No,1.3,0.222,4.27,3.72,9.23,6.1,No,None,High
12,70.0,4,10,0.08,0.0392,0,No,5.7,0.619,2.69,6.53,7.56,3.1,No,None,Low
25,99.34,1,72,0.572,0.0008,0,No,0.1,0.601,3.56,1.47,8.56,6.4,Yes,None,High
26,30.79,7,54,0.342,0.0968,0,No,7.4,0.537,5.0,5.0,9.68,5.2,No,None,Mid
39,30.93,10,65,0.792,0.1176,0,Yes,0.0,0.542,3.17,2.08,7.78,8.4,Yes,None,Extreme
56,74.29,15,3,0.361,0.0136,2,No,5.9,0.282,4.18,7.32,7.8,5.1,No,Low,Mid
13,74.43,4,1,0.043,0.0608,0,No,3.2,0.592,5.0,6.15,9.8,2.9,No,None,Low
30,20.79,8,6,0.044,0.18,1,No,2.4,0.777,4.85,5.77,8.58,3.2,No,Low,Low
3,50.42,2,18,0.195,0.076,0,No,1.7,0.346,4.82,4.73,9.57,4.1,No,None,Low
54,176.87,14,83,0.218,0.1064,2,No,2.5,0.621,3.43,2.15,6.74,3.5,Yes,Low,Low
31,165.49,24,34,0.218,0.1248,0,No,2.7,0.718,4.13,5.0,8.71,3.5,No,None,Low
21,109.7,11,1,0.428,0.0224,0,No,2.6,0.506,3.97,6.18,8.9,5.3,No,None,Mid
46,69.14,12,8,0.105,0.048,1,Yes,3.3,0.798,4.15,6.1,8.32,3.3,No,Low,Low
35,89.8,18,38,0.09,0.04,0,No,2.5,0.685,3.51,4.53,8.38,3.1,No,None,Low
56,75.32,1,17,0.223,0.0576,0,Yes,4.5,0.569,3.58,5.68,8.39,4.1,No,None,Low
29,36.64,15,4,0.599,0.1224,0,No,1.2,0.765,5.0,5.7,9.59,7.0,No,None,High
13,61.12,4,118,0.223,0.0352,0,Yes,1.3,0.318,4.24,1.0,9.12,4.2,Yes,None,Low
30,188.01,1,51,0.749,0.2232,2,No,0.2,0.463,4.13,2.55,7.05,7.1,Yes,Low,Extreme
6,39.13,5,49,0.116,0.1032,2,No,5.3,0.414,3.61,4.48,6.93,3.6,Yes,Low,Low
11,78.44,1,101,0.025,0.016,0,No,3.2,0.74,2.33,1.1,7.28,2.7,Yes,None,Low
11,35.92,1,18,0.237,0.0816,0,No,6.8,0.587,4.96,6.4,9.69,4.4,No,None,Mid
4,78.61,2,23,0.465,0.0912,0,No,2.3,0.324,3.38,4.68,8.08,5.8,No,None,High
50,57.45,38,3,0.283,0.1008,2,No,2.0,0.964,3.01,6.78,6.34,4.6,No,Low,Mid
22,90.78,6,42,0.23,0.1296,0,No,3.6,0.376,2.9,4.3,7.47,4.1,No,None,Mid
34,149.86,1,10,0.287,0.0056,0,No,1.7,0.366,4.42,5.1,9.4,4.1,No,None,Mid
30,163.28,8,25,0.325,0.088,1,No,8.1,0.652,4.31,6.72,8.35,4.3,No,Low,Mid
5,107.95,1,14,0.057,0.0656,1,No,4.3,0.329,2.97,5.77,7.08,2.8,No,Low,Low
31,112.11,1,89,0.573,0.2272,0,No,1.0,0.766,3.02,1.0,7.26,6.3,Yes,None,High
28,55.33,15,16,0.087,0.0704,2,No,2.7,0.785,3.85,5.6,7.28,3.3,No,Low,Low
31,104.77,16,2,0.523,0.044,1,Yes,2.2,0.809,4.9,6.17,9.09,6.0,No,Low,High
23,57.19,1,8,0.478,0.0272,1,No,4.2,0.862,4.19,6.03,8.43,6.0,No,Low,High
3,82.86,1,4,0.135,0.124,0,No,4.4,0.749,1.56,6.3,6.15,3.4,No,None,Low
35,29.35,1,29,0.101,0.2512,2,No,2.7,0.398,4.92,4.48,7.75,3.5,No,Low,Low
21,44.07,6,30,0.416,0.1528,3,No,4.4,0.656,4.97,5.17,7.46,5.6,No,Medium,Mid
60,55.41,16,40,0.327,0.016,0,Yes,3.8,0.476,5.0,4.8,9.95,5.0,No,None,Mid
21,44.25,11,5,0.543,0.072,0,Yes,3.5,0.362,4.29,6.28,9.05,6.5,No,None,High
10,46.37,1,85,0.246,0.2088,0,No,3.4,0.518,3.25,1.92,7.55,4.4,Yes,None,Mid
59,69.53,1,21,0.645,0.0088,0,No,2.1,0.619,5.0,4.68,9.97,7.1,No,None,High
12,41.47,4,38,0.061,0.0128,1,No,5.3,0.537,5.0,5.0,9.29,3.2,No,Low,Low
27,39.41,7,82,0.542,0.0336,0,No,3.7,0.316,5.0,2.37,9.89,6.6,Yes,None,High
37,88.66,10,31,0.014,0.0216,2,No,3.9,0.697,2.65,5.08,6.24,2.6,No,Low,Low
12,21.37,4,9,0.218,0.0256,0,No,4.7,0.736,3.54,6.25,8.45,4.4,No,None,Low
23,82.66,6,29,0.156,0.0048,0,No,1.4,0.705,3.64,4.22,8.62,3.6,No,None,Low
22,69.75,1,24,0.291,0.18,1,No,3.2,0.406,3.32,4.9,7.05,4.6,No,Low,Mid
23,135.51,1,4,0.166,0.0224,1,No,2.1,0.565,3.82,5.53,8.08,3.3,No,Low,Low
23,154.21,1,15,0.436,0.108,3,No,3.9,0.906,2.11,5.58,4.75,5.1,No,Medium,Mid
15,90.39,8,56,0.424,0.0176,1,No,0.0,0.756,4.58,2.47,8.85,5.4,Yes,Low,Mid
26,75.8,7,36,0.664,0.0848,0,No,5.6,0.683,4.67,5.3,9.39,7.2,No,None,High
54,47.69,1,4,0.436,0.052,1,No,1.1,0.895,4.88,5.2,9.04,5.8,No,Low,Mid
28,157.29,15,98,0.502,0.028,0,No,6.5,0.737,5.0,2.77,9.91,5.6,Yes,None,High
13,27.32,1,63,0.337,0.0392,0,No,2.8,0.398,3.74,2.82,8.61,5.2,Yes,None,Mid
35,78.57,1,49,0.266,0.1104,0,No,2.3,0.724,2.66,3.35,7.29,4.4,Yes,None,Mid
37,125.25,1,39,0.113,0.0024,0,No,6.6,0.546,4.73,5.28,9.72,3.0,No,None,Low
44,41.74,12,39,0.32,0.0312,0,No,0.9,0.558,4.49,3.75,9.39,5.0,No,None,Mid
38,23.89,1,17,0.151,0.0024,0,No,5.3,0.582,3.81,5.95,8.8,3.9,No,None,Low
4,100.67,2,20,0.163,0.02,1,No,1.5,0.856,3.64,4.57,7.91,3.5,No,Low,Low
14,54.35,1,4,0.556,0.0136,0,No,4.6,0.635,2.61,6.37,7.56,6.6,No,None,High
47,51.59,12,16,0.515,0.0448,0,No,7.5,0.896,4.18,7.1,9.03,6.3,No,None,High
37,84.87,1,44,0.252,0.1016,3,No,3.5,0.17,5.0,4.0,7.66,4.3,No,Medium,Mid
8,53.58,1,15,0.403,0.0704,0,No,0.6,0.77,3.33,4.48,8.1,5.5,No,None,Mid
34,71.59,9,74,0.229,0.0776,2,Yes,0.9,0.786,1.63,1.9,5.04,4.2,Yes,Low,Mid
2,122.4,1,68,0.355,0.0216,0,No,1.1,0.52,3.82,2.0,8.75,4.8,Yes,None,Mid
8,128.29,3,15,0.169,0.276,1,No,3.2,0.955,4.08,5.42,7.49,3.4,No,Low,Low
57,69.63,1,25,0.694,0.0392,1,No,2.7,0.689,4.21,4.68,8.41,7.4,No,Low,Extreme
25,34.1,1,75,0.146,0.0784,2,No,3.7,0.443,4.19,2.52,7.6,3.8,Yes,Low,Low
27,78.07,21,66,0.327,0.0104,0,Yes,1.9,0.717,3.32,3.03,8.29,4.8,No,None,Mid
11,61.73,1,51,0.106,0.1728,0,No,0.0,0.904,4.64,2.48,9.06,3.4,Yes,None,Low
59,82.2,15,25,0.388,0.0456,0,No,2.9,0.918,3.94,5.22,8.79,5.2,No,None,Mid
59,115.97,15,32,0.147,0.06,0,No,2.5,0.486,4.21,4.73,9.01,3.3,No,None,Low
17,79.34,1,31,0.328,0.0808,0,No,5.4,0.926,5.0,5.28,9.73,4.8,No,None,Mid
58,51.55,30,3,0.364,0.1248,0,No,2.5,0.203,4.81,6.68,9.39,5.2,No,None,Mid
30,72.37,1,88,0.108,0.0672,2,No,4.6,0.555,3.3,2.17,6.74,3.3,Yes,Low,Low
51,65.33,13,14,0.314,0.0888,0,No,2.5,0.924,2.93,5.57,7.63,4.8,No,None,Mid
38,33.02,1,14,0.257,0.0928,0,No,4.9,0.651,4.27,5.97,8.96,4.6,No,None,Mid
57,128.72,15,30,0.071,0.2104,1,No,2.8,0.874,4.34,4.93,7.97,2.7,No,Low,Low
56,59.5,15,2,0.451,0.2432,0,No,0.5,0.651,3.87,5.57,8.06,5.8,No,None,High
56,48.11,1,15,0.048,0.1616,1,No,0.9,0.602,3.19,4.58,6.98,3.0,No,Low,Low
10,58.93,1,2,0.154,0.0312,1,No,8.3,0.648,4.01,7.7,8.24,3.7,No,Low,Low
34,36.21,1,45,0.065,0.0136,0,Yes,6.3,0.248,2.63,4.88,7.58,3.2,No,None,Low
58,95.63,15,6,0.298,0.012,1,No,3.7,0.724,2.9,6.43,7.19,4.5,No,Low,Mid
15,171.89,4,11,0.192,0.1328,0,No,3.3,0.675,5.0,5.68,9.56,3.3,No,None,Low
55,136.45,14,61,0.266,0.0088,0,Yes,3.1,0.868,3.92,3.45,8.89,4.0,No,None,Mid
22,85.36,6,54,0.576,0.156,1,No,1.0,0.166,3.51,2.83,7.32,6.5,Yes,Low,High
25,59.29,7,1,0.344,0.0496,1,Yes,0.7,0.62,4.28,5.42,8.45,5.1,No,Low,Mid
14,68.67,1,1,0.067,0.056,0,No,6.1,0.659,4.13,7.02,8.94,3.1,No,None,Low
25,95.11,1,29,0.193,0.0104,0,No,3.4,0.646,4.15,4.72,9.12,3.8,No,None,Low
45,73.96,23,19,0.205,0.1992,2,No,3.4,0.518,4.22,5.95,7.22,4.0,No,Low,Low
53,99.28,40,40,0.227,0.0096,1,Yes,0.9,0.528,5.0,4.63,9.3,4.0,No,Low,Mid
17,45.57,5,17,0.037,0.0136,2,No,5.0,0.14,3.31,5.98,6.93,3.0,No,Low,Low
43,73.16,1,15,0.116,0.0416,2,No,3.3,0.437,3.71,5.38,7.24,3.4,No,Low,Low
2,58.29,3,17,0.448,0.1024,0,No,4.4,0.432,2.57,5.72,7.23,5.8,No,None,Mid
29,63.54,8,16,0.316,0.144,1,No,3.3,0.392,3.22,5.57,7.07,4.8,No,Low,Mid
21,136.52,11,46,0.53,0.02,0,No,1.3,0.961,3.76,3.5,8.69,5.9,No,None,High
48,76.55,25,33,0.15,0.0696,1,Yes,4.1,0.473,3.78,5.55,7.88,3.6,No,Low,Low
2,71.3,2,2,0.579,0.1648,1,No,0.0,0.402,4.51,4.97,8.29,6.6,No,Low,High
52,39.12,14,9,0.425,0.148,1,No,6.0,0.617,5.0,7.02,8.84,5.7,No,Low,Mid
32,59.52,1,90,0.158,0.0904,1,No,2.9,0.419,4.07,1.5,8.1,3.7,Yes,Low,Low
8,33.87,11,13,0.031,0.0424,2,Yes,2.1,0.784,3.23,5.42,6.76,3.0,No,Low,Low
36,58.86,1,2,0.678,0.0696,2,No,0.4,0.665,1.93,5.07,5.36,7.4,No,Low,Extreme
53,72.33,27,55,0.337,0.072,1,Yes,2.8,0.404,3.65,4.08,7.74,4.9,No,Low,Mid
27,61.93,1,41,0.294,0.0176,0,No,3.3,0.358,3.75,4.08,8.69,4.7,No,None,Mid
60,85.09,1,20,0.004,0.0032,0,No,1.6,0.833,4.32,4.57,9.31,2.5,No,None,Low
27,61.0,7,8,0.164,0.2736,2,No,5.0,0.871,3.24,6.5,5.99,3.8,No,Low,Low
57,22.21,15,36,0.137,0.0152,1,Yes,4.5,0.481,3.78,5.2,8.06,3.8,No,Low,Low
42,60.0,22,63,0.061,0.0144,1,No,3.6,0.46,3.61,3.78,7.9,3.1,Yes,Low,Low
23,114.21,1,4,0.342,0.0152,0,No,0.0,0.565,3.57,4.83,8.52,4.7,No,None,Mid
12,29.38,4,22,0.097,0.0248,0,No,0.0,0.897,5.0,4.03,9.92,3.5,No,None,Low
6,135.91,4,15,0.348,0.2928,1,No,2.7,0.584,2.59,5.28,5.95,4.6,No,Low,Mid
43,119.41,11,89,0.178,0.0928,1,No,0.5,0.38,4.7,1.08,8.72,3.5,Yes,Low,Low
24,34.07,7,34,0.103,0.0688,0,No,1.5,0.494,4.38,4.03,9.15,3.5,No,None,Low
37,67.14,10,3,0.168,0.0496,0,No,3.4,0.91,5.0,6.32,9.83,3.8,No,None,Low
57,44.6,29,2,0.039,0.1664,3,No,3.9,0.688,4.25,7.17,6.7,3.0,No,Medium,Low
25,125.9,1,40,0.421,0.024,0,No,2.6,0.61,3.63,3.9,8.55,5.2,No,None,Mid
20,47.06,1,53,0.297,0.0128,1,No,6.8,0.634,4.56,4.65,8.85,4.8,No,Low,Mid
47,79.34,12,18,0.355,0.0104,2,No,3.5,0.19,2.32,5.67,5.95,5.0,No,Low,Mid
45,70.43,1,2,0.168,0.1504,1,No,3.3,0.526,3.86,6.03,7.69,3.8,No,Low,Low
37,52.78,38,5,0.186,0.14,1,No,2.8,0.643,3.79,6.95,7.66,4.0,No,Low,Low
6,53.03,1,18,0.294,0.0608,0,No,2.3,0.85,5.0,4.9,9.8,4.7,No,None,Mid
55,47.03,14,8,0.371,0.184,0,No,5.5,0.564,4.62,6.9,9.01,5.3,No,None,Mid
21,27.35,6,53,0.125,0.188,3,No,0.8,0.621,2.89,2.82,5.26,3.7,Yes,Medium,Low
31,78.64,8,23,0.32,0.2072,2,No,3.9,0.871,3.08,5.42,6.06,4.8,No,Low,Mid
33,40.85,17,12,0.153,0.0488,0,Yes,5.2,0.418,4.59,6.7,9.43,3.8,No,None,Low
48,54.55,25,14,0.202,0.0744,0,Yes,0.7,0.31,5.0,5.37,9.75,4.1,No,None,Low
17,150.3,13,19,0.67,0.1616,0,No,2.7,0.422,3.21,5.38,7.67,6.8,No,None,High
58,44.38,15,22,0.265,0.0032,0,No,3.1,0.457,4.48,5.43,9.47,4.6,No,None,Mid
33,131.1,9,138,0.045,0.076,2,No,0.4,0.541,2.8,1.0,6.21,2.5,Yes,Low,Low
49,105.82,25,73,0.467,0.0016,2,No,2.6,0.398,3.82,3.05,7.48,5.6,Yes,Low,High
2,51.45,1,4,0.338,0.0184,0,Yes,2.6,0.553,4.29,5.7,9.23,5.1,No,None,Mid
53,90.44,40,66,0.352,0.224,1,Yes,4.0,0.804,4.62,4.37,8.21,4.9,No,Low,Mid
40,79.58,21,52,0.329,0.0744,1,No,0.0,0.585,3.62,3.1,7.71,4.8,Yes,Low,Mid
33,53.88,17,10,0.374,0.0104,0,No,2.5,0.819,4.28,5.9,9.25,5.3,No,None,Mid
2,178.49,1,12,0.518,0.04,0,No,3.2,0.842,3.55,5.5,8.42,5.6,No,None,High
45,19.76,12,121,0.141,0.256,2,Yes,5.4,0.844,3.57,2.2,6.38,3.9,Yes,Low,Low
14,62.9,1,23,0.269,0.0896,0,No,0.0,0.88,3.87,3.88,8.57,4.5,No,None,Mid
3,33.59,1,5,0.198,0.024,2,No,1.8,0.859,3.14,5.38,6.73,4.2,No,Low,Low
26,134.91,7,82,0.36,0.0336,0,Yes,2.4,0.564,3.13,1.93,8.02,4.7,Yes,None,Mid
58,134.0,1,61,0.456,0.004,1,No,6.1,0.632,4.19,4.02,8.51,5.4,No,Low,High
24,24.29,1,12,0.115,0.0064,0,No,3.9,0.355,4.75,5.73,9.73,3.7,No,None,Low
12,50.64,1,0,0.473,0.316,1,Yes,6.3,0.355,2.29,7.13,5.57,6.0,No,Low,High
51,80.05,13,40,0.553,0.1624,1,No,3.2,0.45,1.9,4.5,5.69,6.4,No,Low,High
9,53.36,1,23,0.35,0.032,3,No,2.5,0.519,3.93,4.72,6.82,5.1,No,Medium,Mid
4,97.69,3,0,0.201,0.0088,0,No,6.1,0.467,3.61,7.13,8.58,3.8,No,None,Low
5,67.06,2,50,0.261,0.1016,0,No,3.5,0.392,4.59,3.73,9.25,4.4,No,None,Mid
53,34.39,27,52,0.227,0.1248,0,No,2.6,0.664,4.64,4.17,9.22,4.4,No,None,Mid
5,264.1,2,1,0.078,0.0504,0,No,8.4,0.448,5.0,7.82,9.83,2.0,No,None,Low
12,109.7,4,65,0.127,0.032,0,No,4.1,0.545,4.74,3.25,9.63,3.2,No,None,Low
45,86.22,12,0,0.295,0.0304,0,No,1.4,0.733,3.45,5.87,8.35,4.5,No,None,Mid
11,67.78,6,25,0.126,0.0968,0,No,3.2,0.308,4.44,5.02,9.12,3.5,No,None,Low
28,68.32,15,5,0.322,0.072,0,Yes,0.0,0.382,4.61,5.25,9.37,4.8,No,None,Mid
27,39.65,1,11,0.217,0.1024,3,Yes,1.6,0.875,1.68,5.02,4.34,4.3,No,Medium,Low
54,43.71,14,49,0.41,0.032,0,No,4.8,0.828,5.0,4.62,9.89,5.6,No,None,Mid
22,77.52,6,20,0.376,0.0744,0,No,4.6,0.514,5.0,5.73,9.75,5.2,No,None,Mid
3,69.39,1,5,0.209,0.1896,0,No,2.5,0.534,4.05,5.62,8.42,4.0,No,None,Low
21,32.7,6,103,0.31,0.0208,1,No,4.5,0.758,2.6,1.7,6.86,5.0,Yes,Low,Mid
11,66.73,3,18,0.236,0.0192,0,No,0.0,0.812,2.56,4.2,7.5,4.3,No,None,Mid
28,90.55,8,212,0.288,0.1008,1,No,3.7,0.78,3.98,1.5,7.98,4.5,Yes,Low,Mid
29,57.62,8,33,0.323,0.1256,1,No,0.0,0.858,3.91,3.62,7.82,4.9,No,Low,Mid
17,87.3,9,15,0.425,0.056,0,No,0.0,0.156,2.88,4.55,7.69,5.5,No,None,Mid
10,142.33,1,11,0.301,0.0592,1,No,6.8,0.818,2.75,6.75,6.89,4.3,No,Low,Mid
15,61.28,4,55,0.324,0.0472,0,No,5.3,0.89,4.54,4.15,9.38,4.9,No,None,Mid
49,39.08,13,4,0.269,0.0984,2,No,6.5,0.256,4.11,7.4,7.45,4.6,No,Low,Mid
44,108.43,1,21,0.326,0.2072,2,No,2.2,0.799,4.54,4.72,7.52,4.6,No,Low,Mid
29,86.26,15,21,0.163,0.0296,1,No,3.8,0.753,3.39,5.72,7.62,3.6,No,Low,Low
4,118.39,3,15,0.287,0.0112,0,No,6.4,0.419,5.0,6.48,9.96,4.3,No,None,Mid
39,94.12,40,5,0.392,0.008,0,No,0.0,0.651,3.15,6.08,8.12,5.2,No,None,Mid
24,25.75,1,23,0.288,0.0936,0,No,3.2,0.874,4.05,4.95,8.74,4.9,No,None,Mid
45,115.44,34,87,0.311,0.18,1,Yes,2.1,0.926,3.47,2.48,7.2,4.5,Yes,Low,Mid
24,103.13,7,4,0.194,0.068,1,No,4.2,0.549,3.56,6.43,7.67,3.7,No,Low,Low
14,27.96,1,130,0.497,0.1144,0,No,2.6,0.644,4.12,1.0,8.74,6.3,Yes,None,High
56,181.72,1,17,0.225,0.1736,3,No,3.1,0.765,3.15,5.22,5.57,3.5,No,Medium,Low
26,37.71,1,10,0.057,0.0168,1,Yes,2.0,0.935,4.12,5.2,8.4,3.2,No,Low,Low
11,47.46,6,25,0.594,0.2376,2,No,7.3,0.585,3.84,6.38,6.71,6.9,No,Low,High
3,332.09,1,32,0.123,0.0232,0,No,4.0,0.396,3.15,4.77,8.07,1.9,No,None,Low
11,70.92,3,5,0.328,0.1512,2,Yes,3.3,0.683,3.52,5.95,6.68,4.9,No,Low,Mid
47,130.88,12,20,0.31,0.0096,0,No,5.5,0.697,4.3,6.23,9.27,4.4,No,None,Mid
46,78.76,12,128,0.325,0.0984,4,No,0.8,0.553,4.27,1.0,6.28,4.8,Yes,Medium,Mid
50,86.5,1,30,0.074,0.0728,0,No,1.2,0.6,4.26,3.93,9.02,3.0,No,None,Low
6,217.85,2,47,0.162,0.16,3,No,1.9,0.304,3.88,3.35,6.35,2.8,Yes,Medium,Low
52,85.29,27,1,0.371,0.0216,1,No,0.0,0.75,4.05,5.85,8.31,5.1,No,Low,Mid
33,124.54,1,30,0.099,0.0104,1,No,3.3,0.532,1.74,4.63,6.04,2.9,No,Low,Low
49,87.53,13,0,0.417,0.1048,3,No,6.1,0.491,4.17,7.47,6.82,5.4,No,Medium,Mid
17,52.75,1,16,0.194,0.0464,0,No,6.7,0.356,3.62,6.47,8.47,4.0,No,None,Low
40,155.73,1,8,0.478,0.0392,1,No,3.7,0.495,4.45,5.87,8.65,5.4,No,Low,High
18,23.07,5,8,0.136,0.0792,1,Yes,4.7,0.654,3.47,6.33,7.54,3.8,No,Low,Low
44,40.11,23,1,0.527,0.0688,2,No,2.6,0.53,3.99,6.58,7.43,6.4,No,Low,High
47,101.85,12,107,0.142,0.108,1,No,5.1,0.724,3.31,2.1,7.28,3.4,Yes,Low,Low
4,23.93,2,4,0.594,0.0096,0,Yes,2.1,0.52,3.2,5.57,8.17,7.0,No,None,High
36,71.09,1,28,0.237,0.0432,1,No,1.8,0.636,3.82,4.23,8.01,4.2,No,Low,Mid
48,51.1,61,14,0.47,0.0472,1,Yes,2.0,0.691,3.77,6.63,7.95,6.0,No,Low,High
39,53.65,20,35,0.215,0.0552,2,No,4.8,0.705,2.89,5.52,6.37,4.2,No,Low,Low
49,55.85,1,6,0.523,0.1136,0,No,2.1,0.62,5.0,5.43,9.62,6.3,No,None,High
57,60.57,15,10,0.163,0.0296,0,No,2.7,0.631,2.76,5.9,7.66,3.8,No,None,Low
15,40.69,8,16,0.515,0.0176,1,No,3.1,0.422,4.17,5.5,8.44,6.4,No,Low,High
49,41.87,1,10,0.439,0.0088,1,No,3.7,0.414,4.17,5.77,8.47,5.8,No,Low,Mid
41,102.4,1,45,0.27,0.0328,3,No,0.0,0.606,4.72,2.78,7.61,4.3,Yes,Medium,Mid
26,38.4,1,27,0.047,0.0128,0,No,2.2,0.737,3.83,4.42,8.79,3.1,No,None,Low
33,176.64,9,8,0.211,0.0048,0,No,0.0,0.767,3.7,4.9,8.68,3.4,No,None,Low
28,35.76,15,9,0.272,0.2088,1,No,7.4,0.457,2.75,7.52,6.39,4.7,No,Low,Mid
30,56.95,16,17,0.834,0.0264,0,No,2.2,0.403,4.75,5.42,9.66,8.5,No,None,Extreme
52,53.39,1,8,0.44,0.1304,2,No,0.4,0.632,5.0,4.77,8.23,5.8,No,Low,Mid
46,59.67,12,15,0.157,0.0144,0,No,0.0,0.874,4.97,4.65,9.92,3.7,No,None,Low
28,47.89,22,9,0.322,0.0376,1,No,5.7,0.336,3.26,7.18,7.47,5.0,No,Low,Mid
45,52.74,1,9,0.258,0.2936,0,Yes,4.9,0.722,3.21,6.22,7.23,4.5,No,None,Mid
60,259.2,31,13,0.473,0.0536,0,Yes,3.5,0.516,4.31,6.55,9.13,4.8,No,None,High
40,34.83,11,49,0.582,0.1072,1,No,1.9,0.661,3.85,3.55,7.83,6.9,Yes,Low,High
34,82.3,9,25,0.307,0.0096,0,Yes,4.3,0.459,2.98,5.48,7.95,4.7,No,None,Mid
10,48.31,8,100,0.336,0.1544,1,No,2.5,0.75,4.33,1.1,8.15,5.1,Yes,Low,Mid
54,74.14,28,16,0.331,0.0184,2,Yes,4.6,0.614,2.71,6.67,6.32,4.9,No,Low,Mid
39,106.83,1,16,0.034,0.0312,0,No,0.8,0.751,3.57,4.5,8.47,2.6,No,None,Low
49,58.36,1,67,0.071,0.1112,0,No,1.4,0.87,3.32,2.15,7.95,3.1,Yes,None,Low
15,59.28,4,41,0.581,0.024,0,No,1.9,0.31,4.7,3.72,9.62,6.7,No,None,High
44,42.29,23,9,0.369,0.0608,0,Yes,3.1,0.865,5.0,6.35,9.8,5.3,No,None,Mid
52,57.49,40,71,0.09,0.0616,2,No,5.4,0.611,4.5,4.58,7.96,3.3,No,Low,Low
30,66.33,16,60,0.158,0.024,1,No,2.8,0.604,3.9,3.47,8.15,3.7,Yes,Low,Low
28,45.3,8,2,0.321,0.0568,0,No,1.2,0.709,3.71,5.57,8.52,5.0,No,None,Mid
39,46.06,20,25,0.274,0.0424,0,No,3.6,0.693,4.71,5.62,9.57,4.6,No,None,Mid
26,164.53,1,8,0.224,0.0064,0,No,5.5,0.221,3.16,6.47,8.14,3.6,No,None,Low
26,46.05,14,47,0.386,0.008,2,No,5.0,0.789,2.85,4.78,6.49,5.4,No,Low,Mid
44,47.7,1,16,0.54,0.0888,1,No,2.1,0.746,3.2,4.93,7.24,6.5,No,Low,High
1,20.08,1,4,0.232,0.2624,1,No,4.3,0.704,4.34,6.27,7.8,4.5,No,Low,Mid
22,43.86,1,45,0.434,0.0624,2,Yes,6.3,0.769,4.72,4.88,8.18,5.8,No,Low,Mid
23,42.82,6,16,0.213,0.0456,1,No,0.0,0.284,4.85,4.4,9.03,4.2,No,Low,Low
25,49.22,1,6,0.051,0.0768,1,No,2.5,0.787,4.98,5.57,9.06,3.1,No,Low,Low
8,170.52,3,18,0.526,0.0296,1,No,2.2,0.712,4.5,4.93,8.73,5.7,No,Low,High
34,26.49,1,10,0.437,0.0016,0,No,0.0,0.85,4.23,4.53,9.22,5.9,No,None,Mid
52,235.39,27,50,0.269,0.0264,0,Yes,5.0,0.806,4.6,5.07,9.51,3.5,No,None,Mid
15,26.99,4,41,0.293,0.0464,4,No,4.1,0.894,3.27,4.45,5.45,4.9,Yes,Medium,Mid
2,197.95,1,21,0.564,0.0064,1,No,2.1,0.669,3.84,4.68,8.15,5.8,No,Low,High
12,102.59,1,15,0.17,0.044,0,No,1.2,0.695,5.0,4.68,9.85,3.6,No,None,Low
58,53.05,1,26,0.281,0.0504,0,No,4.8,0.519,3.47,5.33,8.3,4.6,No,None,Mid
18,130.67,10,9,0.457,0.0864,0,Yes,2.5,0.538,3.61,5.72,8.32,5.4,No,None,High
59,25.28,45,20,0.287,0.0648,3,Yes,1.1,0.291,3.83,5.87,6.61,4.9,No,Medium,Mid
7,59.5,4,10,0.165,0.0456,1,No,4.7,0.833,4.4,6.2,8.58,3.8,No,Low,Low
42,35.77,11,38,0.353,0.1216,3,No,7.0,0.617,3.07,5.8,5.66,5.3,No,Medium,Mid
27,43.18,21,14,0.325,0.0688,2,No,2.3,0.502,5.0,5.77,8.44,5.0,No,Low,Mid
2,72.04,1,63,0.422,0.1408,2,No,2.0,0.867,2.39,2.55,5.59,5.5,Yes,Low,Mid
35,74.23,9,1,0.21,0.0768,0,No,0.0,0.893,5.0,5.25,9.74,4.0,No,None,Low
46,138.1,35,89,0.557,0.028,1,Yes,3.4,0.365,2.34,2.85,6.58,6.1,Yes,Low,High
59,80.98,1,10,0.09,0.0488,0,No,5.2,0.88,3.73,6.27,8.57,3.1,No,None,Low
48,46.82,13,0,0.063,0.2344,3,Yes,0.0,0.464,2.6,5.43,4.82,3.2,No,Medium,Low
55,56.16,1,31,0.145,0.0104,2,No,4.3,0.382,3.86,4.92,7.49,3.7,No,Low,Low
13,35.16,10,12,0.239,0.1776,1,No,0.9,0.918,3.87,5.03,7.61,4.5,No,Low,Mid
4,106.89,2,16,0.51,0.0296,0,No,4.4,0.543,3.45,5.73,8.35,5.9,No,None,High
28,41.67,8,12,0.155,0.008,1,No,4.0,0.818,4.1,6.0,8.41,3.8,No,Low,Low
23,65.34,6,20,0.293,0.1352,3,No,0.0,0.308,3.01,4.2,5.56,4.7,No,Medium,Mid
51,58.21,13,3,0.193,0.0624,2,No,1.5,0.705,2.48,5.78,5.94,4.0,No,Low,Low
18,141.67,5,1,0.295,0.1272,1,Yes,4.1,0.654,4.24,6.48,8.15,4.2,No,Low,Mid
21,51.88,1,6,0.408,0.0288,4,No,4.9,0.501,3.26,6.37,5.5,5.5,No,Medium,Mid
39,159.56,1,7,0.129,0.0032,0,No,5.1,0.6,5.0,6.38,9.99,2.9,No,None,Low
14,62.34,4,11,0.2,0.1976,1,No,1.6,0.741,2.79,5.12,6.46,4.0,No,Low,Low
13,112.65,1,69,0.113,0.0672,1,No,1.2,0.686,2.65,1.98,6.76,3.1,Yes,Low,Low
48,53.78,13,8,0.34,0.0488,0,No,1.7,0.906,3.49,5.6,8.33,5.1,No,None,Mid
50,51.09,13,3,0.241,0.1736,1,Yes,5.7,0.666,2.98,7.18,6.73,4.4,No,Low,Mid
20,113.06,6,11,0.258,0.0304,0,No,3.0,0.401,4.21,5.65,9.11,4.1,No,None,Mid
13,83.49,7,35,0.506,0.0496,0,No,4.5,0.885,5.0,4.98,9.83,6.0,No,None,High
8,382.89,5,154,0.541,0.1472,1,No,1.8,0.577,3.46,1.0,7.3,4.5,Yes,Low,High
4,50.35,2,20,0.167,0.0688,0,Yes,0.7,0.886,3.98,4.3,8.75,3.9,No,None,Low
6,89.71,2,20,0.307,0.0432,0,No,3.7,0.504,4.1,5.3,8.96,4.6,No,None,Mid
24,49.63,1,7,0.161,0.1104,0,No,4.7,0.866,4.48,6.25,9.11,3.8,No,None,Low
60,42.64,16,5,0.171,0.0288,1,No,1.6,0.984,3.41,5.82,7.65,3.9,No,Low,Low
50,94.18,13,5,0.425,0.0408,0,Yes,2.1,0.56,4.06,5.88,8.92,5.4,No,None,Mid
24,93.07,7,11,0.429,0.056,3,Yes,3.7,0.867,3.84,5.92,6.65,5.4,No,Medium,Mid
49,25.3,1,18,0.47,0.0224,0,No,3.8,0.257,4.2,5.4,9.13,6.1,No,None,High
20,38.63,11,40,0.331,0.3104,3,No,0.4,0.636,2.76,3.5,4.73,5.1,Yes,Medium,Mid
13,146.69,7,2,0.396,0.0672,1,No,2.9,0.789,3.6,6.1,7.71,4.9,No,Low,Mid
54,50.01,28,1,0.252,0.0296,1,Yes,3.7,0.856,3.65,7.12,7.88,4.5,No,Low,Mid
34,79.35,9,14,0.185,0.0144,0,No,3.6,0.323,5.0,5.8,9.95,3.8,No,None,Low
8,109.62,3,30,0.295,0.1088,0,No,2.7,0.757,4.56,4.5,9.2,4.4,No,None,Mid
58,50.84,59,24,0.219,0.0168,1,No,1.3,0.675,3.86,5.9,8.14,4.2,No,Low,Low
34,76.03,1,40,0.451,0.0216,2,No,4.3,0.797,4.09,4.47,7.68,5.7,No,Low,High
47,25.45,1,0,0.252,0.0392,2,No,3.0,0.391,2.49,6.03,6.03,4.6,No,Low,Mid
5,40.33,3,4,0.497,0.0136,0,No,2.0,0.508,4.43,5.57,9.38,6.2,No,None,High
16,24.34,5,1,0.666,0.0216,1,No,3.8,0.592,3.95,6.38,8.21,7.5,No,Low,High
16,66.8,1,6,0.144,0.1256,1,No,3.9,0.427,3.85,6.03,7.76,3.6,No,Low,Low
14,31.81,1,27,0.358,0.0824,1,No,4.2,0.642,3.16,5.08,7.22,5.3,No,Low,Mid
27,36.7,1,27,0.243,0.0392,0,No,4.7,0.909,4.45,5.25,9.32,4.5,No,None,Mid
42,41.85,1,6,0.244,0.0672,0,No,3.5,0.483,4.51,5.9,9.29,4.5,No,None,Mid
60,122.0,16,16,0.326,0.004,0,No,5.0,0.313,4.54,6.4,9.53,4.6,No,None,Mid
42,27.33,11,63,0.676,0.0464,1,Yes,1.9,0.495,3.4,2.85,7.58,7.6,Yes,Low,Extreme
31,66.8,1,7,0.216,0.0664,0,No,3.5,0.588,4.9,5.85,9.68,4.1,No,None,Low
14,83.04,8,8,0.69,0.0664,0,Yes,2.3,0.645,4.94,5.63,9.72,7.3,No,None,Extreme
31,87.27,8,2,0.185,0.108,1,No,4.5,0.817,3.72,6.67,7.69,3.8,No,Low,Low
55,35.45,1,53,0.634,0.0224,0,No,5.0,0.446,5.0,4.05,9.93,7.2,No,None,High
14,34.09,4,4,0.705,0.0552,1,No,2.4,0.527,3.04,5.73,7.19,7.7,No,Low,Extreme
24,69.48,7,19,0.305,0.0104,1,No,3.8,0.551,4.11,5.55,8.41,4.7,No,Low,Mid
35,116.1,18,11,0.189,0.048,1,No,6.0,0.631,4.64,7.05,8.81,3.6,No,Low,Low
52,87.91,1,34,0.256,0.0352,0,No,0.0,0.541,4.07,3.33,8.95,4.3,No,None,Mid
15,171.96,1,38,0.153,0.1296,3,Yes,3.6,0.931,3.59,4.33,6.16,3.0,No,Medium,Low
60,62.41,1,1,0.337,0.0488,1,No,2.6,0.449,5.0,5.85,9.17,5.0,No,Low,Mid
20,65.13,6,23,0.21,0.0104,0,No,0.2,0.888,3.64,4.12,8.61,4.1,No,None,Low
50,151.05,1,6,0.147,0.0496,1,No,3.9,0.747,3.69,6.03,7.86,3.1,No,Low,Low
58,15.7,30,52,0.34,0.3624,3,No,4.1,0.711,2.68,4.77,4.47,5.3,Yes,Medium,Mid
28,179.76,1,3,0.564,0.1392,2,No,2.0,0.523,3.13,5.55,6.33,5.9,No,Low,High
38,31.28,20,78,0.492,0.0816,1,Yes,4.0,0.774,2.36,3.1,6.42,6.3,Yes,Low,High
27,54.83,1,7,0.252,0.0304,2,No,2.7,0.47,3.31,5.58,6.88,4.4,No,Low,Mid
1,179.39,1,120,0.714,0.0736,0,No,4.1,0.611,5.0,1.4,9.75,6.9,Yes,None,Extreme
12,75.11,7,54,0.043,0.044,2,No,3.7,0.726,3.49,3.77,7.01,2.9,Yes,Low,Low
59,46.18,15,6,0.235,0.0104,0,No,2.6,0.826,3.64,6.07,8.61,4.4,No,None,Mid
59,67.48,1,2,0.346,0.1176,0,No,3.0,0.6,4.17,5.93,8.78,5.0,No,None,Mid
39,134.24,10,50,0.048,0.0648,0,No,3.4,0.669,4.2,3.97,8.98,2.5,No,None,Low
27,59.38,7,16,0.133,0.0504,1,No,0.5,0.619,3.23,4.6,7.4,3.6,No,Low,Low
36,43.62,37,10,0.167,0.2064,2,No,2.9,0.41,2.65,6.7,5.63,3.9,No,Low,Low
31,98.09,8,23,0.051,0.1528,1,No,4.0,0.963,5.0,5.45,8.82,2.8,No,Low,Low
24,144.38,13,37,0.442,0.0864,6,No,2.9,0.733,2.61,4.55,3.99,5.2,Yes,High,Mid
32,104.68,1,25,0.085,0.0352,0,No,3.2,0.495,4.51,4.85,9.39,3.0,No,None,Low
20,22.87,16,24,0.128,0.072,1,No,4.4,0.787,1.98,5.8,6.07,3.8,No,Low,Low
23,62.01,6,53,0.193,0.1112,1,No,1.2,0.362,3.35,2.95,7.31,4.0,No,Low,Low
49,31.45,37,10,0.233,0.1408,0,No,1.1,0.677,4.34,6.1,8.87,4.4,No,None,Mid
3,88.95,1,24,0.203,0.0512,1,No,4.4,0.727,4.84,5.3,9.0,3.9,No,Low,Low
16,44.16,5,68,0.25,0.1424,0,No,4.2,0.141,4.03,3.17,8.56,4.5,Yes,None,Mid
47,83.06,12,1,0.211,0.1272,0,No,7.1,0.693,3.98,7.72,8.56,4.0,No,None,Low
2,87.03,1,55,0.189,0.032,3,No,1.4,0.641,3.51,2.75,6.4,3.8,Yes,Medium,Low
37,66.59,1,4,0.386,0.2352,2,No,4.0,0.473,3.04,6.17,5.92,5.3,No,Low,Mid
21,155.8,6,7,0.153,0.0376,1,Yes,2.4,0.666,3.65,5.65,7.86,3.1,No,Low,Low
3,57.61,1,1,0.268,0.0072,0,No,2.2,0.907,4.33,5.72,9.31,4.5,No,None,Mid
12,34.39,4,50,0.732,0.1504,1,No,4.2,0.681,2.8,4.03,6.63,7.9,Yes,Low,Extreme
28,90.93,8,83,0.04,0.008,0,No,1.3,0.651,4.71,1.55,9.68,2.7,Yes,None,Low
25,52.9,1,8,0.152,0.0176,0,No,3.0,0.401,4.32,5.63,9.26,3.7,No,None,Low
59,83.01,1,27,0.063,0.1792,0,No,4.8,0.566,4.71,5.28,9.11,2.9,No,None,Low
16,134.66,5,41,0.288,0.0472,0,No,6.0,0.501,2.71,5.12,7.55,4.2,No,None,Mid
12,53.31,1,15,0.209,0.1176,2,No,1.3,0.725,3.77,4.72,7.04,4.1,No,Low,Low
21,54.29,6,7,0.113,0.0496,2,Yes,4.7,0.936,4.51,6.42,8.01,3.5,No,Low,Low
45,90.52,1,10,0.465,0.044,3,No,0.0,0.517,2.58,4.53,5.43,5.7,No,Medium,High
58,122.59,15,61,0.088,0.1688,2,No,4.5,0.638,4.65,3.95,7.75,2.9,Yes,Low,Low
22,84.2,6,11,0.151,0.1072,3,No,2.0,0.436,3.8,5.32,6.44,3.6,No,Medium,Low
19,32.71,5,19,0.12,0.1928,3,No,1.7,0.557,4.15,4.78,6.51,3.6,No,Medium,Low
12,113.23,1,1,0.227,0.0768,1,No,0.8,0.401,3.6,5.25,7.68,3.9,No,Low,Mid
12,43.31,7,25,0.318,0.1208,2,No,4.3,0.433,3.1,5.42,6.36,5.0,No,Low,Mid
48,15.48,1,5,0.278,0.1448,0,No,2.3,0.539,4.05,5.55,8.57,4.9,No,None,Mid
50,132.25,1,3,0.143,0.0072,0,No,6.8,0.464,4.11,7.15,9.09,3.2,No,None,Low
23,29.87,1,10,0.181,0.0144,0,No,4.4,0.928,4.71,6.0,9.66,4.1,No,None,Low
60,121.27,31,19,0.206,0.0208,0,No,1.9,0.466,3.53,5.72,8.46,3.7,No,None,Low
42,118.62,11,16,0.059,0.0072,0,No,3.8,0.381,4.06,5.83,9.04,2.7,No,None,Low
35,53.33,9,31,0.184,0.0016,0,No,3.8,0.653,4.84,5.02,9.83,4.0,No,None,Low
9,90.98,1,28,0.24,0.0352,1,No,7.6,0.531,2.85,6.17,7.07,4.1,No,Low,Mid
21,99.24,1,12,0.206,0.0368,1,No,3.5,0.37,3.71,5.6,7.92,3.8,No,Low,Low
17,25.34,5,12,0.371,0.0592,2,No,0.4,0.651,4.41,4.7,7.88,5.4,No,Low,Mid
2,61.61,1,41,0.046,0.0304,2,No,4.6,0.744,4.75,4.52,8.32,3.0,No,Low,Low
37,75.57,10,11,0.284,0.1056,3,Yes,0.0,0.315,2.61,4.78,5.26,4.5,No,Medium,Mid
11,33.68,3,5,0.217,0.008,0,No,1.9,0.938,4.14,5.48,9.11,4.3,No,None,Low
21,43.51,1,4,0.679,0.0856,0,No,2.2,0.837,5.0,5.57,9.71,7.5,No,None,Extreme
5,126.52,2,29,0.259,0.0272,1,No,3.1,0.403,4.46,4.65,8.7,4.1,No,Low,Mid
34,101.2,9,12,0.332,0.028,0,Yes,0.9,0.732,3.39,5.0,8.3,4.7,No,None,Mid
50,49.41,13,15,0.236,0.0184,1,No,3.2,0.258,2.85,5.75,7.12,4.4,No,Low,Mid
58,28.87,15,6,0.167,0.0384,2,No,1.8,0.531,5.0,5.8,8.54,4.0,No,Low,Low
37,14.31,10,7,0.175,0.0728,2,No,5.6,0.592,3.88,6.85,7.3,4.1,No,Low,Low
59,54.26,15,43,0.244,0.0392,0,No,7.5,0.504,4.1,5.85,8.97,4.4,No,None,Mid
32,137.97,25,65,0.328,0.0088,0,No,2.5,0.752,3.08,3.42,8.05,4.5,No,None,Mid
10,56.06,3,35,0.527,0.052,2,Yes,5.3,0.815,4.6,5.12,8.09,6.4,No,Low,High
39,106.52,10,11,0.506,0.0936,1,No,0.0,0.654,3.53,4.78,7.55,5.9,No,Low,High
13,128.92,1,16,0.519,0.2504,3,No,5.5,0.578,1.58,6.07,3.75,5.9,No,Medium,High
2,189.51,1,7,0.16,0.1136,1,No,1.7,0.859,3.46,5.25,7.41,3.0,No,Low,Low
23,45.09,1,19,0.201,0.0008,0,No,3.8,0.97,2.92,5.35,7.92,4.1,No,None,Low
40,40.03,11,26,0.589,0.0712,1,No,7.6,0.655,4.3,6.6,8.4,6.9,No,Low,High
3,93.03,2,10,0.049,0.1904,0,No,2.1,0.552,3.45,5.27,7.82,2.8,No,None,Low
21,37.64,1,3,0.504,0.0008,1,Yes,0.0,0.498,3.97,4.88,8.3,6.3,No,Low,High
10,94.66,1,173,0.321,0.276,1,No,1.1,0.913,4.51,1.0,7.92,4.7,Yes,Low,Mid
3,68.71,1,57,0.223,0.0152,1,No,1.8,0.336,3.43,2.78,7.71,4.1,Yes,Low,Low
15,35.91,4,28,0.26,0.1016,3,No,2.9,0.902,3.49,4.7,6.15,4.6,No,Medium,Mid
10,186.6,6,9,0.23,0.084,2,No,0.0,0.612,3.14,4.75,6.53,3.5,No,Low,Mid
47,23.84,1,6,0.387,0.0712,1,No,4.3,0.704,5.0,6.17,9.1,5.6,No,Low,Mid
9,26.29,5,9,0.154,0.1192,2,No,4.0,0.587,3.77,6.05,7.04,3.9,No,Low,Low
53,70.07,1,23,0.297,0.1096,1,No,3.1,0.213,3.01,4.92,6.98,4.7,No,Low,Mid
16,285.83,5,6,0.345,0.2352,2,No,2.8,0.777,4.6,5.8,7.48,3.7,No,Low,Mid
24,46.07,7,7,0.543,0.0152,1,No,4.2,0.75,2.34,6.28,6.62,6.5,No,Low,High
20,43.96,1,69,0.306,0.0328,0,No,0.5,0.741,5.0,1.75,9.89,4.9,Yes,None,Mid
30,80.36,16,7,0.378,0.08,1,No,4.1,0.902,4.1,6.55,8.17,5.2,No,Low,Mid
13,46.67,1,14,0.399,0.0864,3,No,4.8,0.657,4.34,5.93,7.05,5.5,No,Medium,Mid
1,51.41,1,48,0.2,0.0552,1,No,5.2,0.505,4.32,4.37,8.47,4.1,No,Low,Low
4,151.89,3,166,0.381,0.088,0,No,2.8,0.572,3.86,1.03,8.57,4.8,Yes,None,Mid
60,89.68,1,21,0.213,0.144,1,No,0.0,0.402,3.0,3.98,6.85,4.0,No,Low,Low
7,82.3,1,1,0.354,0.0192,0,No,4.1,0.174,4.32,6.35,9.26,5.0,No,None,Mid
56,66.62,1,14,0.12,0.0712,3,No,3.1,0.6,2.8,5.37,5.56,3.4,No,Medium,Low
50,21.56,1,11,0.488,0.0048,0,No,2.4,0.251,4.36,5.28,9.34,6.3,No,None,High
36,36.74,1,32,0.269,0.0216,1,No,0.6,0.868,3.28,3.63,7.54,4.7,No,Low,Mid
21,26.41,6,36,0.3,0.04,0,Yes,2.8,0.626,3.76,4.33,8.63,4.9,No,None,Mid
30,78.55,1,29,0.204,0.0184,1,No,7.2,0.377,2.78,5.98,7.05,4.0,No,Low,Low
39,61.21,10,36,0.44,0.0808,4,No,5.3,0.13,3.3,5.3,5.36,5.7,No,Medium,Mid
27,88.27,1,3,0.195,0.0784,1,Yes,3.9,0.35,4.77,6.18,8.84,3.8,No,Low,Low
49,222.15,1,18,0.133,0.0992,0,No,4.5,0.836,3.22,5.63,7.89,2.6,No,None,Low
26,83.74,1,22,0.045,0.1328,2,No,3.1,0.531,2.56,4.97,5.78,2.8,No,Low,Low
19,27.81,1,19,0.09,0.0848,1,No,3.4,0.432,4.56,5.22,8.61,3.5,No,Low,Low
14,50.62,1,52,0.253,0.084,0,No,1.2,0.37,4.46,2.83,9.18,4.5,No,None,Mid
55,125.39,14,8,0.254,0.0512,2,No,0.0,0.852,3.33,5.07,6.83,4.0,No,Low,Mid
52,98.27,1,6,0.299,0.0528,0,No,6.9,0.274,4.49,7.03,9.31,4.5,No,None,Mid
40,91.4,31,58,0.568,0.1496,1,No,1.6,0.52,4.66,3.67,8.49,6.4,No,Low,High
42,31.5,11,72,0.284,0.0352,1,No,4.0,0.672,2.64,3.1,6.86,4.8,Yes,Low,Mid
58,36.04,1,26,0.187,0.1208,1,No,1.8,0.442,5.0,4.33,8.93,4.1,No,Low,Low
31,135.65,1,2,0.303,0.0,1,No,4.0,0.938,3.34,6.27,7.67,4.3,No,Low,Mid
7,30.6,1,12,0.155,0.06,1,No,5.3,0.695,4.51,6.2,8.64,3.9,No,Low,Low
33,62.46,9,31,0.345,0.08,0,Yes,5.7,0.576,3.32,5.65,8.05,5.0,No,None,Mid
9,49.72,7,13,0.209,0.1656,1,Yes,1.8,0.764,4.84,5.18,8.62,4.2,No,Low,Low
2,32.88,1,32,0.031,0.0272,0,No,1.6,0.836,3.96,3.97,8.87,3.0,No,None,Low
58,102.23,30,35,0.394,0.0136,1,Yes,3.1,0.74,4.19,5.28,8.48,5.1,No,Low,Mid
60,120.9,16,3,0.494,0.0384,0,No,0.0,0.639,2.94,5.38,7.81,5.7,No,None,High
36,145.5,10,23,0.129,0.0376,0,No,6.2,0.551,4.13,6.25,9.0,3.0,No,None,Low
7,39.97,2,31,0.562,0.1736,4,No,4.9,0.525,3.06,5.15,4.81,6.7,No,Medium,High
5,34.68,3,6,0.24,0.0088,0,No,5.4,0.542,3.23,6.6,8.2,4.5,No,None,Mid
22,46.78,1,4,0.165,0.0304,3,No,2.1,0.49,2.48,5.53,5.38,3.9,No,Medium,Low
34,74.49,9,15,0.184,0.0328,0,No,4.4,0.716,4.73,6.02,9.62,3.8,No,None,Low
16,69.24,5,25,0.275,0.1104,1,No,2.7,0.476,5.0,4.82,8.97,4.5,No,Low,Mid
14,180.66,1,46,0.289,0.0432,1,Yes,3.0,0.754,4.79,3.73,8.98,3.9,No,Low,Mid
60,154.38,16,101,0.289,0.0248,0,No,3.5,0.751,3.33,1.7,8.25,4.1,Yes,None,Mid
9,61.67,5,11,0.395,0.2056,2,No,0.0,0.404,1.96,4.62,4.94,5.4,No,Low,Mid
6,64.19,1,103,0.07,0.2104,1,No,1.5,0.64,3.86,1.0,7.49,3.1,Yes,Low,Low
45,43.02,46,55,0.212,0.04,0,No,2.7,0.95,4.9,4.68,9.77,4.2,No,None,Low
48,85.82,13,127,0.044,0.1104,1,No,2.3,0.346,3.87,1.2,7.84,2.8,Yes,Low,Low
55,72.52,42,13,0.082,0.076,0,No,3.7,0.541,5.0,6.98,9.75,3.1,No,None,Low
51,75.41,39,49,0.166,0.0176,1,Yes,4.9,0.463,3.19,5.48,7.46,3.7,No,Low,Low
37,60.47,10,36,0.549,0.0688,2,No,0.9,0.479,4.13,3.83,7.57,6.5,No,Low,High
55,112.64,14,31,0.384,0.0536,1,No,4.3,0.563,3.63,5.35,7.78,5.0,No,Low,Mid
41,54.86,31,106,0.454,0.016,0,No,2.1,0.396,4.6,1.73,9.55,5.8,Yes,None,High
2,166.41,1,108,0.335,0.0808,3,No,2.9,0.876,4.27,1.0,7.0,4.3,Yes,Medium,Mid
56,22.54,15,10,0.215,0.056,0,Yes,4.0,0.57,3.79,6.33,8.6,4.4,No,None,Low
59,103.54,15,17,0.426,0.1136,0,No,1.4,0.812,3.31,5.12,7.93,5.4,No,None,Mid
37,53.47,1,5,0.525,0.036,0,Yes,3.0,0.862,3.75,5.78,8.63,6.4,No,None,High
44,40.05,12,1,0.378,0.0944,0,No,3.6,0.782,4.21,6.55,8.9,5.4,No,None,Mid
42,130.13,1,5,0.126,0.0168,0,No,4.3,0.748,4.25,6.22,9.19,3.1,No,None,Low
42,29.51,1,9,0.481,0.0104,0,No,8.6,0.236,4.45,7.45,9.42,6.2,No,None,High
19,58.55,15,30,0.413,0.0136,1,No,0.3,0.457,4.49,4.1,8.78,5.5,No,Low,Mid
43,72.89,11,39,0.025,0.1832,2,No,7.9,0.402,3.34,6.05,6.4,2.7,No,Low,Low
44,163.54,23,4,0.192,0.0896,0,No,1.6,0.584,3.67,6.1,8.37,3.4,No,None,Low
17,80.38,1,16,0.289,0.1448,0,No,4.8,0.822,4.88,5.83,9.4,4.5,No,None,Mid
1,20.5,1,15,0.507,0.0176,1,No,0.2,0.55,4.19,4.35,8.46,6.4,No,Low,High
4,193.12,2,69,0.298,0.0952,0,No,3.3,0.485,3.5,2.72,8.18,3.9,Yes,None,Mid
59,101.42,15,2,0.211,0.168,0,No,2.8,0.474,3.48,6.33,7.92,3.9,No,None,Low
60,73.33,1,40,0.072,0.0016,0,No,1.7,0.499,4.65,3.6,9.64,3.1,No,None,Low
37,108.29,1,24,0.494,0.0128,1,No,4.1,0.816,3.74,5.2,8.03,5.8,No,Low,High
30,77.25,16,26,0.027,0.0472,2,No,0.7,0.562,2.08,4.47,5.59,2.7,No,Low,Low
46,48.95,12,32,0.136,0.0056,0,No,6.1,0.881,3.02,5.83,8.0,3.7,No,None,Low
30,37.06,1,19,0.249,0.0424,0,No,2.0,0.462,5.0,4.75,9.86,4.5,No,None,Mid
58,19.96,1,37,0.118,0.0968,2,No,5.9,0.804,4.48,5.15,7.82,3.7,No,Low,Low
29,25.83,1,54,0.013,0.0336,0,Yes,3.5,0.349,3.57,3.5,8.46,2.9,No,None,Low
46,54.81,12,13,0.26,0.128,0,No,7.0,0.877,5.0,7.08,9.57,4.5,No,None,Mid
21,51.99,1,94,0.234,0.0216,0,No,3.0,0.453,4.13,1.33,9.06,4.3,Yes,None,Mid
3,64.23,1,61,0.386,0.0504,1,No,1.7,0.689,4.87,2.55,9.04,5.3,Yes,Low,Mid
50,76.54,1,0,0.175,0.0808,2,Yes,5.8,0.681,4.2,6.97,7.6,3.8,No,Low,Low
25,22.66,1,35,0.189,0.0,0,No,0.4,0.238,5.0,3.42,10.0,4.2,No,None,Low
3,84.01,1,1,0.196,0.0656,0,No,1.0,0.805,5.0,5.32,9.78,3.9,No,None,Low
11,26.26,1,54,0.516,0.0168,1,No,0.0,0.666,2.45,2.33,6.73,6.5,Yes,Low,High
39,64.25,1,12,0.248,0.0744,1,No,5.4,0.412,4.18,6.23,8.27,4.4,No,Low,Mid
46,98.37,1,23,0.314,0.0608,0,No,3.0,0.818,4.26,4.88,9.06,4.6,No,None,Mid
48,44.76,25,26,0.369,0.1136,0,No,7.2,0.844,5.0,6.93,9.62,5.3,No,None,Mid
37,13.49,10,31,0.238,0.0544,0,No,2.8,0.486,5.0,4.72,9.82,4.6,No,None,Mid
58,56.1,15,53,0.481,0.0008,1,Yes,3.3,0.835,4.42,3.95,8.75,6.0,No,Low,High
21,49.91,1,18,0.046,0.0336,1,No,2.3,0.595,4.37,4.9,8.59,3.0,No,Low,Low
45,35.02,12,5,0.225,0.036,0,No,5.4,0.756,2.29,6.95,7.17,4.4,No,None,Low
48,48.27,13,5,0.136,0.0304,1,No,7.4,0.609,3.86,7.65,8.09,3.7,No,Low,Low
14,55.41,8,26,0.168,0.2624,3,No,5.5,0.769,3.49,5.8,5.62,3.8,No,Medium,Low
39,71.08,1,15,0.227,0.1072,0,No,2.4,0.873,4.26,5.08,8.9,4.2,No,None,Mid
42,44.7,1,7,0.2,0.1272,0,Yes,5.0,0.954,4.36,6.35,8.94,4.1,No,None,Low
31,48.29,24,34,0.503,0.0656,0,No,1.6,0.332,4.3,4.63,9.08,6.2,No,None,High
40,56.16,1,31,0.226,0.0944,2,No,1.0,0.543,2.54,3.82,5.89,4.2,Yes,Low,Low
27,121.81,1,61,0.046,0.1224,3,No,5.1,0.405,3.04,3.68,5.63,2.6,Yes,Medium,Low
17,110.14,9,38,0.336,0.0448,0,No,2.2,0.864,4.34,4.13,9.19,4.7,No,None,Mid
24,39.19,7,6,0.17,0.056,1,No,2.9,0.406,4.24,5.9,8.39,4.0,No,Low,Low
35,96.69,9,101,0.122,0.0568,1,No,3.9,0.74,4.23,1.6,8.37,3.3,Yes,Low,Low
59,116.63,15,5,0.891,0.0288,0,No,4.2,0.799,4.02,6.65,8.92,8.5,No,None,Extreme
55,47.34,1,41,0.195,0.0392,0,Yes,6.1,0.459,4.29,5.02,9.16,4.1,No,None,Low
19,60.98,1,7,0.386,0.0448,0,No,2.6,0.672,3.65,5.55,8.5,5.3,No,None,Mid
34,103.41,9,53,0.275,0.1632,0,No,1.4,0.352,4.76,3.12,9.22,4.3,Yes,None,Mid
3,71.06,1,20,0.066,0.0944,0,No,4.4,0.839,5.0,5.5,9.69,3.0,No,None,Low
55,62.96,1,3,0.262,0.0712,1,No,0.0,0.866,3.43,4.88,7.53,4.5,No,Low,Mid
18,40.73,5,18,0.167,0.124,1,No,1.2,0.494,2.98,4.67,6.9,3.9,No,Low,Low
31,35.15,24,17,0.218,0.18,1,Yes,5.4,0.836,3.96,6.75,7.69,4.3,No,Low,Low
15,83.39,4,14,0.228,0.0376,0,No,2.1,0.638,5.0,5.13,9.87,4.1,No,None,Mid
47,49.29,24,13,0.368,0.0464,1,Yes,3.3,0.613,4.14,6.25,8.32,5.3,No,Low,Mid
26,131.12,14,13,0.321,0.0272,1,No,4.8,0.706,3.22,6.42,7.46,4.5,No,Low,Mid
41,95.16,21,20,0.191,0.12,2,Yes,5.2,0.644,2.31,6.43,5.58,3.8,No,Low,Low
45,124.21,34,16,0.212,0.1272,0,No,3.3,0.387,4.32,6.43,8.9,3.7,No,None,Low
58,58.62,30,40,0.025,0.0392,3,Yes,3.5,0.773,4.22,5.17,7.09,2.8,No,Medium,Low
17,40.89,1,0,0.162,0.06,0,No,1.0,0.787,4.7,5.37,9.5,3.9,No,None,Low
13,42.41,4,72,0.493,0.148,0,No,1.3,0.794,3.32,1.97,7.83,6.2,Yes,None,High
18,62.91,10,4,0.347,0.2,0,Yes,2.8,0.603,5.0,6.07,9.33,5.1,No,None,Mid
12,53.65,7,7,0.39,0.1264,2,Yes,5.6,0.916,4.47,6.75,7.72,5.4,No,Low,Mid
22,47.08,1,23,0.121,0.1376,2,No,1.2,0.451,4.01,4.28,7.22,3.6,No,Low,Low
37,53.14,10,6,0.057,0.0296,2,No,4.8,0.562,4.11,6.63,7.68,3.1,No,Low,Low
45,43.18,1,23,0.282,0.0088,0,No,3.6,0.678,4.17,5.08,9.14,4.7,No,None,Mid
11,13.21,1,18,0.329,0.0552,1,No,2.3,0.423,5.0,4.9,9.15,5.2,No,Low,Mid
48,98.36,1,35,0.545,0.0096,1,No,0.0,0.873,4.0,3.28,8.3,6.2,No,Low,High
13,60.6,4,70,0.114,0.1872,2,Yes,0.0,0.44,2.43,1.63,5.47,3.4,Yes,Low,Low
55,71.46,1,11,0.226,0.0632,0,No,4.1,0.76,2.63,5.85,7.42,4.2,No,None,Low
36,46.22,10,7,0.393,0.0184,0,No,5.5,0.661,4.25,6.82,9.19,5.5,No,None,Mid
25,92.47,7,3,0.362,0.0016,0,Yes,5.3,0.76,4.07,6.85,9.06,5.0,No,None,Mid
56,19.66,1,6,0.25,0.0248,0,No,6.1,0.297,4.53,6.77,9.45,4.6,No,None,Mid
19,44.58,5,71,0.504,0.0952,3,No,0.0,0.774,1.83,1.62,4.51,6.3,Yes,Medium,High
1,389.92,1,6,0.235,0.0672,1,No,1.8,0.749,3.98,5.33,8.09,2.3,No,Low,Mid
14,87.05,1,15,0.233,0.1768,2,No,2.9,0.917,4.15,5.25,7.23,4.1,No,Low,Mid
2,49.13,1,0,0.258,0.016,0,No,3.3,0.711,5.0,6.13,9.95,4.5,No,None,Mid
5,110.41,1,76,0.218,0.0736,0,No,5.9,0.432,3.8,3.2,8.55,3.9,Yes,None,Low
49,50.69,37,6,0.541,0.0016,0,Yes,1.9,0.583,3.67,6.57,8.66,6.5,No,None,High
7,33.77,4,2,0.114,0.0528,0,No,1.1,0.693,3.54,5.4,8.36,3.6,No,None,Low
27,38.08,7,37,0.367,0.2064,2,No,1.8,0.759,4.47,3.98,7.45,5.3,No,Low,Mid
31,43.69,8,4,0.469,0.0888,0,No,3.3,0.737,4.84,6.17,9.54,6.0,No,None,High
41,26.53,1,18,0.341,0.0664,1,No,1.8,0.374,4.19,4.73,8.3,5.2,No,Low,Mid
16,43.92,1,5,0.484,0.0272,0,Yes,3.2,0.178,4.92,5.85,9.83,6.1,No,None,High
57,25.69,1,74,0.281,0.0344,2,No,3.4,0.534,4.46,2.47,8.01,4.8,Yes,Low,Mid
24,70.9,7,9,0.208,0.1208,0,No,4.5,0.821,3.44,6.28,8.04,4.0,No,None,Low
46,55.78,1,5,0.28,0.1088,0,No,5.4,0.901,4.45,6.58,9.09,4.6,No,None,Mid
33,98.3,25,63,0.142,0.0376,0,No,0.0,0.383,4.52,2.68,9.39,3.4,Yes,None,Low
34,54.14,9,17,0.131,0.012,1,No,3.1,0.667,4.24,5.48,8.53,3.6,No,Low,Low
6,61.08,2,13,0.152,0.088,0,No,3.4,0.454,2.92,5.55,7.63,3.7,No,None,Low
54,39.47,14,5,0.329,0.3872,2,Yes,2.5,0.435,3.35,6.05,5.73,5.1,No,Low,Mid
3,41.13,1,26,0.286,0.0376,0,No,2.8,0.759,3.79,4.67,8.66,4.8,No,None,Mid
34,28.03,18,12,0.254,0.0008,0,No,2.6,0.707,3.84,5.87,8.84,4.6,No,None,Mid
11,68.53,6,39,0.105,0.0032,0,No,3.1,0.915,2.48,4.28,7.47,3.3,No,None,Low
21,81.75,1,100,0.641,0.1616,1,No,4.1,0.497,2.17,1.4,5.96,7.0,Yes,Low,High
39,78.59,20,15,0.587,0.056,2,No,0.8,0.718,3.26,5.18,6.74,6.6,No,Low,High
60,19.7,31,3,0.139,0.0408,1,Yes,6.6,0.648,4.17,8.08,8.37,3.9,No,Low,Low
42,38.6,11,3,0.554,0.0104,0,No,2.9,0.291,3.95,6.18,8.92,6.6,No,None,High
24,95.15,7,14,0.298,0.1328,0,No,3.9,0.518,3.0,5.83,7.56,4.5,No,None,Mid
47,68.61,12,3,0.448,0.0168,0,No,0.1,0.382,3.67,5.28,8.61,5.7,No,None,Mid
2,96.0,1,21,0.164,0.0048,0,No,3.2,0.804,3.22,5.05,8.2,3.6,No,None,Low
55,120.45,28,2,0.228,0.0672,1,Yes,3.9,0.741,4.32,7.13,8.43,3.9,No,Low,Mid
36,42.57,19,3,0.411,0.0104,0,No,0.8,0.811,3.3,5.75,8.27,5.6,No,None,Mid
30,146.03,8,94,0.6,0.0672,4,Yes,2.4,0.686,2.41,1.37,4.52,6.3,Yes,Medium,High
60,106.75,16,26,0.318,0.0848,1,No,2.6,0.778,3.31,5.1,7.36,4.6,No,Low,Mid
59,23.84,1,78,0.128,0.0384,0,No,0.0,0.573,5.0,1.13,9.87,3.8,Yes,None,Low
27,39.17,14,41,0.146,0.0392,1,Yes,1.5,0.706,3.75,3.92,7.95,3.8,No,Low,Low
7,137.44,2,44,0.383,0.0808,1,Yes,0.6,0.739,4.42,3.07,8.48,4.9,No,Low,Mid
1,56.13,1,3,0.135,0.0528,0,Yes,4.4,0.425,4.47,6.35,9.29,3.6,No,None,Low
40,15.52,11,5,0.323,0.0216,0,No,0.0,0.351,2.7,5.12,7.63,5.2,No,None,Mid
23,93.26,6,18,0.069,0.0248,1,No,3.5,0.34,4.66,5.47,8.91,2.9,No,Low,Low
7,97.61,2,21,0.259,0.0832,2,No,3.1,0.747,3.25,5.05,6.64,4.2,No,Low,Mid
17,56.73,5,26,0.51,0.052,1,No,3.6,0.526,4.81,5.07,8.97,6.2,No,Low,High
28,114.67,8,12,0.293,0.0616,3,No,7.3,0.72,1.94,7.1,4.73,4.4,No,Medium,Mid
20,10.0,6,78,0.556,0.0808,2,No,0.8,0.805,2.68,1.57,6.08,6.8,Yes,Low,High
31,55.58,1,138,0.15,0.0928,0,No,1.8,0.848,3.99,1.0,8.68,3.7,Yes,None,Low
32,44.51,1,55,0.719,0.0344,0,No,0.5,0.708,3.78,2.45,8.67,7.8,Yes,None,Extreme
38,98.94,1,23,0.244,0.0008,0,No,0.7,0.741,2.73,4.12,7.73,4.1,No,None,Mid
3,25.04,1,42,0.195,0.0296,1,No,6.0,0.782,5.0,4.93,9.23,4.2,No,Low,Low
57,62.77,29,24,0.331,0.0744,0,No,2.6,0.895,4.81,5.63,9.56,4.9,No,None,Mid
17,65.83,5,28,0.358,0.0184,0,No,1.9,0.543,4.84,4.4,9.78,5.1,No,None,Mid
43,58.78,1,2,0.156,0.1064,2,No,3.7,0.792,2.92,6.17,6.23,3.7,No,Low,Low
20,54.29,1,31,0.087,0.0064,0,Yes,1.8,0.738,4.2,4.08,9.18,3.3,No,None,Low
31,99.19,8,13,0.384,0.0056,0,No,5.0,0.719,3.24,6.28,8.22,5.1,No,None,Mid
9,33.6,1,16,0.045,0.1656,3,Yes,0.0,0.857,2.74,4.23,5.19,3.1,No,Medium,Low
60,36.71,16,25,0.095,0.008,1,No,0.0,0.597,4.39,4.28,8.7,3.4,No,Low,Low
23,21.57,1,14,0.132,0.0408,0,No,5.8,0.282,4.45,6.27,9.31,3.8,No,None,Low
32,45.57,1,2,0.189,0.0336,0,No,2.8,0.644,5.0,5.87,9.89,4.0,No,None,Low
24,61.94,1,6,0.353,0.0992,1,No,3.7,0.6,3.9,5.97,7.9,5.1,No,Low,Mid
9,72.62,1,16,0.294,0.0696,0,No,2.1,0.693,3.7,4.93,8.47,4.6,No,None,Mid
30,27.29,31,5,0.337,0.0856,2,Yes,1.3,0.399,2.16,6.22,5.54,5.2,No,Low,Mid
21,24.14,6,24,0.189,0.0144,0,No,3.3,0.425,5.0,5.1,9.95,4.2,No,None,Low
52,73.68,14,20,0.412,0.0928,2,No,4.0,0.835,4.69,5.8,8.05,5.4,No,Low,Mid
23,33.69,24,6,0.32,0.0784,0,No,4.5,0.207,4.94,7.0,9.68,5.0,No,None,Mid
28,168.22,1,1,0.135,0.036,0,No,7.5,0.576,4.77,7.48,9.65,2.9,No,None,Low
46,109.24,1,99,0.532,0.0256,1,No,2.8,0.911,3.07,1.02,7.32,6.1,Yes,Low,High
6,22.25,1,2,0.283,0.0704,0,No,4.2,0.598,4.71,6.33,9.48,4.8,No,None,Mid
20,61.9,11,7,0.148,0.0264,0,No,3.4,0.547,2.99,6.15,7.9,3.7,No,None,Low
15,52.78,1,40,0.609,0.024,0,No,3.5,0.503,4.95,4.2,9.87,6.9,No,None,High
50,37.75,1,36,0.071,0.0472,1,No,4.3,0.505,3.88,4.67,8.06,3.3,No,Low,Low
57,152.28,15,6,0.178,0.064,3,No,3.6,0.406,3.49,6.4,6.28,3.3,No,Medium,Low
52,43.85,1,30,0.162,0.076,1,No,1.1,0.267,4.42,3.9,8.5,3.9,No,Low,Low
55,36.75,14,37,0.24,0.0192,2,Yes,3.8,0.819,3.72,4.88,7.32,4.5,No,Low,Mid
27,21.12,7,10,0.057,0.0112,0,No,0.7,0.636,3.45,4.97,8.41,3.3,No,None,Low
35,35.91,9,11,0.591,0.024,1,No,4.5,0.61,3.33,6.25,7.58,6.9,No,Low,High
21,83.15,1,29,0.462,0.0136,0,No,5.3,0.749,3.62,5.35,8.57,5.7,No,None,High
59,39.21,15,37,0.31,0.1472,2,Yes,3.6,0.382,4.28,4.85,7.46,4.9,No,Low,Mid
40,98.85,1,52,0.358,0.012,1,Yes,6.0,0.372,3.3,4.43,7.59,4.9,No,Low,Mid
52,103.48,27,134,0.329,0.004,0,Yes,0.9,0.394,4.5,1.2,9.49,4.7,Yes,None,Mid
12,62.16,1,20,0.1,0.0568,2,No,4.8,0.916,5.0,5.63,8.48,3.3,No,Low,Low
22,133.85,12,1,0.223,0.0472,3,Yes,4.0,0.481,2.52,6.68,5.36,3.8,No,Medium,Low
5,59.25,4,4,0.323,0.0144,0,No,3.3,0.584,4.53,6.03,9.48,4.9,No,None,Mid
1,50.01,1,45,0.22,0.1048,2,No,4.1,0.662,3.4,4.15,6.72,4.2,No,Low,Low
41,103.42,21,26,0.186,0.0512,1,Yes,3.1,0.264,5.0,5.43,9.16,3.7,No,Low,Low
49,66.11,1,10,0.337,0.3176,4,No,1.2,0.765,1.82,4.93,3.09,5.0,No,Medium,Mid
28,121.35,15,18,0.284,0.0904,2,Yes,4.6,0.721,3.16,6.13,6.53,4.3,No,Low,Mid
3,45.62,1,7,0.035,0.0224,1,Yes,6.5,0.77,3.68,6.85,7.94,3.0,No,Low,Low
32,185.7,1,8,0.253,0.036,0,No,1.6,0.594,4.34,5.17,9.22,3.7,No,None,Mid
50,79.34,38,4,0.149,0.2112,1,Yes,0.0,0.909,2.71,6.07,6.34,3.6,No,Low,Low
38,43.73,20,101,0.399,0.036,1,No,2.1,0.44,3.52,1.37,7.73,5.5,Yes,Low,Mid
12,73.22,7,63,0.241,0.1368,1,No,2.6,0.818,2.85,2.95,6.73,4.2,Yes,Low,Mid
54,73.06,14,131,0.108,0.0064,1,Yes,5.7,0.62,3.36,2.37,7.67,3.3,Yes,Low,Low
6,46.39,4,69,0.313,0.2192,1,No,4.5,0.52,3.45,3.18,7.05,4.9,Yes,Low,Mid
36,50.06,10,9,0.544,0.02,0,No,2.8,0.756,4.33,5.82,9.26,6.5,No,None,High
54,96.08,14,26,0.163,0.02,1,No,1.6,0.773,3.85,4.7,8.12,3.6,No,Low,Low
21,76.84,16,57,0.314,0.0136,1,No,0.5,0.578,4.31,2.85,8.6,4.7,Yes,Low,Mid
51,51.75,1,6,0.089,0.0176,0,No,7.5,0.349,3.77,7.23,8.71,3.3,No,None,Low
26,54.59,14,3,0.148,0.036,2,No,4.8,0.444,3.42,6.92,6.97,3.7,No,Low,Low
3,44.05,1,2,0.246,0.02,0,No,0.0,0.63,3.91,4.93,8.84,4.5,No,None,Mid
46,267.51,12,5,0.205,0.0184,1,No,3.6,0.32,4.49,6.35,8.76,2.8,No,Low,Low
54,241.8,14,17,0.287,0.1568,0,No,0.0,0.824,4.69,4.62,9.17,3.6,No,None,Mid
2,135.4,1,2,0.452,0.0128,0,Yes,3.4,0.653,4.41,6.07,9.37,5.4,No,None,High
43,49.78,11,23,0.563,0.0536,1,No,1.7,0.679,5.0,4.78,9.15,6.6,No,Low,High
9,59.46,3,96,0.26,0.0616,0,No,3.3,0.656,2.37,1.4,7.16,4.5,Yes,None,Mid
38,91.96,20,52,0.037,0.0424,1,No,4.1,0.918,2.97,4.43,7.16,2.7,No,Low,Low
41,91.68,11,3,0.159,0.0704,0,No,2.3,0.964,4.33,5.98,9.1,3.6,No,None,Low
50,50.53,26,7,0.143,0.0016,0,Yes,1.5,0.209,5.0,6.02,9.99,3.7,No,None,Low
52,27.81,1,51,0.49,0.1728,3,No,0.3,0.857,3.61,2.58,6.03,6.3,Yes,Medium,High
17,32.24,1,8,0.326,0.0128,1,No,4.6,0.427,3.67,6.17,7.96,5.1,No,Low,Mid
21,35.43,16,41,0.553,0.0096,2,Yes,2.2,0.264,3.86,4.22,7.49,6.7,No,Low,High
21,100.7,6,9,0.414,0.0776,1,No,5.1,0.836,4.54,6.45,8.61,5.3,No,Low,Mid
43,98.97,1,14,0.123,0.1616,1,No,1.4,0.765,2.2,4.8,5.99,3.3,No,Low,Low
41,187.44,21,11,0.51,0.0088,0,No,7.1,0.542,5.0,7.52,9.97,5.4,No,None,High
60,36.56,16,6,0.356,0.1792,1,No,1.1,0.603,3.96,5.6,7.7,5.3,No,Low,Mid
51,141.04,39,32,0.265,0.016,1,Yes,4.0,0.556,3.95,6.03,8.23,4.0,No,Low,Mid
53,36.51,1,6,0.515,0.092,0,No,6.0,0.716,4.21,6.73,8.9,6.4,No,None,High
35,30.51,9,33,0.297,0.0016,0,No,0.0,0.566,4.94,3.65,9.93,4.9,No,None,Mid
34,15.46,18,9,0.112,0.0744,0,No,0.5,0.368,4.31,5.32,9.06,3.7,No,None,Low
59,148.71,15,16,0.228,0.0528,0,Yes,5.5,0.422,5.0,6.53,9.82,3.7,No,None,Mid
56,39.09,15,25,0.317,0.0136,0,Yes,4.0,0.797,2.84,5.58,7.79,5.0,No,None,Mid
3,60.16,1,10,0.4,0.0296,0,No,1.2,0.62,4.13,4.93,9.03,5.4,No,None,Mid
20,185.53,6,70,0.203,0.0696,0,Yes,1.1,0.677,3.32,2.07,8.09,3.3,Yes,None,Low
49,60.63,1,135,0.588,0.0328,3,No,3.1,0.568,2.21,1.07,5.1,6.8,Yes,Medium,High
53,53.56,40,66,0.709,0.0544,0,No,1.3,0.368,2.73,3.47,7.55,7.6,No,None,Extreme
22,72.22,6,60,0.124,0.0464,0,No,0.0,0.697,4.74,2.2,9.59,3.4,Yes,None,Low
24,53.63,1,9,0.205,0.064,2,No,4.8,0.419,2.89,6.18,6.34,4.1,No,Low,Low
43,24.23,11,8,0.686,0.0256,0,No,3.7,0.437,4.97,6.2,9.88,7.7,No,None,Extreme
49,55.94,1,12,0.474,0.144,2,No,4.4,0.386,5.0,5.9,8.19,6.0,No,Low,High
29,96.3,1,21,0.326,0.0176,0,No,3.3,0.398,5.0,5.08,9.94,4.7,No,None,Mid
12,79.23,1,8,0.47,0.0864,1,No,2.5,0.505,3.96,5.47,8.01,5.8,No,Low,High
35,169.68,1,27,0.071,0.1512,0,No,2.5,0.65,3.54,4.52,8.04,2.5,No,None,Low
23,141.03,6,10,0.631,0.0296,2,No,3.3,0.702,3.84,5.8,7.41,6.6,No,Low,High
14,54.41,4,45,0.325,0.172,1,Yes,1.8,0.418,2.86,3.48,6.62,4.9,No,Low,Mid
57,108.75,1,12,0.22,0.1064,1,No,1.7,0.875,4.09,5.0,8.07,3.9,No,Low,Low
31,156.17,8,11,0.486,0.0688,1,No,1.7,0.762,5.0,5.28,9.1,5.5,No,Low,High
56,119.75,29,14,0.006,0.0632,1,Yes,4.6,0.299,4.75,6.8,8.87,2.3,No,Low,Low
54,20.04,1,21,0.262,0.1304,1,No,4.4,0.728,5.0,5.45,8.9,4.7,No,Low,Mid
39,68.16,1,4,0.441,0.208,2,No,6.4,0.317,2.57,6.97,5.54,5.7,No,Low,Mid
24,50.86,7,67,0.49,0.1072,0,Yes,1.5,0.572,4.08,2.38,8.72,6.1,No,None,High
40,119.3,11,7,0.064,0.0904,1,No,3.9,0.283,3.53,6.32,7.56,2.7,No,Low,Low
51,32.38,1,1,0.301,0.132,3,No,7.2,0.818,3.58,7.38,6.14,4.9,No,Medium,Mid
34,71.26,1,23,0.298,0.2568,2,No,1.6,0.851,2.87,4.42,5.68,4.7,No,Low,Mid
39,83.99,20,18,0.409,0.0088,0,Yes,4.6,0.816,4.11,6.3,9.08,5.4,No,None,Mid
16,40.97,1,4,0.091,0.188,2,No,0.6,0.104,3.7,5.03,6.74,3.4,No,Low,Low
1,32.15,1,7,0.206,0.0072,1,No,2.4,0.693,4.45,5.48,8.76,4.2,No,Low,Low
22,21.26,6,21,0.051,0.0184,2,No,0.0,0.246,4.11,4.15,7.72,3.2,No,Low,Low
14,67.75,8,170,0.112,0.0368,0,No,3.6,0.228,5.0,1.47,9.88,3.4,Yes,None,Low
35,36.79,9,3,0.334,0.0984,1,No,2.0,0.603,4.98,5.82,8.99,5.1,No,Low,Mid
14,198.33,4,1,0.294,0.008,2,No,0.2,0.731,2.77,5.15,6.41,3.9,No,Low,Mid
55,57.37,28,34,0.084,0.0976,1,Yes,6.9,0.611,5.0,6.53,9.01,3.2,No,Low,Low
50,107.82,1,69,0.241,0.1344,0,No,3.5,0.957,3.92,2.75,8.47,4.0,No,None,Mid
54,29.84,14,7,0.621,0.0008,0,Yes,3.6,0.852,3.59,6.32,8.59,7.2,No,None,High
59,56.13,30,24,0.366,0.0968,2,Yes,5.3,0.421,3.36,6.57,6.7,5.2,No,Low,Mid
3,216.1,1,11,0.135,0.0024,0,No,2.1,0.439,3.29,5.18,8.28,2.6,No,None,Low
6,79.29,2,24,0.536,0.1728,3,No,2.4,0.916,3.37,4.67,5.79,6.3,No,Medium,High
59,59.17,15,0,0.132,0.0776,0,No,2.8,0.561,3.6,6.43,8.34,3.6,No,None,Low
45,70.43,1,11,0.497,0.016,3,No,3.0,0.756,4.13,5.48,7.08,6.1,No,Medium,High
55,69.81,14,9,0.218,0.0472,1,Yes,0.4,0.48,2.98,5.15,7.16,4.1,No,Low,Low
11,70.1,1,9,0.534,0.0432,2,No,0.0,0.45,3.8,4.58,7.32,6.3,No,Low,High
37,61.24,19,8,0.297,0.0624,2,Yes,1.5,0.246,3.71,5.73,7.17,4.7,No,Low,Mid
27,92.18,1,82,0.239,0.028,0,No,3.7,0.789,3.97,2.17,8.88,4.1,Yes,None,Mid
29,36.51,1,33,0.482,0.1384,0,No,4.4,0.755,4.49,4.85,9.03,6.2,No,None,High
11,61.59,1,16,0.164,0.0232,0,Yes,5.2,0.582,3.79,5.97,8.71,3.8,No,None,Low
2,84.57,1,29,0.448,0.2032,1,No,4.2,0.763,3.19,4.98,6.85,5.6,No,Low,Mid
60,23.12,1,38,0.335,0.0272,0,No,0.6,0.619,2.53,3.33,7.44,5.2,No,None,Mid
12,120.12,7,31,0.193,0.0192,0,No,1.1,0.611,3.92,4.05,8.86,3.6,No,None,Low
57,42.18,15,59,0.252,0.0104,0,No,3.4,0.615,3.74,3.68,8.71,4.5,No,None,Mid
24,86.38,1,24,0.056,0.072,3,No,5.3,0.779,2.74,5.6,5.5,2.9,No,Medium,Low
59,31.49,1,5,0.312,0.0024,0,Yes,2.5,0.709,4.43,5.62,9.42,5.0,No,None,Mid
24,57.49,1,82,0.078,0.18,2,No,3.7,0.592,3.79,2.17,6.86,3.2,Yes,Low,Low
33,33.9,9,34,0.247,0.312,1,No,3.6,0.774,4.87,4.8,8.16,4.5,No,Low,Mid
18,161.84,1,49,0.081,0.1896,2,No,3.9,0.573,2.77,3.88,5.8,2.6,Yes,Low,Low
40,29.07,21,18,0.426,0.0552,0,Yes,3.2,0.435,4.9,5.87,9.72,5.8,No,None,Mid
21,204.25,6,14,0.432,0.0008,0,No,8.5,0.754,3.68,7.33,8.68,4.8,No,None,Mid
22,36.67,6,61,0.196,0.0368,1,No,4.5,0.428,3.93,3.65,8.14,4.2,Yes,Low,Low
19,61.22,5,9,0.318,0.0832,0,No,0.0,0.735,4.23,4.72,8.95,4.9,No,None,Mid
2,109.93,1,27,0.454,0.0696,0,No,2.1,0.409,5.0,4.38,9.77,5.5,No,None,High
17,125.42,1,38,0.552,0.068,1,No,5.0,0.523,3.15,4.8,7.26,6.1,No,Low,High
40,94.23,1,21,0.303,0.0176,0,No,3.3,0.775,5.0,5.08,9.94,4.6,No,None,Mid
51,146.42,52,5,0.13,0.0112,0,Yes,0.8,0.517,4.39,6.68,9.35,3.0,No,None,Low
55,270.68,42,1,0.396,0.0728,0,Yes,3.4,0.833,4.24,7.48,9.0,4.1,No,None,Mid
4,74.84,2,24,0.38,0.0672,2,No,5.1,0.578,2.78,5.57,6.22,5.2,No,Low,Mid
10,47.31,1,8,0.377,0.0672,0,No,6.7,0.64,4.76,6.87,9.54,5.4,No,None,Mid
43,24.38,22,41,0.028,0.0536,3,No,3.3,0.78,4.1,4.78,6.92,3.0,No,Medium,Low
14,60.81,4,56,0.429,0.024,0,No,1.7,0.841,4.41,2.9,9.33,5.6,No,None,Mid
14,63.85,4,44,0.179,0.12,2,Yes,5.1,0.514,1.81,4.63,5.08,3.9,No,Low,Low
26,28.15,7,18,0.61,0.0384,0,No,4.0,0.35,4.39,5.67,9.26,7.1,No,None,High
11,123.19,1,2,0.266,0.0008,1,Yes,2.2,0.712,3.52,5.67,7.85,4.1,No,Low,Mid
25,53.29,7,60,0.121,0.0496,1,No,3.7,0.573,3.83,3.47,8.0,3.5,Yes,Low,Low
31,185.74,16,17,0.242,0.0912,0,No,1.8,0.418,5.0,5.28,9.7,3.6,No,None,Mid
31,55.28,8,15,0.272,0.06,1,No,1.6,0.801,4.18,5.05,8.31,4.6,No,Low,Mid
31,47.86,1,20,0.163,0.0552,0,No,0.0,0.513,4.92,4.03,9.74,3.9,No,None,Low
43,68.53,11,88,0.326,0.04,0,No,1.3,0.308,4.46,1.4,9.33,4.9,Yes,None,Mid
36,71.24,19,39,0.192,0.072,0,No,3.0,0.203,2.81,4.68,7.57,3.9,No,None,Low
58,97.13,15,22,0.394,0.0168,0,No,3.9,0.908,2.9,5.7,7.84,5.2,No,None,Mid
25,55.93,7,20,0.341,0.1304,0,No,1.1,0.491,4.8,4.6,9.37,5.1,No,None,Mid
31,42.15,8,6,0.209,0.056,0,No,0.4,0.792,5.0,5.1,9.81,4.2,No,None,Low
23,26.73,1,35,0.195,0.0016,0,No,4.1,0.23,3.6,4.65,8.59,4.2,No,None,Low
42,47.37,11,24,0.156,0.3088,2,No,1.6,0.623,4.38,4.7,7.02,3.8,No,Low,Low
14,63.66,4,42,0.462,0.0144,0,No,0.0,0.739,4.43,3.03,9.38,5.9,No,None,High
50,35.33,13,6,0.311,0.0064,1,No,1.4,0.473,3.22,5.6,7.53,5.0,No,Low,Mid
17,40.01,5,11,0.237,0.0176,0,No,5.3,0.355,4.24,6.38,9.18,4.4,No,None,Mid
6,74.13,2,31,0.345,0.1616,0,No,5.0,0.443,5.0,5.18,9.46,5.0,No,None,Mid
5,102.42,3,12,0.212,0.24,1,No,2.2,0.934,5.0,5.23,8.53,3.9,No,Low,Low
19,19.44,1,55,0.193,0.0008,2,No,1.5,0.763,4.66,2.78,8.32,4.2,Yes,Low,Low
38,45.84,1,32,0.317,0.0136,0,No,4.7,0.928,3.29,5.0,8.24,4.9,No,None,Mid
43,74.33,11,3,0.144,0.0944,1,No,5.4,0.492,3.15,7.02,7.17,3.6,No,Low,Low
12,24.0,1,36,0.185,0.0616,0,No,2.8,0.174,5.0,4.17,9.79,4.2,No,None,Low
35,192.42,36,2,0.637,0.0096,0,No,0.0,0.452,3.85,6.1,8.82,6.3,No,None,High
15,28.12,1,57,0.077,0.012,0,Yes,4.7,0.674,2.92,3.75,7.88,3.4,No,None,Low
56,123.6,29,27,0.57,0.064,0,No,5.6,0.612,2.85,6.48,7.64,6.2,No,None,High
36,129.66,28,1,0.017,0.0392,1,Yes,1.7,0.453,4.85,6.45,9.05,2.3,No,Low,Low
22,40.45,12,92,0.164,0.0392,2,No,6.1,0.535,5.0,2.83,8.54,3.9,Yes,Low,Low
13,66.72,1,10,0.403,0.0496,1,No,2.4,0.71,3.82,5.33,7.99,5.4,No,Low,Mid
46,46.73,24,40,0.559,0.0352,1,No,4.7,0.607,2.34,5.37,6.56,6.6,No,Low,High
14,30.39,1,61,0.5,0.0888,1,No,2.6,0.734,4.71,2.85,8.75,6.3,Yes,Low,High
6,56.5,1,5,0.318,0.0296,0,No,1.2,0.831,3.59,5.18,8.49,4.9,No,None,Mid
11,91.88,3,3,0.361,0.168,1,No,4.8,0.705,4.4,6.55,8.17,5.0,No,Low,Mid
30,58.39,8,11,0.343,0.0752,1,No,4.1,0.947,3.47,6.08,7.55,5.1,No,Low,Mid
55,57.49,1,31,0.414,0.2712,3,No,4.9,0.867,3.47,5.12,5.57,5.6,No,Medium,Mid
3,36.71,3,16,0.192,0.1368,1,No,6.3,0.317,5.0,6.4,8.88,4.1,No,Low,Low
9,99.46,3,12,0.191,0.036,0,Yes,2.4,0.124,4.32,5.3,9.2,3.7,No,None,Low
15,34.03,1,17,0.764,0.0616,3,No,0.8,0.175,2.57,4.45,5.36,8.1,No,Medium,Extreme
7,68.52,4,3,0.31,0.1176,1,No,2.8,0.931,3.28,5.92,7.22,4.8,No,Low,Mid
4,69.98,2,10,0.473,0.1344,0,No,3.2,0.558,3.79,5.63,8.34,5.9,No,None,High
32,33.16,1,8,0.057,0.0584,2,No,6.5,0.281,3.51,6.8,6.98,3.2,No,Low,Low
12,64.68,10,17,0.446,0.0896,1,No,6.3,0.861,4.7,6.58,8.73,5.7,No,Low,Mid
25,132.42,26,100,0.37,0.1032,1,No,2.9,0.58,4.21,1.83,8.2,4.8,Yes,Low,Mid
32,61.71,1,79,0.494,0.0848,2,No,2.5,0.652,2.69,1.92,6.07,6.1,Yes,Low,High
15,103.83,8,29,0.622,0.068,3,Yes,0.1,0.667,4.07,3.85,6.84,6.7,No,Medium,High
30,133.91,1,48,0.301,0.0208,1,No,3.7,0.788,3.09,3.87,7.35,4.3,No,Low,Mid
27,41.36,7,35,0.078,0.0704,0,No,4.3,0.289,3.42,4.92,8.19,3.3,No,None,Low
50,79.2,1,3,0.246,0.02,1,No,2.0,0.161,3.47,5.55,7.74,4.2,No,Low,Mid
8,23.81,7,48,0.326,0.1672,3,No,5.5,0.171,3.3,4.67,5.74,5.1,Yes,Medium,Mid
27,106.32,14,123,0.225,0.0552,0,No,3.5,0.523,4.44,1.63,9.26,3.9,Yes,None,Low
15,102.06,4,14,0.441,0.024,1,No,0.0,0.273,4.59,4.43,8.84,5.5,No,Low,Mid
6,225.88,1,6,0.166,0.0712,2,No,3.0,0.799,2.55,5.73,5.98,2.8,No,Low,Low
49,57.19,13,86,0.117,0.0288,0,No,1.2,0.718,4.59,1.53,9.49,3.5,Yes,None,Low
59,94.7,15,4,0.09,0.08,1,No,3.7,0.939,4.21,6.53,8.28,3.1,No,Low,Low
51,41.26,26,32,0.334,0.1248,0,No,2.0,0.714,5.0,4.93,9.58,5.1,No,None,Mid
33,95.65,9,11,0.424,0.0096,1,Yes,3.2,0.483,4.32,5.82,8.62,5.4,No,Low,Mid
21,87.7,11,22,0.158,0.0488,0,No,1.8,0.808,4.11,4.87,8.95,3.6,No,None,Low
53,134.27,14,71,0.306,0.0448,1,No,2.8,0.647,2.2,2.85,6.38,4.3,Yes,Low,Mid
24,473.67,7,17,0.264,0.0152,1,No,5.7,0.666,3.23,6.28,7.51,2.0,No,Low,Mid
23,14.12,1,12,0.179,0.1616,1,No,4.2,0.919,4.0,5.83,7.79,4.2,No,Low,Low
40,45.75,1,27,0.074,0.0944,2,No,0.0,0.831,2.85,3.68,6.2,3.2,No,Low,Low
14,109.13,1,10,0.13,0.092,2,Yes,6.7,0.8,3.21,6.77,6.57,3.3,No,Low,Low
39,48.02,1,10,0.06,0.0232,0,No,3.3,0.445,4.49,5.63,9.41,3.1,No,None,Low
24,123.7,7,25,0.146,0.1208,0,No,6.2,0.667,4.41,6.05,9.01,3.3,No,None,Low
41,14.27,21,30,0.354,0.0824,2,No,1.9,0.836,2.98,4.83,6.37,5.4,No,Low,Mid
31,85.41,1,29,0.318,0.0312,2,No,4.2,0.609,4.74,4.98,8.3,4.7,No,Low,Mid
60,59.58,16,27,0.463,0.004,0,No,3.3,0.555,2.04,5.28,7.03,5.9,No,None,High
43,57.9,1,35,0.291,0.028,1,No,6.2,0.331,4.24,5.35,8.48,4.7,No,Low,Mid
3,36.63,1,3,0.164,0.1352,5,No,2.5,0.588,3.38,5.72,4.6,3.9,No,Medium,Low
47,50.15,12,6,0.694,0.104,1,No,4.0,0.646,4.01,6.43,8.0,7.6,No,Low,Extreme
21,67.71,1,90,0.488,0.0152,1,No,4.1,0.507,3.6,1.9,7.88,6.0,Yes,Low,High
20,101.33,1,13,0.389,0.0192,2,Yes,2.4,0.845,2.79,5.18,6.39,5.1,No,Low,Mid
28,27.61,1,16,0.366,0.028,2,No,0.0,0.793,3.66,4.23,7.23,5.4,No,Low,Mid
37,108.0,1,42,0.285,0.096,1,No,4.6,0.934,3.88,4.47,7.89,4.3,No,Low,Mid
5,65.9,2,19,0.17,0.0688,0,No,4.5,0.481,5.0,5.62,9.77,3.8,No,None,Low
16,124.51,5,20,0.314,0.0424,1,No,2.0,0.757,3.37,4.83,7.56,4.5,No,Low,Mid
27,25.92,21,7,0.288,0.0312,0,Yes,1.6,0.375,4.55,5.88,9.45,4.9,No,None,Mid
23,51.86,6,9,0.394,0.0208,0,No,5.3,0.802,3.98,6.52,8.91,5.4,No,None,Mid
32,74.76,1,42,0.506,0.016,1,No,5.9,0.824,4.31,4.9,8.59,6.1,No,Low,High
30,41.07,8,10,0.136,0.0608,0,No,1.9,0.274,4.0,5.4,8.8,3.7,No,None,Low
6,37.8,2,18,0.14,0.0112,2,Yes,7.7,0.748,3.61,6.73,7.24,3.8,No,Low,Low
7,239.63,4,29,0.214,0.072,1,No,3.5,0.474,5.0,4.85,9.09,3.1,No,Low,Low
15,47.18,8,9,0.497,0.0728,1,No,5.2,0.648,2.74,6.55,6.83,6.2,No,Low,High
54,84.42,28,6,0.316,0.016,0,Yes,3.7,0.642,3.18,6.87,8.13,4.7,No,None,Mid
18,62.23,1,17,0.385,0.0232,3,No,5.1,0.492,4.85,5.88,7.77,5.3,No,Medium,Mid
41,81.46,21,44,0.213,0.168,3,No,0.9,0.736,2.54,3.8,4.98,4.0,No,Medium,Low
46,127.51,24,59,0.036,0.0512,0,No,3.6,0.775,4.86,4.05,9.69,2.5,No,None,Low
15,68.39,12,12,0.265,0.1048,0,No,4.2,0.728,4.02,6.2,8.67,4.4,No,None,Mid
3,45.4,1,7,0.084,0.0768,0,No,3.3,0.305,5.0,5.78,9.74,3.3,No,None,Low
54,77.22,28,21,0.433,0.1448,0,Yes,2.5,0.536,3.42,5.72,7.94,5.6,No,None,Mid
51,181.46,13,35,0.261,0.0032,0,No,2.7,0.473,5.0,4.58,9.99,3.7,No,None,Mid
7,51.69,1,20,0.037,0.0,0,No,1.3,0.765,3.87,4.47,8.87,2.9,No,None,Low
43,38.14,22,27,0.184,0.12,4,Yes,2.3,0.753,2.73,5.15,4.66,4.1,No,Medium,Low
34,63.4,18,85,0.414,0.0624,0,No,5.3,0.798,3.14,3.12,7.93,5.5,Yes,None,Mid
31,26.97,8,54,0.233,0.0064,0,No,0.8,0.804,5.0,2.83,9.98,4.5,No,None,Mid
1,35.1,1,13,0.741,0.0592,2,Yes,7.9,0.918,4.12,7.02,7.59,8.0,No,Low,Extreme
6,153.51,1,18,0.047,0.0064,0,No,4.7,0.469,4.99,5.7,9.97,2.4,No,None,Low
30,55.35,16,11,0.227,0.0408,1,No,2.3,0.448,2.83,5.75,7.03,4.3,No,Low,Mid
3,65.52,1,77,0.265,0.1168,0,No,3.3,0.635,4.18,2.28,8.79,4.5,Yes,None,Mid
14,57.07,8,19,0.113,0.0016,0,No,4.1,0.84,4.94,5.68,9.93,3.4,No,None,Low
51,68.5,39,17,0.23,0.0344,0,Yes,1.2,0.352,5.0,5.85,9.89,4.2,No,None,Mid
5,110.48,2,8,0.326,0.0912,1,No,4.0,0.581,4.22,6.0,8.25,4.6,No,Low,Mid
53,56.4,1,17,0.153,0.0432,0,No,2.6,0.852,2.62,5.05,7.48,3.7,No,None,Low
43,33.37,22,54,0.164,0.0432,1,No,4.8,0.682,3.62,4.63,7.81,3.9,No,Low,Low
56,22.52,15,111,0.398,0.0328,0,No,1.8,0.557,4.77,1.1,9.66,5.7,Yes,None,Mid
23,45.72,1,8,0.28,0.0648,1,No,0.0,0.896,3.45,4.63,7.57,4.7,No,Low,Mid
56,53.97,29,55,0.252,0.008,0,Yes,3.5,0.531,3.49,4.38,8.46,4.4,No,None,Mid
27,46.04,1,16,0.575,0.004,1,No,0.4,0.812,4.54,4.37,8.86,6.7,No,Low,High
4,54.1,3,8,0.195,0.0688,0,Yes,6.3,0.493,5.0,6.8,9.77,4.0,No,None,Low
5,58.28,3,61,0.24,0.0472,0,No,1.9,0.471,3.13,2.68,7.97,4.3,Yes,None,Mid
12,33.21,7,2,0.296,0.088,0,No,5.3,0.687,3.69,6.9,8.4,4.9,No,None,Mid
15,31.21,4,41,0.063,0.0288,0,No,3.9,0.322,3.81,4.38,8.71,3.3,No,None,Low
33,60.39,1,22,0.35,0.1064,1,No,1.1,0.415,4.78,4.3,8.76,5.1,No,Low,Mid
26,84.47,14,100,0.207,0.0616,0,No,3.5,0.537,5.0,1.63,9.79,3.9,Yes,None,Low
7,39.42,2,85,0.581,0.0232,0,No,6.1,0.81,4.13,2.85,9.05,6.8,Yes,None,High
24,97.6,1,30,0.117,0.0616,0,No,0.7,0.877,3.85,3.77,8.64,3.2,No,None,Low
20,36.85,6,29,0.029,0.02,0,No,3.2,0.804,5.0,4.82,9.93,3.0,No,None,Low
41,80.53,11,28,0.281,0.1496,2,No,1.4,0.7,3.6,4.43,6.77,4.5,Yes,Low,Mid
60,171.05,16,37,0.305,0.0816,2,Yes,1.0,0.854,2.43,4.02,5.82,4.1,No,Low,Mid
25,107.47,13,67,0.239,0.144,1,Yes,3.5,0.803,3.92,3.25,7.77,4.0,Yes,Low,Mid
20,94.69,6,7,0.189,0.0816,1,No,1.1,0.317,3.49,5.22,7.55,3.8,No,Low,Low
58,37.9,15,1,0.324,0.096,1,Yes,1.2,0.803,4.31,5.85,8.32,5.0,No,Low,Mid
17,66.25,9,75,0.212,0.1488,1,No,0.5,0.681,3.68,1.72,7.52,4.1,Yes,Low,Low
27,162.14,1,28,0.176,0.008,0,No,2.3,0.884,4.12,4.4,9.09,3.3,No,None,Low
36,149.72,19,2,0.498,0.0104,1,Yes,4.2,0.637,4.43,6.93,8.73,5.6,No,Low,High
35,124.23,1,69,0.209,0.0456,0,No,4.8,0.292,5.0,3.18,9.85,3.7,No,None,Low
48,82.1,1,16,0.1,0.0888,0,No,1.6,0.876,4.05,4.77,8.75,3.2,No,None,Low
9,81.47,1,61,0.24,0.1608,1,No,4.1,0.781,4.32,3.35,8.12,4.2,Yes,Low,Mid
29,22.81,8,33,0.052,0.0224,0,No,1.7,0.604,3.42,4.18,8.35,3.2,No,None,Low
17,44.56,5,2,0.189,0.072,1,Yes,4.6,0.429,4.12,6.6,8.21,4.1,No,Low,Low
54,222.0,14,15,0.139,0.0144,0,No,0.8,0.834,3.56,4.98,8.51,2.6,No,None,Low
7,98.51,1,2,0.362,0.1744,1,No,1.1,0.815,1.89,5.3,5.64,4.9,No,Low,Mid
48,268.21,1,7,0.097,0.0264,2,No,1.2,0.235,3.74,5.08,7.32,2.1,No,Low,Low
13,82.64,10,58,0.355,0.1464,0,No,5.4,0.51,4.18,4.23,8.69,5.0,No,None,Mid
18,36.15,5,47,0.097,0.0832,0,No,2.3,0.848,4.26,3.58,8.98,3.5,No,None,Low
40,55.64,11,30,0.261,0.0624,0,No,2.8,0.362,4.44,4.8,9.23,4.5,No,None,Mid
34,121.99,35,11,0.628,0.044,0,No,7.2,0.529,3.62,8.02,8.47,6.7,No,None,High
11,99.42,3,61,0.202,0.0024,1,No,1.8,0.551,5.0,2.65,9.33,3.8,Yes,Low,Low
14,182.78,1,140,0.328,0.128,2,No,1.4,0.414,4.17,1.0,7.41,4.2,Yes,Low,Mid
52,126.38,14,1,0.313,0.0144,1,Yes,6.1,0.374,3.41,7.45,7.7,4.4,No,Low,Mid
16,15.64,1,26,0.203,0.276,1,No,0.7,0.569,4.2,3.97,7.61,4.3,No,Low,Low
43,88.6,22,29,0.462,0.1664,1,No,6.9,0.316,5.0,6.58,8.78,5.7,No,Low,High
19,244.98,5,5,0.22,0.136,0,Yes,4.9,0.544,4.4,6.55,8.95,3.1,No,None,Low
9,104.84,1,47,0.238,0.0464,0,Yes,1.6,0.318,3.82,3.22,8.67,4.0,No,None,Mid
29,31.86,1,65,0.12,0.1136,1,No,5.5,0.689,5.0,3.62,8.95,3.6,No,Low,Low
9,102.1,3,4,0.743,0.0152,0,No,0.0,0.158,4.35,4.9,9.3,7.6,No,None,Extreme
59,70.97,15,50,0.315,0.164,2,No,3.1,0.655,3.51,4.03,6.63,4.8,No,Low,Mid
2,57.82,2,53,0.03,0.012,2,No,2.9,0.685,4.1,3.38,7.73,2.9,Yes,Low,Low
40,115.16,11,57,0.115,0.2464,3,Yes,3.6,0.775,3.85,3.72,6.03,3.1,No,Medium,Low
56,61.59,1,18,0.408,0.02,0,No,4.4,0.118,3.33,5.6,8.26,5.5,No,None,Mid
57,42.47,29,34,0.183,0.016,1,No,7.0,0.776,2.53,6.6,6.81,4.0,No,Low,Low
7,50.2,4,20,0.131,0.0528,1,No,1.1,0.804,3.9,4.5,8.06,3.6,No,Low,Low
57,23.77,29,21,0.345,0.0552,0,No,2.2,0.514,4.21,5.65,9.03,5.3,No,None,Mid
36,119.58,28,18,0.136,0.0128,0,No,4.9,0.67,3.27,6.67,8.23,3.2,No,None,Low
21,46.5,6,2,0.291,0.0568,2,No,2.5,0.657,4.1,5.93,7.58,4.8,No,Low,Mid
23,26.9,6,5,0.576,0.14,3,No,3.1,0.806,3.67,5.98,6.2,6.9,No,Medium,High
36,39.17,19,74,0.195,0.1208,1,No,0.3,0.712,4.44,2.03,8.37,4.1,Yes,Low,Low
31,46.42,1,21,0.446,0.0352,1,No,3.1,0.808,3.72,5.02,7.94,5.8,No,Low,Mid
28,151.24,1,31,0.447,0.1832,3,No,1.5,0.232,3.52,3.98,5.91,5.2,No,Medium,Mid
16,24.0,5,52,0.218,0.0688,1,Yes,3.7,0.392,4.22,3.8,8.32,4.4,No,Low,Low
25,134.47,1,62,0.54,0.0272,0,No,3.9,0.457,3.87,3.23,8.78,6.0,No,None,High
36,53.75,1,25,0.253,0.3016,5,No,6.3,0.201,2.49,5.88,3.15,4.4,No,Medium,Mid
9,47.3,7,13,0.24,0.0512,0,No,4.5,0.821,4.44,6.08,9.27,4.4,No,None,Mid
3,70.75,2,21,0.18,0.0128,0,No,5.8,0.904,3.55,5.95,8.51,3.8,No,None,Low
60,75.91,31,126,0.178,0.0008,0,Yes,0.5,0.571,4.1,1.2,9.1,3.8,Yes,None,Low
55,123.3,14,25,0.171,0.0032,0,No,4.3,0.59,3.57,5.65,8.56,3.5,No,None,Low
10,44.47,1,33,0.043,0.0984,0,No,1.7,0.329,3.66,3.95,8.33,3.0,No,None,Low
36,94.16,37,106,0.505,0.1544,4,Yes,0.0,0.58,3.53,1.23,5.35,6.0,Yes,Medium,High
9,144.77,1,86,0.197,0.0568,0,No,0.8,0.772,5.0,1.0,9.81,3.5,Yes,None,Low
1,37.53,1,151,0.141,0.0656,1,No,2.7,0.214,3.78,1.0,7.89,3.8,Yes,Low,Low
1,17.5,1,18,0.444,0.0216,0,No,4.1,0.1,4.14,5.5,9.07,6.0,No,None,Mid
9,78.05,3,2,0.266,0.0368,1,No,2.4,0.252,3.02,5.8,7.23,4.4,No,Low,Mid
27,158.81,1,9,0.25,0.0296,0,No,0.9,0.658,4.96,4.88,9.86,3.8,No,None,Mid
31,38.4,24,10,0.208,0.0384,0,Yes,1.2,0.83,4.51,5.7,9.38,4.2,No,None,Low
3,82.83,1,3,0.212,0.0512,1,Yes,4.5,0.828,3.74,6.38,7.9,4.0,No,Low,Low
43,32.89,33,23,0.427,0.0456,1,No,2.4,0.428,3.96,5.75,8.14,5.8,No,Low,Mid
19,54.35,1,3,0.452,0.0624,0,Yes,3.4,0.429,3.87,6.02,8.66,5.8,No,None,High
33,171.58,34,30,0.549,0.0576,0,Yes,1.4,0.755,4.23,5.1,9.04,5.8,No,None,High
6,87.25,1,2,0.217,0.064,1,No,4.7,0.618,4.47,6.5,8.59,4.0,No,Low,Low
26,116.45,7,151,0.096,0.0312,0,No,3.4,0.761,3.71,1.37,8.61,3.0,Yes,None,Low
46,61.66,24,25,0.359,0.028,0,No,1.5,0.805,5.0,5.05,9.91,5.1,No,None,Mid
50,169.88,51,23,0.299,0.2072,0,Yes,3.4,0.713,4.13,6.65,8.44,4.1,No,None,Mid
43,43.89,22,20,0.266,0.0256,2,No,2.5,0.686,4.49,5.57,8.07,4.6,No,Low,Mid
52,67.46,27,38,0.169,0.0304,0,No,3.3,0.535,4.91,5.1,9.81,3.8,No,None,Low
50,119.67,13,45,0.088,0.0088,1,No,0.2,0.183,4.6,3.25,8.9,2.9,Yes,Low,Low
24,73.63,1,56,0.181,0.0096,1,No,3.4,0.742,4.08,3.37,8.38,3.8,Yes,Low,Low
20,63.53,1,47,0.567,0.0016,0,No,5.1,0.435,4.38,4.38,9.37,6.6,No,None,High
52,76.95,40,9,0.263,0.036,3,No,5.0,0.505,2.44,7.55,5.32,4.4,No,Medium,Mid
52,42.5,14,38,0.231,0.0216,1,No,3.9,0.533,2.74,4.87,7.0,4.4,No,Low,Mid
42,41.74,11,9,0.499,0.1784,2,No,0.6,0.31,4.01,5.12,7.08,6.2,No,Low,High
54,62.77,14,0,0.535,0.0184,2,No,0.8,0.768,4.27,5.73,7.88,6.4,No,Low,High
13,106.94,1,7,0.226,0.0392,1,No,0.0,0.829,3.26,4.68,7.46,3.9,No,Low,Low
18,132.59,5,18,0.483,0.072,0,No,0.9,0.364,4.93,4.57,9.69,5.6,No,None,High
29,40.34,22,29,0.091,0.0784,0,No,2.6,0.723,3.78,5.15,8.52,3.4,No,None,Low
29,158.39,8,56,0.392,0.2976,1,No,0.0,0.409,3.59,2.47,6.93,4.8,Yes,Low,Mid
41,97.26,31,36,0.234,0.0976,2,Yes,2.4,0.523,3.65,5.03,6.99,4.1,No,Low,Mid
54,68.75,1,32,0.024,0.1856,0,No,2.1,0.329,3.6,4.13,7.98,2.8,No,None,Low
47,106.79,12,70,0.326,0.156,3,No,0.4,0.372,3.18,2.03,5.66,4.6,Yes,Medium,Mid
16,81.04,5,23,0.225,0.0024,3,No,1.3,0.743,3.92,4.45,6.91,4.1,No,Medium,Low
4,160.69,2,18,0.238,0.0248,0,No,4.2,0.845,4.48,5.57,9.4,3.7,No,None,Mid
54,94.62,41,13,0.267,0.056,2,Yes,8.1,0.772,2.82,8.42,6.3,4.3,No,Low,Mid
44,98.77,23,19,0.469,0.0624,1,Yes,3.0,0.606,4.01,5.82,8.14,5.7,No,Low,High
47,135.99,1,46,0.196,0.0272,0,No,0.2,0.576,4.7,2.8,9.61,3.6,Yes,None,Low
54,54.93,14,42,0.261,0.0224,1,No,5.4,0.618,4.95,5.17,9.21,4.5,No,Low,Mid
30,59.99,8,70,0.01,0.048,1,No,3.1,0.528,4.17,2.8,8.34,2.7,Yes,Low,Low
11,62.41,1,12,0.577,0.0952,3,No,4.4,0.256,3.12,5.9,5.8,6.7,No,Medium,High
1,299.49,1,5,0.612,0.0056,0,No,0.7,0.147,3.93,5.02,8.91,5.5,No,None,High
53,53.13,14,4,0.34,0.0152,0,Yes,3.8,0.65,3.95,6.53,8.9,5.1,No,None,Mid
47,63.04,1,13,0.468,0.0088,0,No,3.2,0.653,4.56,5.45,9.53,5.9,No,None,High
28,25.25,1,3,0.314,0.0112,0,No,5.1,0.528,5.0,6.58,9.96,5.0,No,None,Mid
8,83.18,1,1,0.147,0.0216,1,No,7.6,0.622,3.39,7.52,7.65,3.5,No,Low,Low
10,33.03,1,19,0.396,0.0104,0,Yes,6.0,0.574,5.0,6.08,9.97,5.6,No,None,Mid
6,67.64,1,1,0.399,0.0368,0,No,5.1,0.366,4.68,6.68,9.56,5.4,No,None,Mid
39,87.36,10,22,0.39,0.0448,0,No,7.3,0.475,2.2,6.67,7.05,5.2,No,None,Mid
28,36.08,15,10,0.309,0.0968,2,No,2.8,0.419,2.44,5.93,5.78,4.9,No,Low,Mid
53,42.49,14,8,0.415,0.0832,1,No,6.9,0.462,4.18,7.37,8.24,5.7,No,Low,Mid
38,98.32,1,7,0.412,0.1352,1,No,1.4,0.445,3.24,5.15,7.12,5.3,No,Low,Mid
15,87.43,4,36,0.132,0.0032,3,No,2.4,0.515,3.02,4.13,6.01,3.4,No,Medium,Low
44,26.13,12,1,0.382,0.0416,1,No,3.0,0.185,4.01,6.35,8.2,5.5,No,Low,Mid
26,68.07,7,1,0.685,0.168,0,No,4.1,0.613,4.92,6.55,9.36,7.4,No,None,Extreme
39,56.62,20,27,0.367,0.0032,0,Yes,0.0,0.736,3.31,4.32,8.3,5.2,No,None,Mid
52,132.86,1,21,0.21,0.0608,3,No,4.9,0.814,2.73,5.62,5.53,3.7,No,Medium,Low
47,84.38,1,7,0.309,0.0488,1,No,3.7,0.889,3.57,5.92,7.74,4.7,No,Low,Mid
5,42.58,1,17,0.091,0.0304,0,No,2.3,0.361,3.73,4.95,8.63,3.4,No,None,Low
3,83.04,1,15,0.15,0.0224,0,No,2.6,0.375,5.0,5.15,9.93,3.6,No,None,Low
40,44.28,1,11,0.287,0.0304,0,No,7.8,0.31,4.41,7.08,9.31,4.7,No,None,Mid
13,59.86,4,3,0.155,0.0192,0,No,0.0,0.488,4.52,4.98,9.46,3.7,No,None,Low
60,49.56,31,101,0.473,0.04,1,No,3.6,0.905,3.15,2.23,7.35,6.0,Yes,Low,High
59,36.21,15,5,0.296,0.0088,1,No,10.3,0.573,4.44,8.68,8.74,4.9,No,Low,Mid
18,27.34,5,26,0.407,0.0248,0,No,5.1,0.519,4.17,5.57,9.09,5.7,No,None,Mid
50,59.55,26,12,0.535,0.0336,0,No,0.2,0.721,4.48,5.33,9.37,6.4,No,None,High
29,44.92,1,8,0.279,0.0608,0,No,5.1,0.633,4.85,6.33,9.65,4.7,No,None,Mid
24,40.59,1,11,0.488,0.0376,2,Yes,0.0,0.664,2.72,4.48,6.26,6.2,No,Low,High
18,48.11,10,14,0.084,0.0424,0,No,3.7,0.521,3.74,5.87,8.6,3.3,No,None,Low
51,74.42,13,55,0.504,0.0472,1,No,4.0,0.506,3.15,4.02,7.33,6.1,Yes,Low,High
17,104.04,1,9,0.541,0.004,1,No,5.5,0.763,2.55,6.42,6.87,6.2,No,Low,High
40,30.57,1,89,0.374,0.092,0,No,4.4,0.891,4.13,2.05,8.82,5.4,Yes,None,Mid
32,161.13,9,71,0.397,0.116,1,No,4.9,0.398,3.94,3.38,7.89,4.8,Yes,Low,Mid
53,75.51,14,35,0.269,0.2064,1,No,2.9,0.42,3.32,4.68,6.97,4.4,No,Low,Mid
36,74.77,1,10,0.187,0.0848,2,No,6.7,0.635,4.31,6.77,7.69,3.9,No,Low,Low
6,162.37,2,5,0.175,0.0272,0,No,4.6,0.548,3.76,6.35,8.67,3.3,No,None,Low
22,157.78,6,5,0.504,0.0672,1,No,3.5,0.581,4.05,6.12,8.16,5.6,No,Low,High
16,45.55,1,1,0.399,0.0536,0,No,3.8,0.73,3.51,6.25,8.33,5.5,No,None,Mid
37,147.95,10,13,0.279,0.1872,3,No,4.5,0.321,3.06,6.18,5.44,4.1,No,Medium,Mid
10,24.4,8,68,0.213,0.016,0,Yes,4.6,0.671,3.96,3.4,8.91,4.3,No,None,Low
42,70.08,1,38,0.108,0.0696,3,No,0.0,0.45,2.49,3.13,5.26,3.3,Yes,Medium,Low
28,170.87,1,63,0.317,0.0128,0,No,1.9,0.892,3.4,2.52,8.36,4.2,Yes,None,Mid
43,51.12,1,12,0.122,0.0392,0,No,3.1,0.499,3.53,5.47,8.4,3.5,No,None,Low
8,29.2,3,4,0.137,0.0416,1,No,0.7,0.412,4.98,5.13,9.17,3.8,No,Low,Low
27,108.68,1,38,0.387,0.1504,1,No,2.0,0.313,2.27,3.8,6.1,5.1,Yes,Low,Mid
37,63.02,1,57,0.192,0.14,1,No,1.3,0.611,5.0,2.62,8.87,4.0,Yes,Low,Low
42,215.15,1,34,0.232,0.0248,0,No,2.6,0.554,3.58,4.2,8.5,3.3,No,None,Mid
43,140.94,11,20,0.153,0.0864,0,No,0.3,0.243,4.26,4.47,8.97,3.2,No,None,Low
25,49.37,13,0,0.185,0.1448,3,Yes,0.1,0.376,3.49,5.47,6.01,4.0,No,Medium,Low
42,74.67,1,2,0.153,0.0784,0,No,4.5,0.818,4.38,6.43,9.12,3.6,No,None,Low
27,21.11,1,5,0.414,0.02,2,No,4.2,0.38,4.02,6.18,7.62,5.8,No,Low,Mid
18,51.37,5,5,0.716,0.0248,0,Yes,6.5,0.52,5.0,7.08,9.92,7.7,No,None,Extreme
3,24.79,1,71,0.339,0.0264,0,Yes,1.5,0.825,4.38,1.98,9.29,5.2,Yes,None,Mid
34,38.85,1,78,0.226,0.2224,2,No,6.3,0.907,3.18,3.23,6.11,4.3,Yes,Low,Low
13,218.07,4,9,0.34,0.1592,2,No,0.6,0.539,3.42,4.88,6.56,4.1,No,Low,Mid
31,47.18,1,93,0.41,0.12,0,No,4.6,0.193,4.88,1.92,9.48,5.6,Yes,None,Mid
14,32.1,4,19,0.363,0.016,2,No,0.4,0.862,3.07,4.32,6.68,5.3,No,Low,Mid
35,19.2,1,15,0.425,0.02,0,No,1.5,0.513,3.65,4.78,8.58,5.9,No,None,Mid
51,50.69,26,57,0.11,0.072,0,No,3.4,0.728,4.78,4.15,9.54,3.5,No,None,Low
48,32.17,1,48,0.335,0.0088,0,No,5.9,0.857,5.0,4.6,9.97,5.2,No,None,Mid
50,46.94,13,21,0.543,0.252,5,No,1.2,0.433,3.25,4.78,4.08,6.5,Yes,Medium,High
29,35.27,8,38,0.546,0.0,2,No,0.0,0.497,4.02,3.37,7.69,6.6,No,Low,High
15,94.87,8,27,0.416,0.0208,1,No,1.9,0.766,4.1,4.55,8.36,5.3,No,Low,Mid
30,120.98,8,10,0.592,0.1656,2,No,0.3,0.357,2.99,4.87,6.1,6.4,No,Low,High
13,46.76,1,26,0.176,0.0232,1,No,1.7,0.552,4.72,4.3,8.98,4.0,No,Low,Low
44,88.8,12,35,0.286,0.2136,1,No,1.3,0.582,3.7,4.08,7.32,4.5,No,Low,Mid
12,40.36,4,8,0.511,0.0056,0,No,3.4,0.398,3.2,5.87,8.18,6.3,No,None,High
22,90.11,6,44,0.331,0.032,1,No,0.3,0.433,2.01,3.1,6.24,4.8,Yes,Low,Mid
6,105.79,2,21,0.061,0.0632,0,No,3.7,0.637,4.31,5.25,9.1,2.8,No,None,Low
7,55.22,1,45,0.172,0.0184,0,No,4.2,0.904,4.54,4.18,9.48,3.9,No,None,Low
30,122.76,1,22,0.609,0.0792,0,No,2.2,0.647,3.18,4.67,7.92,6.5,No,None,High
32,60.27,9,20,0.459,0.0536,0,Yes,2.0,0.663,3.77,4.97,8.59,5.9,No,None,High
38,92.62,10,43,0.24,0.088,3,No,5.4,0.403,3.42,4.98,6.13,4.1,No,Medium,Mid
1,99.26,1,1,0.137,0.0232,0,No,6.3,0.391,3.66,7.08,8.58,3.4,No,None,Low
36,36.99,1,21,0.574,0.116,1,Yes,0.0,0.771,3.98,3.98,7.93,6.8,No,Low,High
27,74.4,21,33,0.332,0.06,2,Yes,1.3,0.348,3.56,4.48,7.03,4.9,No,Low,Mid
50,33.13,13,7,0.555,0.02,0,No,3.1,0.332,5.0,6.12,9.93,6.7,No,None,High
39,50.36,10,72,0.168,0.0608,1,No,4.7,0.874,2.37,3.3,6.5,3.9,Yes,Low,Low
49,125.29,13,32,0.211,0.0736,1,No,2.5,0.418,5.0,4.67,9.09,3.7,No,Low,Low
44,122.1,1,3,0.267,0.0008,2,No,5.4,0.761,4.48,6.68,8.14,4.1,No,Low,Mid
12,132.6,4,46,0.239,0.0216,1,No,5.3,0.228,4.27,4.6,8.53,3.9,No,Low,Mid
57,114.99,1,26,0.699,0.188,1,Yes,3.9,0.615,3.04,5.03,6.75,7.2,No,Low,Extreme
39,51.67,1,31,0.142,0.0568,0,No,2.9,0.526,3.94,4.45,8.75,3.7,No,None,Low
6,32.13,7,5,0.381,0.016,0,No,0.0,0.922,4.37,4.98,9.32,5.5,No,None,Mid
39,120.02,30,4,0.354,0.0864,2,No,6.2,0.956,5.0,7.87,8.38,4.8,No,Low,Mid
24,24.0,1,24,0.673,0.004,3,No,4.8,0.928,3.42,5.43,6.41,7.6,No,Medium,Extreme
56,223.86,1,53,0.211,0.1504,0,No,0.6,0.973,4.05,2.58,8.55,3.1,No,None,Low
4,62.16,3,31,0.413,0.0768,1,No,3.6,0.877,4.94,4.75,9.02,5.5,No,Low,Mid
4,40.84,2,30,0.236,0.0448,1,No,3.2,0.393,3.89,4.63,8.07,4.4,No,Low,Mid
40,41.84,11,25,0.157,0.0176,2,No,0.6,0.758,3.04,4.32,6.65,3.8,No,Low,Low
4,44.45,3,8,0.293,0.0792,1,No,5.1,0.091,3.53,6.4,7.6,4.8,No,Low,Mid
17,53.22,9,8,0.362,0.0152,1,No,3.2,0.404,5.0,5.97,9.28,5.2,No,Low,Mid
22,89.74,12,74,0.154,0.0424,0,No,2.0,0.488,3.2,2.37,8.06,3.5,Yes,None,Low
27,43.45,14,57,0.162,0.0584,0,No,1.7,0.449,4.27,3.18,9.08,3.9,No,None,Low
9,80.86,1,5,0.519,0.016,0,No,2.3,0.766,4.24,5.55,9.19,6.1,No,None,High
25,183.34,7,2,0.44,0.0208,0,No,0.0,0.616,4.34,5.13,9.27,5.0,No,None,Mid
36,137.92,10,104,0.21,0.0112,2,No,3.3,0.587,2.16,1.43,5.79,3.6,Yes,Low,Low
59,107.74,30,13,0.133,0.172,2,Yes,5.4,0.767,3.32,7.15,6.41,3.3,No,Low,Low
42,37.55,11,55,0.101,0.0096,0,No,5.4,0.941,4.63,4.42,9.6,3.5,No,None,Low
38,22.64,20,48,0.405,0.0192,1,No,5.8,0.524,4.01,5.2,8.28,5.7,No,Low,Mid
38,137.3,1,8,0.098,0.0928,0,No,2.4,0.536,3.77,5.43,8.46,2.9,No,None,Low
29,23.15,1,2,0.149,0.2376,4,No,2.8,0.898,1.74,5.87,3.28,3.9,No,Medium,Low
58,152.46,15,17,0.413,0.1272,1,No,2.2,0.675,3.59,5.38,7.5,5.0,No,Low,Mid
4,55.83,1,2,0.311,0.1672,1,No,1.0,0.482,2.98,5.27,6.76,4.8,No,Low,Mid
18,79.49,1,5,0.283,0.0272,0,No,1.6,0.223,4.09,5.32,9.0,4.5,No,None,Mid
15,28.6,4,5,0.116,0.0264,3,No,2.6,0.612,3.81,5.75,6.72,3.6,No,Medium,Low
27,21.72,1,53,0.194,0.0368,0,No,2.7,0.725,3.13,3.28,8.01,4.2,Yes,None,Low
35,177.06,9,38,0.522,0.0016,0,No,4.8,0.564,3.06,5.0,8.05,5.6,No,None,High
52,47.78,14,137,0.347,0.0024,1,No,0.0,0.6,3.12,1.0,7.45,5.1,Yes,Low,Mid
11,134.29,1,61,0.284,0.0864,0,No,5.0,0.636,4.08,3.65,8.79,4.2,No,None,Mid
36,27.51,1,103,0.336,0.0536,1,No,3.7,0.53,3.22,1.27,7.37,5.2,Yes,Low,Mid
8,35.79,1,14,0.406,0.132,1,No,2.8,0.75,4.14,5.27,8.03,5.6,No,Low,Mid
28,45.55,15,40,0.23,0.0016,2,No,3.0,0.454,3.84,4.5,7.5,4.3,No,Low,Mid
57,61.72,1,1,0.047,0.1808,2,No,0.3,0.594,3.14,5.08,6.2,3.0,No,Low,Low
38,72.07,10,11,0.308,0.1152,0,Yes,4.0,0.344,5.0,6.12,9.62,4.7,No,None,Mid
50,105.46,13,20,0.091,0.0264,5,No,0.0,0.306,2.91,4.43,4.49,3.0,No,Medium,Low
1,18.24,1,10,0.158,0.004,1,No,3.1,0.32,3.54,5.57,7.86,4.0,No,Low,Low
28,93.6,1,80,0.201,0.0096,0,Yes,1.9,0.399,4.12,1.67,9.09,3.8,Yes,None,Low
5,38.03,1,5,0.148,0.0008,1,No,4.5,0.871,3.43,6.28,7.76,3.8,No,Low,Low
13,30.04,4,2,0.247,0.0008,0,No,0.0,0.893,3.74,5.03,8.74,4.5,No,None,Mid
44,85.13,1,34,0.282,0.1712,0,No,0.0,0.513,5.0,3.33,9.43,4.5,No,None,Mid
5,50.07,1,19,0.16,0.1192,1,No,1.8,0.323,3.89,4.68,7.83,3.8,No,Low,Low
18,66.09,1,27,0.247,0.048,0,No,0.2,0.617,4.08,3.75,8.92,4.3,No,None,Mid
33,21.13,1,22,0.415,0.1224,0,No,4.2,0.526,2.6,5.33,7.19,5.8,No,None,Mid
2,87.52,1,6,0.166,0.0008,1,No,0.0,0.858,2.93,4.73,7.26,3.6,No,Low,Low
23,61.56,12,56,0.251,0.244,3,No,0.8,0.287,3.45,2.87,5.64,4.4,Yes,Medium,Mid
3,91.9,1,10,0.435,0.172,0,No,1.1,0.294,5.0,4.9,9.43,5.5,No,None,Mid
17,58.37,9,13,0.16,0.0064,0,No,0.1,0.292,2.62,4.68,7.6,3.8,No,None,Low
30,37.97,16,35,0.662,0.0264,1,No,1.0,0.369,4.32,4.12,8.57,7.4,No,Low,High
31,25.93,1,1,0.156,0.0672,2,No,2.8,0.848,3.76,5.92,7.2,3.9,No,Low,Low
9,46.31,3,13,0.458,0.1344,1,No,5.2,0.418,2.82,6.18,6.71,5.9,No,Low,High
10,193.02,1,15,0.512,0.048,0,No,1.7,0.741,3.31,4.85,8.15,5.4,No,None,High
9,49.55,3,16,0.269,0.0576,0,No,3.2,0.606,5.0,5.37,9.81,4.6,No,None,Mid
30,30.46,8,41,0.056,0.0232,2,No,3.6,0.828,4.38,4.42,7.97,3.2,No,Low,Low
20,46.67,1,37,0.319,0.0712,0,Yes,2.6,0.358,4.19,4.05,8.95,5.0,No,None,Mid
54,70.2,1,15,0.2,0.0328,0,No,3.4,0.417,5.0,5.42,9.89,4.0,No,None,Low
50,18.74,13,10,0.263,0.0944,0,No,4.3,0.457,5.0,6.37,9.69,4.7,No,None,Mid
46,56.57,24,75,0.053,0.1976,1,Yes,4.9,0.924,4.56,3.68,8.23,3.0,No,Low,Low
53,75.52,14,1,0.113,0.0176,1,No,6.7,0.606,5.0,7.65,9.27,3.3,No,Low,Low
50,57.27,13,19,0.087,0.0016,0,Yes,1.0,0.908,3.36,4.82,8.35,3.3,No,None,Low
6,120.36,2,16,0.141,0.0056,0,No,2.8,0.303,5.0,5.2,9.98,3.3,No,None,Low
38,123.76,29,37,0.131,0.0456,0,No,6.4,0.843,3.73,6.25,8.58,3.2,No,None,Low
32,50.94,9,27,0.134,0.0496,1,No,7.5,0.2,4.54,6.45,8.71,3.6,No,Low,Low
21,102.69,1,8,0.074,0.2312,2,No,8.6,0.677,4.52,7.5,7.42,2.9,No,Low,Low
26,89.26,7,2,0.09,0.0592,0,Yes,2.0,0.535,4.56,5.8,9.36,3.1,No,None,Low
20,47.56,1,69,0.308,0.068,0,No,6.1,0.839,3.33,3.62,8.1,4.9,Yes,None,Mid
35,118.03,9,18,0.535,0.1072,0,No,2.8,0.582,3.36,5.33,8.0,6.0,No,None,High
48,139.53,1,142,0.087,0.1048,0,No,2.9,0.671,4.88,1.0,9.53,2.8,Yes,None,Low
12,36.65,1,35,0.828,0.012,0,No,1.9,0.449,4.75,3.92,9.71,8.6,No,None,Extreme
36,77.26,10,11,0.291,0.1792,1,No,0.1,0.383,3.05,4.82,6.79,4.6,No,Low,Mid
46,80.86,12,143,0.26,0.12,0,No,1.1,0.281,3.95,1.0,8.55,4.3,Yes,None,Mid
31,63.56,8,23,0.138,0.064,1,No,0.0,0.505,5.0,4.12,9.12,3.6,No,Low,Low
3,30.98,1,28,0.09,0.0072,0,No,1.7,0.336,5.0,4.2,9.98,3.4,No,None,Low
8,33.4,3,4,0.172,0.068,0,No,2.3,0.331,4.9,5.67,9.67,4.0,No,None,Low
45,164.05,1,7,0.116,0.18,3,No,1.2,0.584,3.81,5.08,6.21,2.8,No,Medium,Low
20,19.98,11,2,0.14,0.136,0,Yes,3.7,0.37,3.38,6.5,7.93,3.9,No,None,Low
19,43.01,1,19,0.45,0.0856,1,No,1.9,0.727,4.05,4.72,8.1,5.9,No,Low,High
6,45.66,4,30,0.156,0.0056,1,No,1.2,0.656,4.28,4.03,8.59,3.8,No,Low,Low
3,28.47,1,15,0.062,0.1832,1,No,4.7,0.509,3.53,5.85,7.25,3.3,No,Low,Low
50,31.68,26,10,0.097,0.1288,2,No,0.2,0.505,3.92,5.43,7.16,3.5,No,Low,Low
31,91.41,8,19,0.33,0.0352,0,No,6.3,0.386,4.61,6.42,9.49,4.8,No,None,Mid
30,49.07,1,30,0.454,0.1408,0,No,0.7,0.47,4.08,3.77,8.61,5.9,No,None,High
41,42.61,11,8,0.5,0.1304,1,No,2.0,0.352,2.91,5.63,6.81,6.2,No,Low,High
50,118.0,1,34,0.152,0.0296,0,Yes,5.6,0.678,4.82,5.2,9.72,3.4,No,None,Low
56,37.36,15,13,0.134,0.1072,0,No,7.7,0.714,5.0,7.42,9.64,3.7,No,None,Low
9,103.77,1,28,0.287,0.0176,0,No,5.3,0.749,5.0,5.4,9.94,4.4,No,None,Mid
30,36.89,8,12,0.169,0.2584,4,No,1.9,0.598,2.92,5.3,4.39,4.0,No,Medium,Low
4,40.3,3,2,0.502,0.1384,1,No,1.7,0.577,4.03,5.57,7.9,6.3,No,Low,High
18,60.43,10,20,0.25,0.02,1,No,4.1,0.776,3.66,5.7,7.93,4.4,No,Low,Mid
60,20.26,46,74,0.411,0.0088,0,Yes,5.8,0.471,5.0,4.77,9.97,5.8,No,None,Mid
19,50.05,1,10,0.584,0.076,1,No,3.1,0.647,4.42,5.57,8.5,6.8,No,Low,High
14,52.01,4,12,0.249,0.056,1,No,2.8,0.456,3.93,5.47,8.08,4.4,No,Low,Mid
38,128.12,10,9,0.323,0.1736,0,Yes,3.9,0.671,3.73,6.18,8.15,4.5,No,None,Mid
2,67.28,1,45,0.08,0.0016,1,No,4.2,0.816,4.59,4.18,8.92,3.2,No,Low,Low
45,21.95,12,2,0.141,0.0392,1,No,2.4,0.64,5.0,6.1,9.2,3.9,No,Low,Low
11,18.44,1,2,0.065,0.0336,1,No,3.1,0.694,5.0,5.97,9.22,3.3,No,Low,Low
29,43.12,1,6,0.321,0.0296,0,No,0.0,0.379,4.71,4.73,9.61,5.0,No,None,Mid
37,47.72,19,39,0.179,0.044,1,No,1.3,0.739,4.42,4.12,8.61,4.0,No,Low,Low
49,29.08,1,130,0.041,0.0016,1,No,2.0,0.626,3.71,1.0,8.04,3.1,Yes,Low,Low
46,24.7,1,3,0.404,0.0168,1,Yes,3.4,0.814,2.79,6.02,7.07,5.7,No,Low,Mid
48,58.53,13,29,0.646,0.0864,0,Yes,0.9,0.584,3.04,4.28,7.75,7.2,No,None,High
42,62.68,1,5,0.396,0.1272,0,No,0.1,0.462,3.57,4.82,8.15,5.4,No,None,Mid
28,98.2,1,63,0.241,0.052,0,No,0.7,0.355,3.43,2.12,8.26,4.1,Yes,None,Mid
21,105.26,6,133,0.289,0.0176,0,No,0.7,0.759,5.0,1.0,9.94,4.4,Yes,None,Mid
25,203.66,7,12,0.138,0.0536,0,No,1.8,0.769,3.9,5.23,8.72,2.7,No,None,Low
13,59.17,10,11,0.267,0.052,3,No,4.6,0.509,3.41,6.32,6.24,4.5,No,Medium,Mid
20,80.75,11,4,0.74,0.1832,1,No,6.5,0.874,4.41,7.33,8.13,7.7,No,Low,Extreme
39,176.82,20,3,0.121,0.0784,2,No,3.5,0.597,2.98,6.68,6.39,2.8,No,Low,Low
34,48.32,1,18,0.263,0.0264,0,No,3.4,0.521,4.71,5.27,9.62,4.6,No,None,Mid
39,37.57,20,5,0.232,0.0128,0,Yes,0.5,0.435,5.0,5.58,9.96,4.4,No,None,Mid
45,10.0,23,15,0.247,0.0656,1,No,0.0,0.475,5.0,5.02,9.11,4.7,No,Low,Mid
8,67.92,1,19,0.126,0.3552,4,No,2.0,0.541,3.22,4.75,4.37,3.5,No,Medium,Low
19,81.44,5,41,0.287,0.1472,0,No,0.0,0.642,4.07,3.12,8.58,4.5,No,None,Mid
60,153.47,1,52,0.2,0.0184,0,No,0.0,0.416,4.64,2.43,9.58,3.5,No,None,Low
5,59.91,3,9,0.192,0.0088,0,No,2.5,0.695,5.0,5.48,9.97,4.0,No,None,Low
39,28.29,10,46,0.192,0.2672,0,Yes,2.0,0.32,3.89,3.7,8.0,4.2,No,None,Low
55,248.51,1,15,0.484,0.0264,1,No,2.1,0.519,3.77,4.98,8.02,4.9,No,Low,High
24,25.56,1,15,0.226,0.056,1,No,0.7,0.475,4.8,4.52,8.95,4.4,No,Low,Low
31,46.79,16,18,0.117,0.1104,0,No,1.5,0.941,3.28,5.13,7.91,3.5,No,None,Low
22,53.27,1,1,0.162,0.0,0,No,3.4,0.893,3.58,6.12,8.58,3.8,No,None,Low
39,155.24,20,42,0.182,0.0488,0,No,7.0,0.731,4.71,5.9,9.55,3.3,No,None,Low
36,42.09,10,32,0.32,0.0344,1,No,6.1,0.483,3.67,5.77,7.89,5.0,No,Low,Mid
52,35.24,14,17,0.251,0.04,2,No,3.4,0.702,4.52,5.75,8.05,4.5,No,Low,Mid
20,76.9,1,44,0.148,0.0664,1,No,3.4,0.527,4.7,3.97,8.81,3.6,No,Low,Low
44,153.07,12,42,0.069,0.0792,0,No,1.9,0.597,3.83,3.93,8.57,2.6,No,None,Low
38,71.76,39,73,0.592,0.1296,3,Yes,2.3,0.476,3.71,3.42,6.28,6.7,Yes,Medium,High
15,59.57,1,2,0.15,0.012,1,No,3.7,0.35,4.61,6.17,8.9,3.7,No,Low,Low
1,80.14,1,24,0.35,0.0384,0,Yes,2.9,0.442,3.22,4.8,8.09,5.0,No,None,Mid
57,49.89,1,1,0.074,0.2016,1,No,5.1,0.636,4.21,6.68,7.87,3.2,No,Low,Low
1,101.94,1,10,0.077,0.0072,0,No,1.4,0.719,3.75,5.0,8.73,2.9,No,None,Low
4,143.25,2,26,0.532,0.0528,0,No,1.5,0.419,4.01,4.27,8.83,5.9,No,None,High
55,74.19,1,49,0.146,0.104,0,No,0.9,0.679,4.4,2.88,9.05,3.6,No,None,Low
50,124.99,1,6,0.606,0.0256,0,No,5.0,0.807,2.29,6.4,7.2,6.5,No,None,High
51,81.48,13,44,0.391,0.028,3,No,4.7,0.2,2.81,4.8,5.72,5.2,No,Medium,Mid
30,142.97,1,30,0.275,0.1088,0,No,4.3,0.9,4.18,4.97,8.82,4.1,No,None,Mid
17,104.48,1,6,0.331,0.0528,1,No,4.3,0.637,3.03,6.17,7.19,4.7,No,Low,Mid
7,25.97,2,3,0.305,0.02,0,No,5.8,0.887,5.0,6.85,9.93,5.0,No,None,Mid
44,64.52,23,18,0.205,0.0808,0,No,3.6,0.568,4.15,6.07,8.88,4.0,No,None,Low
57,35.25,15,2,0.207,0.0256,0,No,1.8,0.314,4.13,6.0,9.04,4.2,No,None,Low
27,15.59,7,21,0.398,0.0128,2,No,0.9,0.588,3.09,4.48,6.71,5.7,No,Low,Mid
41,43.65,1,22,0.345,0.0968,3,No,2.8,0.516,3.19,4.87,5.87,5.2,No,Medium,Mid
23,62.13,24,29,0.509,0.1504,0,No,2.8,0.317,4.0,5.28,8.5,6.2,No,None,High
48,136.19,13,48,0.302,0.0656,1,No,2.0,0.774,3.4,3.7,7.51,4.3,No,Low,Mid
30,37.07,23,44,0.376,0.0088,0,No,0.7,0.464,5.0,3.8,9.97,5.4,No,None,Mid
60,143.05,31,93,0.139,0.2248,0,No,1.7,0.802,4.16,1.95,8.41,3.1,Yes,None,Low
1,134.99,1,34,0.757,0.1328,1,No,9.2,0.212,3.53,6.4,7.42,7.5,No,Low,Extreme
26,42.58,1,11,0.327,0.1424,1,No,1.8,0.806,5.0,5.08,8.86,5.0,No,Low,Mid
44,71.22,23,15,0.256,0.2056,1,Yes,0.0,0.287,3.27,5.02,6.92,4.4,No,Low,Mid
47,39.18,12,13,0.368,0.2312,1,Yes,1.7,0.563,4.6,5.32,8.16,5.3,No,Low,Mid
18,25.03,1,28,0.045,0.1048,2,No,3.8,0.719,2.43,4.9,5.75,3.2,No,Low,Low
29,33.92,8,36,0.147,0.0112,4,No,5.8,0.686,2.57,5.4,4.87,3.8,No,Medium,Low
53,59.95,1,67,0.384,0.0432,0,No,4.0,0.353,5.0,3.02,9.86,5.3,Yes,None,Mid
19,77.78,5,15,0.275,0.0184,0,Yes,0.0,0.803,2.91,4.42,7.85,4.5,No,None,Mid
9,31.65,3,10,0.172,0.0136,0,No,5.1,0.677,5.0,6.3,9.95,4.0,No,None,Low
9,109.26,5,40,0.338,0.0888,1,No,0.6,0.388,3.66,3.37,7.7,4.7,No,Low,Mid
20,146.23,11,23,0.165,0.0736,0,No,4.7,0.731,5.0,5.78,9.75,3.3,No,None,Low
10,170.31,1,14,0.31,0.016,0,No,0.0,0.814,4.71,4.33,9.66,4.1,No,None,Mid
42,75.26,1,1,0.08,0.0256,0,No,0.4,0.423,5.0,5.12,9.91,3.1,No,None,Low
28,54.29,1,21,0.124,0.0264,0,No,6.0,0.6,5.0,5.98,9.91,3.5,No,None,Low
56,30.78,29,37,0.498,0.0032,0,Yes,2.4,0.426,4.33,4.92,9.32,6.3,No,None,High
23,37.28,18,108,0.06,0.1232,2,No,2.9,0.409,3.8,1.57,7.06,3.2,Yes,Low,Low
18,53.1,1,13,0.16,0.1768,1,No,0.4,0.801,4.42,4.52,8.16,3.8,No,Low,Low
9,50.2,3,5,0.17,0.3152,0,No,3.6,0.797,4.31,6.05,8.26,3.9,No,None,Low
19,53.45,15,0,0.045,0.0072,0,Yes,1.2,0.514,4.28,5.9,9.26,3.0,No,None,Low
26,161.97,1,23,0.342,0.0448,0,Yes,0.1,0.846,4.44,3.92,9.29,4.4,No,None,Mid
33,87.7,17,25,0.352,0.1704,0,No,4.1,0.831,3.82,5.68,8.25,4.9,No,None,Mid
43,58.97,1,10,0.355,0.0336,3,No,1.9,0.499,2.86,5.17,5.75,5.1,No,Medium,Mid
53,187.3,1,4,0.504,0.0584,2,No,4.8,0.937,3.81,6.43,7.28,5.4,No,Low,High
41,101.4,11,22,0.353,0.1144,1,No,0.2,0.185,4.11,4.33,8.06,4.9,No,Low,Mid
5,61.64,3,39,0.283,0.0464,0,No,4.9,0.634,3.95,4.78,8.8,4.6,No,None,Mid
6,30.13,1,10,0.33,0.0064,3,No,2.3,0.203,3.09,5.3,6.07,5.1,No,Medium,Mid
4,27.05,2,68,0.14,0.0192,1,No,1.0,0.693,3.36,2.0,7.63,3.8,Yes,Low,Low
25,163.69,7,6,0.155,0.0192,0,No,4.1,0.937,4.96,6.3,9.9,3.1,No,None,Low
13,149.61,4,4,0.255,0.016,0,No,0.1,0.353,4.28,4.97,9.23,3.9,No,None,Mid
28,69.11,15,24,0.115,0.072,0,No,5.0,0.447,4.33,5.97,9.09,3.4,No,None,Low
7,53.03,1,8,0.353,0.0432,2,No,4.5,0.461,4.28,6.13,7.8,5.2,No,Low,Mid
56,85.64,15,11,0.3,0.0536,1,No,0.0,0.772,5.0,4.95,9.15,4.6,No,Low,Mid
4,58.5,3,11,0.391,0.06,1,No,4.3,0.697,4.83,5.98,8.96,5.4,No,Low,Mid
5,51.34,1,83,0.16,0.0096,1,No,5.0,0.544,2.67,2.55,6.97,3.8,Yes,Low,Low
45,73.25,12,16,0.125,0.1192,0,No,4.0,0.907,4.02,5.93,8.62,3.4,No,None,Low
12,63.61,1,72,0.493,0.048,0,Yes,2.7,0.473,4.91,2.33,9.75,6.1,No,None,High
17,100.86,13,25,0.359,0.012,2,No,0.9,0.684,3.21,4.48,6.84,4.9,No,Low,Mid
40,50.54,1,14,0.384,0.0192,2,No,6.4,0.293,3.53,6.47,7.13,5.4,No,Low,Mid
49,76.25,13,65,0.502,0.0128,1,Yes,0.5,0.851,4.3,2.35,8.59,6.1,Yes,Low,High
38,58.55,10,42,0.019,0.096,0,No,5.5,0.268,2.57,5.07,7.25,2.8,No,None,Low
53,86.75,27,69,0.367,0.0168,0,Yes,4.4,0.404,3.67,3.92,8.61,5.0,No,None,Mid
27,74.93,1,23,0.438,0.1728,3,No,3.4,0.819,2.43,5.02,4.85,5.6,No,Medium,Mid
50,135.79,13,8,0.257,0.0136,1,No,0.0,0.694,4.74,5.03,9.03,4.0,No,Low,Mid
24,77.26,19,3,0.21,0.0576,2,No,3.0,0.82,2.88,6.48,6.35,4.0,No,Low,Low
37,31.46,1,13,0.317,0.0568,0,No,2.9,0.518,3.63,5.35,8.44,5.0,No,None,Mid
12,72.45,7,28,0.386,0.0624,0,No,2.3,0.673,3.81,4.6,8.6,5.3,No,None,Mid
19,26.58,1,51,0.256,0.0216,1,No,2.9,0.806,5.0,3.45,9.26,4.6,No,Low,Mid
16,123.34,1,38,0.109,0.092,0,No,4.9,0.925,5.0,4.77,9.69,3.0,No,None,Low
51,49.53,26,22,0.561,0.1504,0,No,6.7,0.509,1.99,7.0,6.49,6.6,No,None,High
38,56.58,1,71,0.347,0.1496,0,No,0.8,0.469,3.9,1.75,8.4,5.1,Yes,None,Mid
23,73.9,6,20,0.208,0.0832,1,Yes,1.8,0.2,3.92,4.8,7.98,4.0,No,Low,Low
34,59.41,9,51,0.09,0.0728,1,No,3.9,0.713,4.92,4.05,9.01,3.3,No,Low,Low
55,195.9,1,86,0.453,0.0144,3,No,3.8,0.446,3.43,2.0,6.38,5.0,Yes,Medium,High
34,36.18,9,5,0.193,0.1024,1,No,3.3,0.659,2.31,6.15,6.3,4.1,No,Low,Low
11,36.24,1,60,0.079,0.0728,0,No,3.2,0.409,3.68,3.1,8.44,3.3,No,None,Low
14,71.19,4,6,0.173,0.208,3,No,3.3,0.748,2.05,5.93,4.36,3.8,No,Medium,Low
25,63.79,7,6,0.47,0.1072,0,No,5.3,0.266,4.85,6.7,9.49,5.9,No,None,High
54,62.25,28,12,0.443,0.1176,2,No,0.0,0.939,2.37,5.33,5.64,5.7,No,Low,Mid
4,38.28,2,0,0.419,0.0152,0,Yes,0.7,0.361,5.0,5.3,9.95,5.7,No,None,Mid
37,62.51,19,54,0.044,0.0752,1,No,2.1,0.776,3.66,3.63,7.74,2.9,Yes,Low,Low
59,23.1,15,13,0.25,0.1136,1,No,1.7,0.786,5.0,5.42,8.95,4.6,No,Low,Mid
42,160.67,11,84,0.528,0.064,0,No,1.0,0.86,4.42,1.5,9.21,5.7,Yes,None,High
58,67.14,1,18,0.341,0.0224,1,No,0.0,0.419,4.46,4.13,8.72,5.0,No,Low,Mid
18,83.11,5,65,0.266,0.0664,2,No,9.0,0.396,3.61,4.92,7.06,4.4,No,Low,Mid
11,62.96,6,13,0.22,0.0264,1,No,1.7,0.388,3.65,5.12,7.9,4.2,No,Low,Low
32,40.03,17,34,0.252,0.2424,3,No,3.7,0.327,3.38,5.1,5.57,4.5,No,Medium,Mid
55,45.34,56,37,0.164,0.0712,0,Yes,3.0,0.419,5.0,5.82,9.76,3.9,No,None,Low
10,46.2,1,7,0.102,0.0776,1,No,5.9,0.354,3.89,6.65,7.96,3.4,No,Low,Low
17,32.45,1,10,0.066,0.0216,1,No,5.7,0.801,2.98,6.43,7.24,3.3,No,Low,Low
14,40.5,4,13,0.504,0.1888,0,No,1.1,0.284,4.75,4.85,9.12,6.3,No,None,High
17,95.78,1,31,0.474,0.024,0,No,0.3,0.367,4.81,3.58,9.73,5.7,No,None,High
6,46.56,4,1,0.443,0.1896,3,No,1.2,0.698,4.53,5.48,6.9,5.8,No,Medium,Mid
4,283.15,4,26,0.129,0.0936,0,Yes,3.7,0.58,3.77,5.07,8.46,2.2,No,None,Low
60,40.47,1,12,0.559,0.0008,1,No,0.8,0.597,2.84,4.7,7.17,6.7,No,Low,High
55,111.18,14,12,0.232,0.016,1,No,0.8,0.099,5.0,5.13,9.28,4.0,No,Low,Mid
48,175.77,1,5,0.355,0.0352,0,No,4.7,0.763,2.75,6.35,7.63,4.4,No,None,Mid
1,42.91,1,6,0.1,0.036,0,No,2.9,0.597,5.0,5.7,9.88,3.4,No,None,Low
43,48.75,22,48,0.241,0.0008,1,No,5.0,0.698,2.7,5.0,7.03,4.4,No,Low,Mid
52,55.19,14,14,0.214,0.2456,3,No,4.6,0.847,3.85,6.3,6.03,4.2,No,Medium,Low
46,107.63,24,8,0.373,0.0216,2,No,5.9,0.674,4.42,7.37,8.01,5.0,No,Low,Mid
36,96.77,1,44,0.3,0.0288,2,No,2.1,0.315,3.07,3.53,6.64,4.5,No,Low,Mid
43,29.32,1,14,0.23,0.0856,2,No,3.8,0.72,3.76,5.6,7.14,4.4,No,Low,Mid
60,95.18,16,14,0.398,0.0096,1,Yes,7.4,0.481,4.31,7.3,8.61,5.2,No,Low,Mid
29,111.23,15,32,0.272,0.0504,2,Yes,3.9,0.792,3.43,5.2,6.93,4.2,No,Low,Mid
53,206.75,40,39,0.023,0.2232,2,Yes,0.0,0.411,3.46,4.38,6.38,1.9,No,Low,Low
49,96.94,13,9,0.133,0.1192,1,Yes,2.8,0.853,4.22,5.92,8.16,3.3,No,Low,Low
37,117.36,10,71,0.099,0.0536,1,No,0.0,0.811,4.69,1.78,8.84,3.0,Yes,Low,Low
31,309.75,1,33,0.287,0.1464,1,Yes,5.6,0.834,4.83,5.25,8.68,3.2,No,Low,Mid
59,30.19,1,11,0.277,0.0224,2,No,3.6,0.146,2.96,5.68,6.55,4.8,No,Low,Mid
44,24.97,1,33,0.166,0.0488,1,No,1.8,0.407,3.61,3.98,7.78,4.0,No,Low,Low
9,85.84,1,4,0.526,0.1216,0,No,3.4,0.56,3.43,5.97,8.02,6.2,No,None,High
42,47.93,22,54,0.258,0.0576,0,No,4.4,0.712,4.87,4.5,9.68,4.5,No,None,Mid
46,76.52,24,30,0.1,0.0312,1,No,1.2,0.673,3.95,4.7,8.18,3.2,No,Low,Low
26,75.47,7,16,0.162,0.0568,0,No,3.3,0.871,4.75,5.53,9.56,3.7,No,None,Low
16,48.16,1,72,0.332,0.3096,3,No,7.2,0.832,3.49,3.83,5.46,5.0,Yes,Medium,Mid
40,41.69,1,31,0.116,0.0264,1,No,6.4,0.338,4.38,5.62,8.63,3.6,No,Low,Low
31,75.58,16,32,0.43,0.0816,3,No,0.7,0.942,3.27,4.17,6.0,5.6,Yes,Medium,Mid
27,115.48,34,12,0.327,0.092,0,No,1.6,0.474,3.61,6.07,8.3,4.6,No,None,Mid
41,35.13,1,15,0.574,0.1064,4,No,3.1,0.629,4.72,5.32,6.7,6.8,No,Medium,High
53,84.23,1,39,0.615,0.0128,0,No,3.8,0.655,4.87,4.35,9.83,6.8,No,None,High
53,91.62,14,22,0.235,0.1096,1,Yes,4.0,0.266,3.5,5.7,7.47,4.1,No,Low,Mid
22,41.71,1,0,0.493,0.0984,3,No,1.6,0.464,3.81,5.57,6.48,6.2,No,Medium,High
10,122.77,1,76,0.058,0.34,3,No,4.3,0.278,2.92,2.67,4.79,2.7,Yes,Medium,Low
23,51.47,6,34,0.324,0.1008,0,Yes,0.5,0.734,5.0,3.67,9.66,5.0,No,None,Mid
5,30.66,2,7,0.366,0.0328,0,No,2.5,0.554,4.58,5.55,9.47,5.4,No,None,Mid
49,18.33,1,85,0.263,0.1056,2,No,4.2,0.498,3.0,2.18,6.31,4.7,Yes,Low,Mid
37,40.78,10,13,0.331,0.268,2,No,3.3,0.828,2.94,5.78,5.71,5.1,No,Low,Mid
10,84.5,3,4,0.415,0.0032,0,No,3.4,0.785,4.8,6.03,9.79,5.4,No,None,Mid
13,33.87,1,20,0.424,0.0448,1,No,2.2,0.711,5.0,4.77,9.18,5.8,No,Low,Mid
57,62.38,15,3,0.47,0.0248,0,No,1.7,0.359,4.24,5.92,9.16,5.9,No,None,High
54,61.3,1,5,0.085,0.0336,0,No,2.3,0.593,4.47,5.55,9.36,3.2,No,None,Low
33,91.1,9,2,0.595,0.0768,0,Yes,5.2,0.785,4.28,6.93,9.02,6.6,No,None,High
37,91.0,1,10,0.292,0.0136,2,No,4.0,0.393,3.32,5.87,6.94,4.5,No,Low,Mid
6,36.29,1,8,0.215,0.0584,1,Yes,5.9,0.7,3.46,6.6,7.6,4.3,No,Low,Low
44,28.62,12,4,0.03,0.0208,2,No,6.7,0.812,3.8,7.43,7.4,3.0,No,Low,Low
35,18.25,1,42,0.341,0.0512,1,No,4.3,0.632,4.18,4.37,8.34,5.3,No,Low,Mid
57,80.52,1,8,0.156,0.0864,1,No,4.1,0.473,3.89,6.0,7.94,3.6,No,Low,Low
49,157.33,1,45,0.293,0.1192,0,No,0.0,0.436,5.0,2.78,9.6,4.1,No,None,Mid
34,26.68,1,28,0.256,0.1512,0,No,5.2,0.709,3.33,5.37,7.83,4.6,No,None,Mid
20,139.05,11,11,0.575,0.1832,2,No,1.8,0.371,3.27,5.42,6.33,6.2,No,Low,High
2,30.39,1,11,0.149,0.056,0,No,5.6,0.251,3.14,6.35,7.95,3.9,No,None,Low
24,77.29,19,18,0.385,0.1832,2,No,0.0,0.742,3.68,4.73,6.74,5.2,No,Low,Mid
18,109.5,5,5,0.264,0.0904,0,Yes,1.3,0.629,4.49,5.35,9.19,4.2,No,None,Mid
10,137.36,1,7,0.288,0.0288,2,No,1.3,0.415,3.01,5.12,6.58,4.2,No,Low,Mid
32,43.97,9,46,0.376,0.0976,0,Yes,4.5,0.761,3.14,4.5,7.81,5.4,No,None,Mid
12,59.48,10,57,0.615,0.028,1,No,2.3,0.8,3.18,3.25,7.42,6.9,Yes,Low,High
2,90.0,1,24,0.11,0.012,0,No,2.7,0.659,2.94,4.73,7.9,3.2,No,None,Low
5,42.22,3,23,0.202,0.1032,0,No,3.5,0.625,4.13,5.12,8.79,4.2,No,None,Low
57,85.97,1,8,0.54,0.0576,0,No,3.8,0.917,4.3,5.9,9.11,6.3,No,None,High
32,149.93,1,38,0.312,0.1104,2,No,4.1,0.731,3.85,4.5,7.15,4.3,No,Low,Mid
27,44.79,14,22,0.257,0.2224,0,Yes,0.9,0.507,4.48,4.67,8.74,4.5,No,None,Mid
14,77.0,1,36,0.404,0.016,1,No,1.6,0.558,5.0,3.77,9.28,5.4,No,Low,Mid
11,65.12,3,52,0.283,0.172,3,No,2.0,0.416,4.14,3.17,6.57,4.6,Yes,Medium,Mid
28,60.46,8,15,0.206,0.0888,1,No,0.0,0.684,3.79,4.52,7.83,4.1,No,Low,Low
60,96.95,16,6,0.208,0.1584,1,No,4.2,0.934,2.73,6.63,6.54,3.9,No,Low,Low
32,81.87,1,13,0.11,0.0176,0,No,6.3,0.102,3.86,6.48,8.8,3.3,No,None,Low
19,77.58,5,16,0.199,0.0464,1,No,3.1,0.341,5.0,5.4,9.18,3.9,No,Low,Low
13,59.31,4,4,0.374,0.0904,1,No,3.8,0.57,4.37,6.2,8.4,5.3,No,Low,Mid
17,83.31,9,9,0.525,0.0296,1,No,6.0,0.302,3.34,6.85,7.57,6.2,No,Low,High
29,206.75,8,40,0.581,0.0064,1,Yes,1.0,0.593,1.59,3.6,5.9,5.8,No,Low,High
59,197.33,15,42,0.14,0.1528,2,No,2.2,0.547,3.8,4.13,6.96,2.8,No,Low,Low
46,107.45,1,21,0.171,0.0928,0,No,1.2,0.672,5.0,4.38,9.69,3.6,No,None,Low
19,75.57,1,10,0.127,0.1384,3,No,5.5,0.341,2.68,6.37,5.22,3.4,No,Medium,Low
25,29.69,13,80,0.578,0.0328,0,Yes,3.4,0.803,5.0,2.57,9.89,6.9,No,None,High
48,54.68,13,89,0.2,0.0136,1,No,5.3,0.499,4.36,2.75,8.65,4.1,Yes,Low,Low
56,43.47,1,59,0.193,0.0464,2,No,0.0,0.405,2.63,2.08,6.14,4.1,Yes,Low,Low
17,50.96,9,10,0.259,0.0144,0,No,1.6,0.406,4.19,5.33,9.14,4.5,No,None,Mid
46,153.77,12,48,0.189,0.016,2,No,1.7,0.447,2.66,3.57,6.27,3.4,Yes,Low,Low
52,77.06,14,32,0.347,0.0344,0,No,3.5,0.928,2.97,5.03,7.86,5.0,No,None,Mid
14,51.8,4,0,0.107,0.0088,0,No,6.1,0.735,5.0,7.17,9.97,3.4,No,None,Low
20,42.8,1,30,0.254,0.0432,1,No,0.0,0.888,3.03,3.53,7.22,4.5,No,Low,Mid
37,59.88,1,32,0.272,0.084,3,No,1.6,0.715,2.31,3.97,5.03,4.5,Yes,Medium,Mid
59,56.82,15,13,0.47,0.1368,3,No,0.8,0.799,4.91,5.12,7.45,5.9,No,Medium,High
31,53.76,1,5,0.542,0.1536,1,No,3.5,0.975,5.0,5.95,8.82,6.5,No,Low,High
6,93.6,1,7,0.325,0.224,2,No,1.8,0.89,3.98,5.28,6.9,4.7,No,Low,Mid
12,61.06,4,36,0.274,0.0072,0,No,0.0,0.288,4.28,3.33,9.26,4.6,No,None,Mid
26,63.52,7,12,0.382,0.0568,0,No,1.6,0.733,3.41,5.17,8.22,5.3,No,None,Mid
57,49.93,1,12,0.279,0.0944,1,No,3.9,0.407,3.13,5.73,7.15,4.7,No,Low,Mid
27,111.53,14,2,0.434,0.1192,0,No,3.4,0.701,4.18,6.5,8.78,5.4,No,None,Mid
15,117.53,4,72,0.135,0.0072,3,Yes,1.9,0.588,5.0,2.17,7.98,3.2,Yes,Medium,Low
11,70.59,1,46,0.268,0.0,1,No,2.9,0.566,4.27,3.7,8.6,4.5,No,Low,Mid
26,87.81,33,2,0.242,0.1232,0,No,5.6,0.699,4.97,7.87,9.56,4.2,No,None,Mid
7,93.96,1,33,0.177,0.0136,0,No,1.1,0.95,3.65,3.75,8.6,3.7,No,None,Low
38,73.24,10,9,0.41,0.2008,1,No,3.3,0.606,3.32,5.98,6.98,5.4,No,Low,Mid
24,113.28,13,7,0.612,0.0456,0,No,0.8,0.769,5.0,5.35,9.85,6.6,No,None,High
27,47.06,7,23,0.546,0.028,0,No,1.9,0.825,3.79,4.72,8.7,6.5,No,None,High
23,42.13,12,30,0.353,0.1656,2,No,6.5,0.571,3.75,6.07,6.86,5.2,No,Low,Mid
3,72.4,1,117,0.461,0.248,5,No,3.8,0.813,1.46,1.3,2.3,5.8,Yes,Medium,High
47,75.58,12,19,0.472,0.0224,0,No,3.5,0.627,4.4,5.62,9.33,5.9,No,None,High
18,54.35,1,28,0.087,0.0328,0,No,3.2,0.648,3.36,4.7,8.25,3.3,No,None,Low
12,57.64,1,3,0.311,0.0072,1,No,4.5,0.276,2.95,6.38,7.26,4.8,No,Low,Mid
49,74.65,13,23,0.527,0.0344,2,Yes,1.2,0.734,3.22,4.68,6.77,6.2,No,Low,High
4,97.42,1,17,0.606,0.1592,0,No,3.4,0.817,4.9,5.32,9.37,6.7,No,None,High
18,110.45,5,112,0.051,0.1696,0,No,3.6,0.569,3.58,1.37,8.01,2.7,Yes,None,Low
21,170.2,1,6,0.257,0.1104,0,No,2.9,0.349,4.33,5.7,8.96,3.8,No,None,Mid
23,72.09,6,18,0.319,0.1008,2,Yes,3.4,0.116,1.82,5.43,5.15,4.8,No,Low,Mid
15,40.21,4,67,0.14,0.0264,0,No,3.6,0.737,4.49,2.98,9.4,3.7,Yes,None,Low
23,70.76,12,1,0.223,0.0088,0,No,1.1,0.717,3.25,5.72,8.22,4.1,No,None,Low
25,64.3,1,16,0.471,0.0104,0,No,0.0,0.412,4.16,4.23,9.13,5.9,No,None,High
14,80.83,4,29,0.27,0.1344,1,No,4.5,0.816,3.92,5.18,7.81,4.4,No,Low,Mid
53,159.86,27,16,0.204,0.0472,1,No,3.4,0.618,3.22,6.23,7.4,3.5,No,Low,Low
3,57.58,2,24,0.66,0.0232,1,No,3.1,0.756,3.43,4.9,7.69,7.3,No,Low,High
23,60.57,12,34,0.072,0.1528,0,No,6.6,0.664,3.44,5.9,7.93,3.1,No,None,Low
15,35.98,4,32,0.175,0.0112,1,No,4.6,0.38,3.91,5.07,8.21,4.0,No,Low,Low
57,144.93,15,4,0.287,0.0032,0,Yes,1.2,0.884,3.93,5.7,8.92,4.1,No,None,Mid
37,77.42,10,33,0.523,0.1336,3,No,3.6,0.604,4.2,4.88,6.75,6.2,No,Medium,High
6,31.47,2,11,0.527,0.1016,1,No,2.1,0.261,4.73,5.22,8.72,6.5,No,Low,High
39,79.91,20,40,0.505,0.128,1,No,0.0,0.755,3.17,3.67,7.08,6.1,Yes,Low,High
53,68.26,1,4,0.167,0.2824,1,No,4.0,0.722,4.11,6.17,7.5,3.8,No,Low,Low
8,115.65,1,23,0.252,0.0368,1,No,3.9,0.694,3.57,5.18,7.78,4.1,No,Low,Mid
11,155.27,1,4,0.105,0.1304,3,No,2.8,0.401,3.77,5.77,6.34,2.8,No,Medium,Low
23,79.66,6,43,0.377,0.0488,2,No,5.1,0.764,4.44,4.75,7.94,5.2,No,Low,Mid
17,133.35,9,24,0.048,0.0728,1,No,3.2,0.327,2.37,5.17,6.46,2.5,No,Low,Low
28,74.3,29,13,0.434,0.036,1,Yes,5.6,0.911,3.67,7.18,7.88,5.6,No,Low,Mid
43,66.97,1,20,0.512,0.1704,1,Yes,1.3,0.599,4.49,4.47,8.26,6.2,No,Low,High
23,43.84,12,20,0.393,0.036,0,No,1.3,0.355,5.0,4.83,9.88,5.5,No,None,Mid
17,135.1,9,16,0.236,0.1768,1,No,2.6,0.484,3.73,5.37,7.47,3.8,No,Low,Mid
5,26.91,1,4,0.44,0.2976,1,No,5.8,0.681,3.65,6.77,6.99,5.9,No,Low,Mid
10,42.61,6,39,0.428,0.0208,0,No,0.0,0.621,4.28,3.25,9.21,5.7,No,None,Mid
18,190.21,5,34,0.566,0.052,0,No,0.0,0.461,4.33,3.47,9.16,5.8,No,None,High
59,109.04,30,4,0.102,0.0512,1,No,4.3,0.596,4.53,7.23,8.69,3.1,No,Low,Low
52,286.01,14,59,0.29,0.0704,1,Yes,2.3,0.622,3.67,3.28,7.77,3.3,No,Low,Mid
23,69.4,18,50,0.11,0.2256,3,No,4.9,0.431,3.53,4.73,5.78,3.4,Yes,Medium,Low
28,90.97,15,37,0.249,0.0136,0,No,2.9,0.686,5.0,4.62,9.95,4.2,No,None,Mid
49,99.78,13,32,0.437,0.0152,0,No,3.3,0.844,5.0,4.93,9.95,5.5,No,None,Mid
42,42.93,22,60,0.328,0.0392,0,No,1.4,0.547,3.43,3.2,8.3,5.0,No,None,Mid
21,38.95,1,78,0.441,0.0008,0,No,0.0,0.529,3.62,1.13,8.62,5.9,Yes,None,Mid
44,140.18,12,38,0.289,0.084,1,No,2.0,0.548,3.51,4.17,7.56,4.2,No,Low,Mid
12,135.89,4,15,0.319,0.02,1,No,0.8,0.931,3.47,4.65,7.74,4.4,No,Low,Mid
2,94.67,1,10,0.213,0.092,2,No,4.0,0.729,4.04,5.87,7.4,3.9,No,Low,Low
53,213.28,14,13,0.594,0.3904,2,No,1.4,0.754,2.52,5.28,4.89,5.9,No,Low,High
39,86.78,20,61,0.456,0.0144,1,No,5.3,0.336,4.2,4.38,8.49,5.7,No,Low,High
57,76.3,29,10,0.044,0.0072,0,No,1.6,0.807,3.49,6.0,8.47,2.9,No,None,Low
24,88.35,7,55,0.419,0.0184,0,No,0.0,0.499,3.29,2.48,8.23,5.4,Yes,None,Mid
9,80.75,3,36,0.178,0.132,1,No,8.5,0.541,4.97,6.13,8.86,3.8,No,Low,Low
54,78.51,28,7,0.74,0.0152,0,No,2.8,0.545,4.51,6.52,9.46,7.7,No,None,Extreme
25,260.1,1,23,0.258,0.1032,1,No,1.5,0.771,4.32,4.38,8.31,3.2,No,Low,Mid
9,82.02,5,21,0.388,0.0136,2,No,0.0,0.361,3.04,4.12,6.66,5.2,No,Low,Mid
24,50.07,1,1,0.184,0.0776,1,No,4.4,0.356,4.05,6.45,8.12,4.0,No,Low,Low
15,110.08,12,153,0.257,0.0144,0,No,4.1,0.94,4.27,1.77,9.22,4.1,Yes,None,Mid
23,250.16,6,9,0.062,0.0136,1,No,3.3,0.154,3.16,5.85,7.45,1.9,No,Low,Low
18,81.29,5,12,0.254,0.0352,0,No,4.4,0.487,4.29,6.03,9.17,4.3,No,None,Mid
30,62.34,1,33,0.192,0.0,1,No,1.7,0.658,3.34,3.95,7.67,4.0,No,Low,Low
9,90.96,3,115,0.619,0.108,1,Yes,2.8,0.753,4.57,1.03,8.54,6.8,Yes,Low,High
55,63.67,14,82,0.594,0.0888,1,No,0.0,0.339,3.18,1.37,7.22,6.8,Yes,Low,High
58,170.38,1,24,0.396,0.1128,1,No,1.3,0.218,4.22,4.27,8.18,4.7,No,Low,Mid
28,26.16,1,4,0.204,0.0112,0,No,5.6,0.437,4.33,6.7,9.29,4.3,No,None,Low
26,70.0,7,3,0.258,0.1376,0,No,0.8,0.555,3.52,5.35,8.06,4.4,No,None,Mid
11,88.29,1,20,0.359,0.0256,0,Yes,2.5,0.284,3.9,4.87,8.81,5.0,No,None,Mid
47,96.48,12,79,0.378,0.068,0,No,4.1,0.821,3.7,2.82,8.47,5.1,Yes,None,Mid
27,51.62,21,23,0.402,0.08,2,No,1.9,0.72,3.72,5.18,7.12,5.5,No,Low,Mid
12,74.22,4,8,0.111,0.0544,0,No,5.3,0.877,5.0,6.5,9.82,3.3,No,None,Low
29,76.65,15,18,0.13,0.1416,1,Yes,0.5,0.646,3.67,4.77,7.53,3.5,No,Low,Low
54,21.03,14,21,0.145,0.16,3,No,1.0,0.857,3.64,4.75,6.11,3.9,No,Medium,Low
43,97.05,44,41,0.307,0.0296,1,Yes,2.5,0.836,5.0,5.25,9.23,4.6,No,Low,Mid
39,80.39,20,17,0.347,0.0128,1,No,0.0,0.799,3.42,4.82,7.71,4.9,No,Low,Mid
10,77.69,1,97,0.354,0.012,0,No,5.7,0.522,4.17,2.08,9.13,5.0,Yes,None,Mid
38,496.33,1,6,0.225,0.0384,0,No,3.6,0.347,3.92,5.93,8.79,1.6,No,None,Low
36,59.68,1,2,0.039,0.0936,1,No,5.2,0.238,3.93,6.67,7.95,2.9,No,Low,Low
21,39.72,11,18,0.416,0.144,0,No,4.7,0.92,4.47,6.03,8.99,5.7,No,None,Mid
43,81.86,11,10,0.185,0.008,2,No,5.3,0.493,2.65,6.63,6.29,3.8,No,Low,Low
6,98.95,1,34,0.411,0.0064,1,No,1.3,0.457,4.11,3.77,8.42,5.3,No,Low,Mid
21,73.05,6,28,0.27,0.1208,0,No,2.7,0.548,5.0,4.7,9.6,4.5,No,None,Mid
49,50.38,13,3,0.128,0.0704,0,No,2.0,0.545,3.31,5.95,8.08,3.6,No,None,Low
41,121.72,21,21,0.439,0.0456,4,Yes,2.3,0.875,2.35,5.42,4.53,5.3,No,Medium,Mid
33,117.1,9,18,0.414,0.124,0,No,1.8,0.585,4.77,5.0,9.36,5.2,No,None,Mid
11,43.57,3,22,0.156,0.0024,0,No,0.3,0.597,4.44,4.1,9.43,3.8,No,None,Low
37,118.29,28,44,0.605,0.0744,1,Yes,3.1,0.206,5.0,4.77,9.09,6.5,No,Low,High
23,148.92,1,129,0.178,0.1728,1,No,0.0,0.515,5.0,1.0,8.76,3.4,Yes,Low,Low
30,76.66,8,8,0.316,0.292,3,No,1.0,0.586,4.92,5.2,6.95,4.8,No,Medium,Mid
19,35.01,15,5,0.074,0.132,2,Yes,5.4,0.605,4.23,7.05,7.46,3.3,No,Low,Low
5,99.82,3,62,0.568,0.0464,2,No,0.1,0.581,2.52,2.03,6.03,6.4,Yes,Low,High
50,47.92,13,1,0.303,0.0136,0,No,3.3,0.407,4.52,6.48,9.47,4.8,No,None,Mid
15,111.51,4,4,0.03,0.1096,1,No,7.3,0.783,4.58,7.37,8.55,2.5,No,Low,Low
26,59.87,14,1,0.027,0.0424,1,Yes,2.3,0.322,3.7,6.18,7.89,2.8,No,Low,Low
35,69.27,18,35,0.158,0.0744,1,No,1.0,0.815,3.58,4.18,7.67,3.7,No,Low,Low
58,112.47,44,98,0.106,0.0872,1,No,5.1,0.512,3.38,3.27,7.42,3.1,Yes,Low,Low
45,50.2,1,88,0.25,0.0456,2,No,4.0,0.386,3.39,1.97,6.9,4.4,Yes,Low,Mid
56,27.01,15,11,0.245,0.0728,0,No,3.9,0.377,3.57,6.25,8.33,4.6,No,None,Mid
34,129.23,1,17,0.483,0.116,2,No,0.2,0.634,4.07,4.25,7.35,5.6,No,Low,High
53,57.38,1,3,0.219,0.016,1,No,0.3,0.701,1.67,4.98,5.95,4.2,No,Low,Low
59,35.8,30,12,0.582,0.016,0,Yes,5.4,0.404,3.75,7.2,8.7,6.9,No,None,High
16,35.13,1,109,0.394,0.0184,0,No,2.5,0.504,3.89,1.0,8.83,5.5,Yes,None,Mid
54,130.39,1,52,0.018,0.08,0,No,2.4,0.82,3.69,3.23,8.42,2.3,No,None,Low
16,120.41,5,50,0.237,0.02,1,No,2.3,0.777,4.44,3.43,8.71,3.9,No,Low,Mid
47,201.36,24,72,0.437,0.1344,0,No,6.3,0.419,5.0,4.3,9.55,4.9,No,None,Mid
35,43.49,1,53,0.264,0.1496,2,No,1.5,0.606,4.1,2.88,7.27,4.6,Yes,Low,Mid
14,75.47,1,13,0.437,0.1216,4,No,1.9,0.249,3.51,5.02,5.44,5.6,No,Medium,Mid
54,34.26,14,10,0.576,0.0144,1,No,1.8,0.311,4.09,5.57,8.38,6.8,No,Low,High
28,70.26,15,8,0.398,0.0344,0,No,3.5,0.538,2.66,6.27,7.55,5.4,No,None,Mid
34,57.82,18,7,0.074,0.024,0,Yes,0.9,0.405,4.65,5.55,9.57,3.2,No,None,Low
41,53.38,11,7,0.155,0.0352,0,No,4.5,0.748,3.37,6.52,8.25,3.8,No,None,Low
44,63.74,12,10,0.17,0.0632,0,No,2.5,0.341,3.39,5.73,8.18,3.8,No,None,Low
17,154.91,18,22,0.381,0.0408,4,No,0.0,0.69,5.0,4.5,7.2,4.7,No,Medium,Mid
8,33.24,3,1,0.266,0.0568,2,No,4.6,0.382,4.41,6.58,7.89,4.7,No,Low,Mid
26,27.92,7,37,0.276,0.1232,2,No,1.8,0.776,2.6,3.98,5.86,4.8,Yes,Low,Mid
43,131.34,11,4,0.266,0.1568,0,No,1.8,0.807,5.0,5.77,9.48,4.1,No,None,Mid
23,18.2,6,36,0.054,0.02,0,No,7.4,0.662,3.2,5.87,8.13,3.3,No,None,Low
8,44.86,5,44,0.193,0.016,3,No,1.9,0.529,3.47,3.6,6.42,4.1,Yes,Medium,Low
1,43.46,1,94,0.534,0.024,1,No,4.1,0.424,4.07,1.7,8.32,6.5,Yes,Low,High
19,125.51,15,9,0.713,0.0752,0,Yes,2.5,0.847,4.6,5.88,9.35,7.2,No,None,Extreme
4,81.56,1,13,0.279,0.0808,0,No,2.1,0.454,3.83,5.08,8.56,4.5,No,None,Mid
52,28.73,1,19,0.069,0.0536,1,No,2.2,0.77,2.54,4.82,6.69,3.3,No,Low,Low
47,43.6,1,27,0.2,0.124,0,No,2.2,0.825,4.38,4.42,8.97,4.1,No,None,Low
27,79.54,7,39,0.133,0.0128,1,No,4.1,0.533,4.64,4.65,8.93,3.5,No,Low,Low
13,131.35,1,2,0.144,0.0544,0,No,5.5,0.536,4.05,6.77,8.87,3.2,No,None,Low
18,31.28,5,59,0.288,0.0896,2,No,3.7,0.647,3.16,3.45,6.53,4.8,Yes,Low,Mid
5,22.13,2,16,0.093,0.0608,2,No,5.5,0.266,3.92,6.1,7.38,3.5,No,Low,Low
44,57.47,23,20,0.559,0.0032,0,Yes,3.2,0.318,4.75,5.83,9.74,6.6,No,None,High
48,28.86,25,12,0.545,0.148,2,No,3.1,0.26,4.16,6.27,7.33,6.6,No,Low,High
18,108.53,10,35,0.243,0.0008,0,No,1.7,0.752,3.18,4.15,8.18,4.0,No,None,Mid
21,59.16,22,36,0.032,0.0032,3,Yes,0.5,0.273,2.29,4.1,5.28,2.9,Yes,Medium,Low
1,100.7,1,17,0.281,0.2504,1,Yes,2.7,0.809,5.0,5.08,8.5,4.4,No,Low,Mid
21,47.11,1,62,0.18,0.0704,1,No,3.2,0.973,3.12,3.0,7.22,4.0,Yes,Low,Low
27,68.26,14,31,0.359,0.2264,3,No,3.8,0.89,3.79,5.18,6.04,5.1,No,Medium,Mid
32,79.94,9,20,0.269,0.216,0,No,4.8,0.439,3.02,5.9,7.3,4.4,No,None,Mid
57,32.49,15,3,0.11,0.0336,0,Yes,1.8,0.831,4.45,5.95,9.34,3.6,No,None,Low
55,87.6,14,36,0.239,0.1936,2,No,3.6,0.826,3.26,4.87,6.28,4.1,No,Low,Mid
59,77.46,30,40,0.234,0.072,1,No,0.0,0.893,3.96,4.0,8.05,4.2,No,Low,Mid
57,68.96,43,20,0.08,0.1248,0,No,3.6,0.651,3.51,6.63,8.09,3.1,No,None,Low
20,82.59,1,3,0.196,0.0456,1,No,1.1,0.547,4.45,5.25,8.63,3.9,No,Low,Low
58,30.24,30,25,0.561,0.0088,0,Yes,4.7,0.883,4.18,6.32,9.15,6.7,No,None,High
46,49.1,35,4,0.503,0.0584,1,No,2.2,0.338,3.04,6.7,7.18,6.2,No,Low,High
1,15.75,1,5,0.17,0.0432,1,No,6.1,0.077,3.6,6.82,7.79,4.1,No,Low,Low
20,21.81,6,30,0.64,0.0656,0,No,2.1,0.698,4.59,4.4,9.37,7.3,No,None,High
30,79.8,16,13,0.081,0.0288,1,Yes,3.8,0.87,4.02,6.15,8.26,3.1,No,Low,Low
4,99.42,1,3,0.521,0.0128,0,No,3.6,0.816,3.72,6.08,8.68,6.1,No,None,High
18,127.22,5,68,0.28,0.0152,1,Yes,1.0,0.618,4.74,2.1,9.02,4.2,Yes,Low,Mid
7,133.0,1,5,0.059,0.012,0,No,3.3,0.559,4.56,5.88,9.52,2.6,No,None,Low
16,249.67,1,32,0.476,0.0664,1,No,1.2,0.679,3.08,3.83,7.19,4.8,No,Low,High
18,18.18,5,121,0.145,0.2688,2,No,1.4,0.882,4.55,1.0,7.32,3.9,Yes,Low,Low
33,158.18,9,8,0.227,0.0152,0,No,1.8,0.316,4.55,5.5,9.5,3.6,No,None,Mid
28,75.25,8,5,0.509,0.0464,1,No,5.0,0.589,2.94,6.68,7.12,6.1,No,Low,High
56,26.75,15,22,0.343,0.124,2,No,1.3,0.309,3.06,4.83,6.31,5.2,No,Low,Mid
36,10.0,10,36,0.281,0.0984,0,No,0.0,0.307,4.42,3.53,9.09,4.9,No,None,Mid
18,64.94,1,39,0.648,0.0112,1,No,2.5,0.383,3.41,3.92,7.71,7.1,No,Low,High
27,44.22,7,5,0.206,0.2056,3,Yes,5.6,0.506,3.7,6.85,6.01,4.2,No,Medium,Low
23,71.06,1,3,0.126,0.1024,1,No,9.0,0.661,4.5,7.88,8.49,3.5,No,Low,Low
34,115.58,18,12,0.254,0.0624,1,No,3.9,0.296,4.9,6.3,9.03,4.1,No,Low,Mid
11,52.37,1,7,0.46,0.0024,1,Yes,1.1,0.248,3.12,5.05,7.45,5.9,No,Low,High
59,66.57,1,22,0.2,0.0824,1,No,0.4,0.241,2.97,4.07,7.03,4.0,No,Low,Low
37,21.72,1,6,0.338,0.0064,2,No,2.5,0.369,4.01,5.57,7.66,5.2,No,Low,Mid
43,37.4,1,3,0.257,0.0168,0,No,3.1,0.484,4.94,5.92,9.88,4.6,No,None,Mid
6,59.68,5,30,0.113,0.0256,0,No,3.1,0.592,4.48,4.7,9.39,3.4,No,None,Low
22,31.84,1,15,0.12,0.0008,3,Yes,5.6,0.945,3.71,6.15,6.71,3.6,No,Medium,Low
34,49.72,9,5,0.138,0.0496,1,No,5.6,0.29,4.88,6.92,9.05,3.7,No,Low,Low
33,33.45,9,20,0.106,0.0152,0,No,0.0,0.625,4.45,4.3,9.4,3.5,No,None,Low
44,92.38,12,11,0.057,0.0416,0,No,0.1,0.809,4.58,4.88,9.44,2.8,No,None,Low
31,174.95,16,132,0.317,0.1024,1,No,3.0,0.623,4.98,1.53,8.97,4.2,Yes,Low,Mid
34,39.3,1,22,0.057,0.0536,0,No,3.2,0.624,2.82,5.0,7.64,3.2,No,None,Low
41,89.65,21,12,0.428,0.1488,2,Yes,1.8,0.542,3.2,5.7,6.37,5.5,No,Low,Mid
11,37.93,6,9,0.338,0.048,1,Yes,4.8,0.834,3.04,6.35,7.21,5.1,No,Low,Mid
32,21.04,1,19,0.264,0.0248,1,No,0.2,0.905,4.52,4.15,8.77,4.7,No,Low,Mid
10,106.45,3,0,0.268,0.0504,0,No,4.5,0.482,3.29,6.6,8.12,4.2,No,None,Mid
6,37.14,5,43,0.162,0.0176,0,No,0.8,0.481,3.85,3.28,8.79,3.9,No,None,Low
20,70.1,6,60,0.345,0.0584,0,No,4.4,0.393,5.0,3.67,9.81,5.0,No,None,Mid
27,55.83,14,52,0.29,0.152,1,No,2.4,0.396,2.94,3.67,6.77,4.7,Yes,Low,Mid
13,141.96,1,54,0.306,0.0008,0,Yes,1.8,0.591,5.0,2.93,10.0,4.3,No,None,Mid
5,128.31,3,12,0.204,0.0032,0,No,1.9,0.459,3.9,5.13,8.89,3.7,No,None,Low
43,51.69,11,11,0.238,0.1168,0,Yes,5.4,0.36,3.68,6.62,8.29,4.4,No,None,Mid
2,20.66,1,29,0.57,0.0072,1,No,2.6,0.186,3.93,4.45,8.24,6.9,No,Low,High
27,115.49,14,14,0.292,0.084,0,No,1.9,0.816,4.18,5.4,8.9,4.4,No,None,Mid
39,66.24,10,10,0.378,0.1344,1,No,2.1,0.76,3.56,5.53,7.45,5.2,No,Low,Mid
51,58.71,13,74,0.168,0.056,0,No,7.4,0.84,4.45,4.2,9.26,3.8,No,None,Low
46,93.46,1,13,0.427,0.1104,2,No,4.8,0.861,4.66,5.98,7.96,5.4,No,Low,Mid
2,99.65,1,16,0.023,0.048,3,No,1.7,0.292,4.12,4.8,6.96,2.6,No,Medium,Low
17,144.81,1,0,0.612,0.0864,2,No,1.6,0.869,4.26,5.57,7.64,6.4,No,Low,High
23,65.98,6,5,0.024,0.008,0,Yes,2.4,0.937,3.74,5.75,8.71,2.8,No,None,Low
11,33.65,1,48,0.384,0.0136,1,No,0.0,0.743,4.02,2.63,8.31,5.5,No,Low,Mid
58,29.05,15,27,0.398,0.036,1,Yes,0.3,0.746,3.83,4.25,8.04,5.6,No,Low,Mid
54,90.23,28,2,0.373,0.0424,0,Yes,3.7,0.895,3.88,7.07,8.74,5.1,No,None,Mid
35,79.05,9,9,0.01,0.0448,1,No,2.7,0.944,3.69,5.75,7.87,2.6,No,Low,Low
24,84.74,1,61,0.149,0.0416,2,No,2.2,0.444,4.39,2.72,7.92,3.5,Yes,Low,Low
46,49.37,12,22,0.235,0.0328,1,Yes,0.3,0.819,4.64,4.4,8.86,4.3,No,Low,Mid
16,34.83,1,33,0.408,0.236,1,No,2.8,0.688,2.85,4.32,6.4,5.6,No,Low,Mid
7,57.25,1,16,0.14,0.0408,1,No,2.2,0.458,4.48,4.97,8.68,3.6,No,Low,Low
11,66.34,1,9,0.543,0.0312,0,No,2.8,0.444,4.31,5.52,9.21,6.4,No,None,High
60,106.97,31,24,0.232,0.0528,0,Yes,1.6,0.789,4.29,5.37,9.11,4.0,No,None,Mid
36,107.04,1,24,0.403,0.0248,1,No,2.6,0.907,2.75,4.7,7.0,5.2,No,Low,Mid
55,61.27,1,10,0.26,0.1424,1,No,2.2,0.601,2.15,5.27,6.01,4.5,No,Low,Mid
8,85.18,5,20,0.453,0.1208,2,No,2.7,0.714,4.22,5.07,7.48,5.7,No,Low,High
27,206.26,7,5,0.01,0.0128,1,No,2.4,0.729,1.57,5.78,5.86,1.8,No,Low,Low
44,61.54,12,13,0.177,0.1056,1,No,2.2,0.681,5.0,5.48,8.98,3.9,No,Low,Low
27,63.92,14,30,0.024,0.0312,1,No,2.9,0.634,4.52,4.93,8.75,2.8,No,Low,Low
46,82.95,24,34,0.205,0.1376,1,No,4.1,0.46,4.01,5.47,7.88,3.9,No,Low,Low
7,146.65,1,24,0.253,0.0656,1,Yes,3.1,0.741,2.38,4.87,6.49,3.9,No,Low,Mid
47,41.51,12,27,0.039,0.1416,2,No,2.7,0.829,5.0,4.95,8.19,3.0,No,Low,Low
50,53.42,1,3,0.263,0.0632,0,No,3.2,0.134,4.96,5.95,9.75,4.5,No,None,Mid
3,48.47,1,81,0.192,0.0632,0,No,1.7,0.341,5.0,1.55,9.79,4.1,Yes,None,Low
46,63.61,1,25,0.246,0.0216,0,No,4.2,0.288,3.49,5.18,8.42,4.3,No,None,Mid
6,69.04,5,2,0.484,0.0144,0,No,7.9,0.5,4.52,7.7,9.47,6.0,No,None,High
59,87.76,15,9,0.129,0.0128,0,No,7.4,0.429,3.6,7.52,8.56,3.4,No,None,Low
18,35.02,1,9,0.41,0.024,0,No,5.9,0.502,3.21,6.55,8.13,5.7,No,None,Mid
1,34.56,1,9,0.11,0.0032,0,No,5.6,0.548,3.92,6.45,8.91,3.6,No,None,Low
3,39.99,1,16,0.347,0.028,0,No,2.5,0.866,2.39,5.07,7.3,5.2,No,None,Mid
3,14.01,2,51,0.196,0.0136,0,No,3.4,0.528,2.72,3.65,7.67,4.3,No,None,Low
21,29.45,6,37,0.425,0.096,1,No,0.4,0.732,3.66,3.48,7.67,5.8,No,Low,Mid
2,85.7,2,7,0.429,0.0576,1,No,0.7,0.822,5.0,4.95,9.14,5.5,No,Low,Mid
39,55.55,20,67,0.35,0.0608,0,No,3.1,0.677,4.05,3.35,8.85,5.1,Yes,None,Mid
9,54.86,5,9,0.25,0.024,0,No,7.7,0.719,4.81,7.28,9.73,4.4,No,None,Mid
11,142.57,1,39,0.132,0.0304,0,No,1.4,0.549,4.33,3.55,9.23,3.1,No,None,Low
40,34.58,11,35,0.251,0.0088,0,No,0.5,0.33,3.2,3.78,8.17,4.5,No,None,Mid
11,194.75,9,46,0.314,0.0032,1,No,4.8,0.777,4.51,4.6,8.83,4.0,No,Low,Mid
14,60.49,4,3,0.175,0.1096,0,No,4.1,0.187,2.75,6.35,7.38,3.9,No,None,Low
42,86.29,1,28,0.098,0.184,1,No,2.2,0.721,4.48,4.37,8.2,3.2,No,Low,Low
31,57.85,16,8,0.216,0.0912,2,No,0.0,0.944,4.51,5.13,7.87,4.2,No,Low,Low
1,63.79,1,47,0.235,0.1512,0,No,1.7,0.867,4.57,3.25,9.07,4.3,Yes,None,Mid
41,23.17,11,38,0.235,0.0624,1,No,0.4,0.681,3.04,3.6,7.17,4.5,No,Low,Mid
21,54.1,6,3,0.472,0.0168,0,No,5.2,0.386,2.47,6.78,7.41,6.0,No,None,High
18,109.74,10,58,0.336,0.032,2,No,1.0,0.494,3.56,2.77,7.12,4.7,Yes,Low,Mid
19,41.1,1,0,0.308,0.0624,0,No,6.8,0.514,5.0,7.3,9.79,4.9,No,None,Mid
48,108.62,13,20,0.169,0.0512,0,No,3.9,0.41,5.0,5.73,9.83,3.5,No,None,Low
56,57.61,1,70,0.155,0.0592,0,Yes,2.4,0.853,3.08,2.33,7.88,3.7,Yes,None,Low
44,91.42,1,28,0.196,0.0192,0,No,0.4,0.115,4.82,3.77,9.76,3.8,No,None,Low
42,72.67,11,4,0.053,0.0016,1,No,0.7,0.609,3.51,5.4,7.84,2.9,No,Low,Low
8,93.54,1,34,0.331,0.104,0,Yes,5.8,0.467,4.73,5.27,9.38,4.8,No,None,Mid
5,62.26,3,65,0.604,0.1432,0,No,3.3,0.75,3.77,2.95,8.29,6.9,Yes,None,High
57,80.01,15,17,0.158,0.0016,1,Yes,3.6,0.537,4.36,5.85,8.69,3.6,No,Low,Low
45,48.08,46,57,0.05,0.0384,1,Yes,3.6,0.435,4.21,4.88,8.42,3.1,No,Low,Low
11,24.06,6,12,0.565,0.072,3,No,0.2,0.503,3.4,4.67,6.16,6.8,No,Medium,High
19,22.55,5,2,0.201,0.0096,0,No,4.3,0.82,3.16,6.5,8.13,4.3,No,None,Low
1,41.91,1,26,0.23,0.0384,0,No,4.3,0.966,2.77,5.17,7.64,4.4,No,None,Mid
1,50.25,1,23,0.477,0.0256,0,No,1.3,0.521,4.03,4.32,8.94,6.0,No,None,High
19,51.47,15,71,0.538,0.1144,0,Yes,3.3,0.479,4.23,3.05,8.85,6.5,Yes,None,High
12,55.88,1,23,0.463,0.1096,0,No,6.0,0.899,3.8,5.88,8.43,5.9,No,None,High
33,17.13,1,5,0.023,0.0768,0,No,4.4,0.426,3.82,6.25,8.56,3.1,No,None,Low
26,26.08,14,15,0.397,0.0128,2,Yes,2.9,0.233,4.35,5.68,7.97,5.6,No,Low,Mid
40,48.0,1,34,0.398,0.1232,1,No,2.0,0.818,3.91,4.0,7.83,5.5,No,Low,Mid
13,496.32,10,7,0.454,0.0208,1,No,2.1,0.283,4.22,5.68,8.48,3.2,No,Low,High
21,65.21,11,17,0.521,0.1112,2,No,0.9,0.77,2.97,4.82,6.27,6.3,No,Low,High
58,92.62,44,36,0.446,0.0088,1,No,1.5,0.983,3.35,5.17,7.65,5.6,No,Low,Mid
48,68.62,25,85,0.053,0.2688,1,Yes,0.0,0.142,3.09,1.58,6.53,3.0,Yes,Low,Low
1,53.27,1,3,0.456,0.1704,5,No,3.2,0.547,2.51,5.95,3.61,5.9,No,Medium,High
48,73.0,13,69,0.228,0.0016,0,No,2.6,0.675,3.69,2.85,8.68,4.2,Yes,None,Mid
12,71.04,7,13,0.351,0.1072,3,No,0.0,0.338,3.42,4.58,6.06,5.0,No,Medium,Mid
60,48.38,1,6,0.381,0.0048,0,No,3.7,0.838,4.3,5.97,9.28,5.4,No,None,Mid
50,163.01,76,9,0.318,0.1824,0,Yes,4.6,0.236,4.87,7.75,9.26,4.2,No,None,Mid
32,51.39,17,8,0.588,0.1344,0,No,3.7,0.525,5.0,6.4,9.55,6.8,No,None,High
43,24.77,1,10,0.482,0.056,0,No,1.0,0.613,4.84,4.87,9.65,6.2,No,None,High
17,36.75,5,48,0.379,0.156,1,No,5.8,0.731,3.34,4.7,7.15,5.4,No,Low,Mid
48,69.44,37,3,0.381,0.04,0,Yes,1.6,0.885,4.34,6.62,9.21,5.3,No,None,Mid
25,67.29,13,6,0.088,0.0536,1,No,3.0,0.158,5.0,6.13,9.15,3.2,No,Low,Low
43,60.73,11,55,0.241,0.0448,3,No,2.0,0.62,3.61,3.28,6.46,4.3,Yes,Medium,Mid
35,115.87,9,10,0.29,0.096,1,Yes,4.1,0.834,4.66,6.17,8.67,4.3,No,Low,Mid
47,29.33,12,101,0.146,0.024,0,No,4.6,0.397,3.8,1.93,8.72,3.8,Yes,None,Low
51,70.22,13,111,0.27,0.1568,1,No,1.7,0.796,2.61,1.0,6.42,4.5,Yes,Low,Mid
37,30.84,1,5,0.249,0.0176,0,No,1.0,0.487,3.8,5.12,8.74,4.6,No,None,Mid
26,48.58,1,2,0.027,0.0392,1,No,1.2,0.898,3.66,5.33,7.86,2.9,No,Low,Low
12,24.01,1,1,0.075,0.1256,1,No,0.0,0.76,3.48,4.98,7.39,3.4,No,Low,Low
40,39.2,11,38,0.403,0.0304,1,No,2.5,0.57,3.85,4.3,8.08,5.6,No,Low,Mid
13,41.92,1,66,0.309,0.0144,0,No,4.9,0.56,3.69,3.37,8.64,4.9,No,None,Mid
20,50.13,6,7,0.134,0.1104,2,No,5.4,0.305,3.31,6.65,6.61,3.6,No,Low,Low
47,51.29,36,41,0.267,0.1256,1,Yes,5.2,0.489,3.1,5.88,7.01,4.6,No,Low,Mid
41,105.73,11,10,0.3,0.1824,1,No,0.0,0.623,3.04,4.87,6.77,4.5,No,Low,Mid
30,40.96,8,76,0.531,0.0664,2,No,2.6,0.818,3.42,2.33,6.87,6.5,Yes,Low,High
49,34.49,37,120,0.17,0.1472,0,No,2.8,0.764,3.6,2.17,8.11,4.0,Yes,None,Low
57,138.48,15,80,0.208,0.02,0,No,3.2,0.425,3.45,2.57,8.38,3.6,Yes,None,Low
46,62.86,35,27,0.107,0.0488,0,Yes,2.8,0.371,3.34,5.75,8.18,3.4,No,None,Low
29,31.12,15,28,0.306,0.0376,0,Yes,1.6,0.493,3.09,4.63,7.96,5.0,No,None,Mid
32,84.9,1,92,0.252,0.0096,1,No,2.9,0.748,3.64,1.4,7.94,4.3,Yes,Low,Mid
33,46.87,9,6,0.224,0.0672,2,No,0.9,0.319,2.71,5.3,6.15,4.3,No,Low,Low
6,55.07,1,27,0.114,0.22,4,No,0.5,0.227,3.69,3.85,5.29,3.5,No,Medium,Low
52,148.39,1,4,0.075,0.028,3,No,2.4,0.285,4.32,5.63,7.23,2.6,No,Medium,Low
15,89.22,4,18,0.483,0.0792,1,No,3.4,0.828,5.0,5.37,9.07,5.8,No,Low,High
4,288.41,1,65,0.082,0.0024,1,No,2.3,0.539,2.77,2.55,7.1,1.8,Yes,Low,Low
31,100.71,1,67,0.668,0.0344,0,No,1.4,0.821,2.86,2.15,7.75,7.1,Yes,None,High
51,38.51,26,13,0.434,0.1048,0,No,3.2,0.543,4.68,6.28,9.33,5.8,No,None,Mid
15,100.74,4,17,0.149,0.0688,0,No,4.0,0.51,3.06,5.62,7.83,3.4,No,None,Low
33,23.28,9,123,0.044,0.0272,0,No,4.2,0.491,4.01,1.7,8.92,3.2,Yes,None,Low
47,37.96,24,24,0.301,0.0272,0,Yes,0.0,0.827,5.0,4.6,9.91,4.9,No,None,Mid
20,47.98,6,31,0.371,0.052,1,Yes,3.0,0.849,4.86,4.65,9.02,5.3,No,Low,Mid
33,48.61,1,1,0.243,0.0448,0,No,4.3,0.406,4.31,6.42,9.16,4.4,No,None,Mid
18,94.11,5,23,0.109,0.0128,1,No,5.7,0.598,5.0,5.92,9.29,3.2,No,Low,Low
39,49.89,20,40,0.318,0.0616,1,No,2.1,0.79,3.26,4.37,7.39,4.9,No,Low,Mid
10,95.05,1,12,0.413,0.0984,1,Yes,1.7,0.593,4.68,5.0,8.69,5.3,No,Low,Mid
3,119.39,1,8,0.45,0.0128,0,No,4.6,0.857,3.99,6.17,8.95,5.4,No,None,High
34,44.22,1,13,0.348,0.0656,0,Yes,0.5,0.596,2.76,4.55,7.54,5.2,No,None,Mid
25,42.14,13,3,0.577,0.0584,0,No,4.5,0.932,4.75,6.78,9.56,6.8,No,None,High
28,41.2,22,10,0.532,0.0456,1,No,2.8,0.486,3.41,6.17,7.59,6.5,No,Low,High
53,28.41,14,108,0.156,0.12,2,Yes,2.7,0.76,2.83,1.37,6.1,3.9,Yes,Low,Low
48,32.55,25,20,0.041,0.0728,2,No,1.5,0.344,3.21,5.33,6.63,3.1,No,Low,Low
59,45.84,45,6,0.338,0.0432,0,Yes,3.2,0.247,3.96,7.27,8.82,5.1,No,None,Mid
59,52.91,15,1,0.667,0.0088,0,Yes,2.8,0.843,3.25,6.38,8.22,7.4,No,None,High
21,165.97,1,114,0.285,0.1144,2,No,1.3,0.646,3.82,1.0,7.11,4.0,Yes,Low,Mid
15,29.43,8,27,0.294,0.228,1,Yes,5.2,0.902,4.62,5.65,8.19,4.9,No,Low,Mid
4,41.75,1,44,0.236,0.0368,0,No,3.4,0.485,4.12,3.97,9.0,4.4,No,None,Mid
27,20.5,1,28,0.116,0.0728,0,No,0.0,0.353,3.88,3.63,8.64,3.7,No,None,Low
36,91.45,1,15,0.224,0.096,0,No,1.0,0.818,3.47,4.62,8.15,4.0,No,None,Low
30,59.26,16,6,0.192,0.012,2,No,3.1,0.691,2.42,6.27,6.05,4.0,No,Low,Low
11,60.31,3,51,0.302,0.0304,1,No,4.2,0.302,3.07,3.95,7.3,4.8,No,Low,Mid
44,72.49,1,5,0.271,0.0416,0,No,5.0,0.65,5.0,6.45,9.86,4.5,No,None,Mid
25,13.28,13,23,0.175,0.0424,0,Yes,1.2,0.67,4.11,4.68,8.97,4.1,No,None,Low
51,69.22,13,56,0.434,0.0496,1,No,3.8,0.911,2.81,3.9,6.98,5.6,No,Low,Mid
58,40.71,30,17,0.347,0.0616,0,No,3.3,0.701,4.59,6.25,9.38,5.2,No,None,Mid
30,44.02,16,81,0.54,0.0248,1,No,5.3,0.443,4.79,3.25,9.04,6.5,Yes,Low,High
35,252.1,9,179,0.324,0.008,1,No,3.0,0.369,3.05,1.3,7.36,3.8,Yes,Low,Mid
28,86.82,15,34,0.491,0.024,1,Yes,3.3,0.341,4.45,4.9,8.7,5.9,No,Low,High
30,75.71,8,31,0.391,0.0632,0,No,3.6,0.604,4.42,4.92,9.21,5.3,No,None,Mid
13,80.08,7,82,0.137,0.1104,1,Yes,1.1,0.402,4.15,1.5,8.12,3.5,Yes,Low,Low
53,14.21,14,92,0.482,0.0568,4,No,3.1,0.454,3.19,1.9,5.33,6.3,Yes,Medium,High
44,65.66,12,57,0.331,0.0072,0,No,2.2,0.973,4.69,3.28,9.67,4.9,No,None,Mid
25,23.58,13,24,0.543,0.0032,0,No,1.5,0.268,5.0,4.73,9.99,6.7,No,None,High
6,41.82,4,30,0.146,0.0176,1,Yes,1.8,0.592,4.59,4.23,8.86,3.8,No,Low,Low
32,28.79,9,46,0.157,0.1608,1,No,5.0,0.783,4.11,4.67,7.91,3.9,No,Low,Low
10,108.46,6,106,0.606,0.008,1,No,3.7,0.654,3.16,1.43,7.47,6.6,Yes,Low,High
35,37.56,9,7,0.167,0.0144,0,No,3.4,0.618,4.03,6.08,8.98,3.9,No,None,Low
39,55.81,10,26,0.398,0.0736,2,No,4.5,0.941,3.0,5.53,6.42,5.5,No,Low,Mid
51,103.43,26,197,0.394,0.0016,0,Yes,1.2,0.697,5.0,1.27,9.99,5.1,Yes,None,Mid
20,39.59,1,5,0.162,0.0352,2,No,4.1,0.541,2.89,6.15,6.44,3.9,No,Low,Low
16,59.59,1,18,0.612,0.4752,4,No,5.7,0.583,2.4,6.03,3.15,6.9,No,Medium,High
56,36.67,29,51,0.231,0.3096,3,Yes,3.1,0.511,3.63,4.45,5.6,4.4,No,Medium,Mid
7,70.35,2,52,0.218,0.0096,1,No,2.0,0.705,2.01,3.13,6.31,4.1,Yes,Low,Low
55,59.91,1,12,0.59,0.0496,0,No,1.0,0.868,2.95,4.77,7.78,6.8,No,None,High
3,147.92,1,13,0.257,0.0128,0,No,3.8,0.548,4.14,5.65,9.1,3.9,No,None,Mid
40,42.45,31,17,0.099,0.0272,0,No,1.2,0.739,4.12,5.58,9.03,3.4,No,None,Low
54,88.28,28,36,0.055,0.168,4,No,5.1,0.47,1.83,5.83,3.6,2.9,No,Medium,Low
28,72.84,8,8,0.301,0.028,2,No,3.3,0.251,3.25,5.97,6.82,4.7,No,Low,Mid
32,60.54,1,61,0.196,0.0144,0,No,7.4,0.663,4.19,4.45,9.14,4.0,No,None,Low
60,45.96,1,55,0.549,0.0208,0,No,3.1,0.627,5.0,3.32,9.93,6.6,No,None,High
46,58.97,1,6,0.021,0.0464,0,No,5.6,0.722,4.14,6.6,8.99,2.8,No,None,Low
40,58.64,1,4,0.427,0.0608,0,No,0.0,0.226,4.46,4.83,9.26,5.6,No,None,Mid
4,184.01,1,8,0.407,0.0696,2,No,0.0,0.613,2.87,4.63,6.3,4.7,No,Low,Mid
39,47.38,10,1,0.442,0.012,0,Yes,2.6,0.467,4.03,6.15,8.99,5.8,No,None,Mid
15,50.3,1,15,0.303,0.0544,1,No,3.8,0.365,4.3,5.55,8.45,4.8,No,Low,Mid
45,30.66,1,7,0.027,0.0976,0,No,0.5,0.314,3.24,4.85,7.91,3.0,No,None,Low
19,43.76,1,10,0.443,0.0152,1,No,3.1,0.594,3.26,5.57,7.54,5.8,No,Low,Mid
5,98.41,1,38,0.294,0.0904,2,No,3.1,0.266,5.0,4.17,8.37,4.5,No,Low,Mid
30,70.13,8,14,0.545,0.0424,0,No,2.5,0.763,4.23,5.4,9.09,6.4,No,None,High
47,86.93,24,8,0.25,0.0056,1,Yes,5.4,0.775,5.0,7.2,9.31,4.2,No,Low,Mid
44,33.12,12,25,0.45,0.012,0,No,3.8,0.705,3.99,5.42,8.95,6.0,No,None,High
4,79.26,1,62,0.129,0.012,0,No,2.3,0.175,4.82,2.7,9.78,3.4,No,None,Low
47,49.97,1,142,0.465,0.0312,2,No,3.2,0.831,4.57,1.1,8.13,6.0,Yes,Low,High
31,122.67,1,20,0.202,0.0112,0,No,2.6,0.364,5.0,4.9,9.96,3.7,No,None,Low
28,126.81,1,17,0.073,0.016,0,Yes,4.6,0.688,4.69,5.72,9.64,2.8,No,None,Low
51,135.7,1,13,0.208,0.0168,0,No,0.6,0.95,2.17,4.58,7.11,3.6,No,None,Low
23,42.04,6,21,0.136,0.0056,0,No,6.2,0.554,3.76,6.22,8.74,3.7,No,None,Low
47,20.71,12,19,0.376,0.028,0,Yes,2.0,0.962,5.0,5.12,9.91,5.5,No,None,Mid
29,202.56,8,37,0.209,0.0568,2,No,5.4,0.621,4.06,5.22,7.54,3.2,No,Low,Low
30,99.35,1,16,0.093,0.1312,1,No,3.4,0.571,2.67,5.37,6.57,3.1,No,Low,Low
43,155.47,22,16,0.17,0.188,0,Yes,3.6,0.482,4.36,6.13,8.73,3.3,No,None,Low
58,93.26,15,10,0.135,0.048,1,Yes,4.1,0.482,2.48,6.37,6.65,3.4,No,Low,Low
50,39.95,38,43,0.257,0.1192,2,Yes,4.0,0.296,2.77,5.45,6.04,4.6,No,Low,Mid
24,130.76,7,4,0.251,0.0496,2,No,3.4,0.53,4.52,6.17,8.02,4.0,No,Low,Mid
10,102.86,6,24,0.139,0.044,1,No,0.0,0.845,2.06,4.0,6.25,3.4,No,Low,Low
48,110.81,13,3,0.24,0.1568,1,Yes,4.6,0.432,4.51,6.82,8.32,4.0,No,Low,Mid
47,91.24,1,8,0.468,0.0112,1,No,3.4,0.667,2.8,5.77,7.1,5.7,No,Low,High
30,61.2,1,47,0.415,0.104,0,No,2.5,0.659,3.58,3.52,8.23,5.5,No,None,Mid
58,23.23,1,6,0.452,0.0736,1,No,3.4,0.356,4.4,5.87,8.49,6.0,No,Low,High
23,100.24,6,0,0.311,0.1088,0,No,2.0,0.878,3.58,5.87,8.22,4.6,No,None,Mid
39,122.63,10,89,0.157,0.0112,0,No,0.1,0.602,4.17,1.0,9.13,3.4,Yes,None,Low
60,32.34,16,0,0.217,0.068,2,Yes,2.4,0.775,4.43,6.33,7.87,4.3,No,Low,Low
21,43.16,6,28,0.271,0.0896,2,No,0.0,0.466,2.85,3.8,6.22,4.6,No,Low,Mid
57,60.79,1,9,0.214,0.0032,1,No,4.0,0.622,4.05,5.92,8.37,4.1,No,Low,Low
1,109.69,1,10,0.241,0.244,1,Yes,2.8,0.862,4.16,5.47,7.68,4.0,No,Low,Mid
40,72.93,21,5,0.266,0.1144,1,No,0.2,0.584,3.81,5.52,7.76,4.4,No,Low,Mid
10,25.37,1,24,0.272,0.1376,1,No,5.6,0.468,3.46,5.7,7.33,4.8,No,Low,Mid
29,72.14,8,1,0.147,0.0832,1,No,6.4,0.321,3.3,7.35,7.36,3.6,No,Low,Low
31,83.6,8,23,0.199,0.06,0,No,2.2,0.452,4.86,4.85,9.66,3.9,No,None,Low
30,74.55,23,19,0.229,0.0464,2,Yes,1.9,0.186,4.66,5.45,8.17,4.2,No,Low,Mid
39,52.36,10,11,0.161,0.0088,0,Yes,2.3,0.706,4.26,5.55,9.23,3.8,No,None,Low
11,11.48,1,35,0.198,0.3072,1,No,0.0,0.762,3.19,3.28,6.5,4.3,No,Low,Low
43,43.27,1,31,0.17,0.0232,1,No,1.7,0.813,4.11,4.05,8.37,3.9,No,Low,Low
50,112.46,1,7,0.568,0.1656,3,No,1.3,0.451,3.74,5.12,6.19,6.3,No,Medium,High
22,53.93,12,31,0.163,0.0512,0,No,3.6,0.717,4.67,5.05,9.5,3.8,No,None,Low
50,85.63,13,105,0.285,0.1392,1,No,2.4,0.442,4.68,1.23,8.55,4.5,Yes,Low,Mid
59,52.75,1,24,0.343,0.0264,0,No,3.8,0.756,3.3,5.1,8.21,5.1,No,None,Mid
25,51.57,13,14,0.094,0.0432,1,No,1.5,0.791,2.74,5.23,6.93,3.3,No,Low,Low
25,283.57,7,6,0.215,0.0072,1,No,2.2,0.646,4.69,5.67,9.0,2.8,No,Low,Low
52,256.26,27,18,0.331,0.008,0,No,2.7,0.689,5.0,5.9,9.97,3.8,No,None,Mid
25,49.48,1,18,0.474,0.184,1,No,4.4,0.326,2.98,5.6,6.7,6.0,No,Low,High
35,93.34,1,5,0.444,0.1216,0,No,2.6,0.544,4.31,5.65,8.9,5.5,No,None,Mid
50,51.37,1,35,0.277,0.0912,2,No,6.6,0.352,3.82,5.48,7.18,4.6,No,Low,Mid
35,32.84,1,55,0.109,0.0616,1,No,3.5,0.451,3.09,3.45,7.22,3.6,Yes,Low,Low
46,80.44,12,44,0.055,0.0168,2,No,0.0,0.737,1.65,3.2,5.26,2.9,Yes,Low,Low
35,102.69,1,17,0.066,0.0608,0,No,2.4,0.561,4.38,4.98,9.18,2.8,No,None,Low
47,136.41,1,22,0.054,0.2144,0,No,0.2,0.591,2.98,4.0,7.27,2.6,No,None,Low
44,50.46,12,84,0.32,0.028,1,No,0.6,0.804,3.51,1.4,7.75,4.9,Yes,Low,Mid
17,45.14,1,2,0.352,0.0168,0,No,5.4,0.654,2.97,6.73,7.91,5.2,No,None,Mid
54,42.7,14,15,0.144,0.0328,2,No,3.3,0.824,3.89,5.82,7.45,3.8,No,Low,Low
9,136.28,1,24,0.204,0.0904,1,No,5.0,0.497,5.0,5.5,9.03,3.6,No,Low,Low
11,37.21,12,30,0.163,0.1056,4,No,3.7,0.63,2.89,5.13,4.87,3.9,No,Medium,Low
39,39.96,30,18,0.109,0.1336,0,Yes,0.6,0.65,3.78,5.3,8.33,3.5,No,None,Low
12,186.08,1,13,0.202,0.032,0,No,0.9,0.273,4.62,4.68,9.51,3.3,No,None,Low
24,70.66,7,5,0.313,0.1752,3,No,0.5,0.62,3.93,5.15,6.35,4.8,No,Medium,Mid
27,96.26,7,13,0.158,0.0712,1,Yes,2.3,0.837,3.25,5.35,7.35,3.5,No,Low,Low
22,68.91,12,40,0.326,0.0544,0,No,2.6,0.092,5.0,4.27,9.82,4.9,No,None,Mid
6,48.91,2,14,0.22,0.104,2,No,4.5,0.624,4.02,5.87,7.34,4.2,No,Low,Low
5,91.92,2,69,0.517,0.0768,2,No,3.0,0.826,3.03,2.62,6.44,6.1,Yes,Low,High
32,28.8,1,44,0.384,0.4336,1,No,1.1,0.602,3.16,3.2,6.05,5.5,Yes,Low,Mid
57,70.85,43,27,0.473,0.0472,1,No,6.2,0.589,3.97,7.15,8.15,5.9,No,Low,High
51,63.29,13,17,0.466,0.2104,1,No,4.6,0.55,3.57,6.12,7.2,5.9,No,Low,High
9,74.27,3,116,0.266,0.0656,1,No,2.3,0.905,2.78,1.0,6.89,4.4,Yes,Low,Mid
31,50.16,1,2,0.215,0.0064,0,No,3.3,0.564,3.0,6.03,7.98,4.2,No,None,Low
16,48.32,1,8,0.421,0.1936,1,No,1.9,0.821,2.68,5.27,6.37,5.7,No,Low,Mid
37,17.21,10,16,0.285,0.0544,2,No,4.5,0.644,3.7,6.03,7.19,4.9,No,Low,Mid
19,81.09,5,81,0.144,0.0144,1,No,0.6,0.56,3.25,1.32,7.54,3.5,Yes,Low,Low
24,112.8,13,56,0.136,0.0024,0,No,3.9,0.657,4.52,3.93,9.51,3.3,No,None,Low
12,57.0,7,14,0.086,0.0784,2,No,1.4,0.431,3.24,5.0,6.65,3.3,No,Low,Low
41,70.12,21,36,0.423,0.0168,0,No,0.4,0.642,3.9,4.03,8.84,5.5,No,None,Mid
11,33.01,1,38,0.12,0.0832,1,No,7.4,0.781,4.18,5.6,8.24,3.6,No,Low,Low
45,78.59,12,40,0.237,0.1376,1,No,5.0,0.794,3.74,5.07,7.61,4.2,No,Low,Mid
25,35.47,1,88,0.341,0.0608,0,No,4.9,0.79,4.3,2.27,9.1,5.2,Yes,None,Mid
23,67.4,6,7,0.014,0.1632,2,No,5.8,0.613,3.84,6.78,6.96,2.7,No,Low,Low
55,34.94,1,11,0.278,0.1256,2,No,4.0,0.675,4.61,5.82,7.86,4.7,No,Low,Mid
46,17.31,12,38,0.126,0.108,0,No,4.2,0.558,3.3,4.9,7.94,3.8,No,None,Low
54,84.55,28,10,0.096,0.0768,1,No,3.9,0.509,4.36,6.73,8.44,3.2,No,Low,Low
34,94.09,9,31,0.637,0.04,0,No,4.1,0.341,4.81,5.12,9.68,6.9,No,None,High
15,217.64,1,1,0.263,0.004,1,No,1.6,0.522,3.29,5.52,7.61,3.5,No,Low,Mid
57,20.97,1,15,0.172,0.0672,1,No,4.9,0.517,3.08,5.92,7.19,4.1,No,Low,Low
52,101.9,14,7,0.147,0.12,1,No,5.2,0.737,4.59,6.85,8.52,3.4,No,Low,Low
43,33.84,11,107,0.458,0.032,1,No,4.0,0.302,3.74,1.7,7.97,6.0,Yes,Low,High
48,44.76,13,73,0.307,0.0696,0,No,0.1,0.254,5.0,1.82,9.77,4.9,Yes,None,Mid
3,51.99,3,12,0.285,0.068,1,No,7.8,0.308,5.0,7.1,9.11,4.7,No,Low,Mid
14,82.32,4,10,0.228,0.056,0,No,3.2,0.695,3.76,5.7,8.57,4.1,No,None,Mid
20,66.96,6,61,0.185,0.048,0,Yes,6.2,0.944,4.09,4.22,8.93,3.9,No,None,Low
57,96.6,1,69,0.239,0.0904,0,No,4.0,0.484,5.0,2.92,9.7,4.1,No,None,Mid
48,68.46,1,24,0.194,0.0224,0,No,2.5,0.753,4.03,4.67,8.96,3.9,No,None,Low
57,70.89,29,10,0.567,0.148,0,Yes,6.0,0.291,4.68,7.47,9.19,6.5,No,None,High
49,91.55,13,9,0.251,0.0912,0,No,4.3,0.202,3.25,6.42,7.95,4.2,No,None,Mid
26,73.26,7,28,0.318,0.1608,2,Yes,2.3,0.589,3.89,4.6,7.02,4.8,No,Low,Mid
44,104.99,1,1,0.205,0.1416,2,No,1.5,0.81,3.57,5.48,6.76,3.8,No,Low,Low
37,70.03,1,28,0.254,0.108,1,No,4.4,0.716,3.96,5.1,7.93,4.4,No,Low,Mid
59,68.95,30,38,0.458,0.0056,0,No,3.8,0.737,3.82,5.37,8.8,5.8,No,None,High
4,113.87,1,33,0.504,0.4936,4,No,3.0,0.569,1.85,4.38,2.54,5.8,Yes,Medium,High
40,138.89,1,8,0.335,0.0968,0,No,5.1,0.147,2.87,6.33,7.55,4.5,No,None,Mid
59,84.42,15,18,0.428,0.0232,1,No,5.5,0.485,5.0,6.43,9.26,5.5,No,Low,Mid
46,45.27,35,71,0.368,0.36,3,No,4.5,0.486,4.97,4.12,6.77,5.3,Yes,Medium,Mid
52,21.7,1,9,0.246,0.0216,0,No,2.9,0.624,3.46,5.55,8.39,4.6,No,None,Mid
51,10.0,1,10,0.245,0.2024,0,No,2.9,0.447,4.04,5.5,8.37,4.7,No,None,Mid
46,53.21,24,6,0.181,0.0168,0,Yes,5.3,0.305,2.86,7.27,7.8,3.9,No,None,Low
54,73.99,1,19,0.347,0.0184,1,No,3.6,0.386,2.65,5.28,6.92,5.0,No,Low,Mid
35,18.62,9,11,0.051,0.128,1,No,2.1,0.483,4.32,5.45,8.23,3.2,No,Low,Low
53,26.28,27,10,0.346,0.0056,1,No,0.0,0.78,4.74,5.4,9.05,5.3,No,Low,Mid
57,114.23,1,59,0.424,0.0472,1,No,0.0,0.875,2.25,2.08,6.43,5.3,Yes,Low,Mid
23,57.12,24,0,0.239,0.0736,2,No,0.1,0.634,3.3,5.83,6.72,4.3,No,Low,Mid
47,37.93,1,36,0.332,0.0848,3,No,0.3,0.825,2.15,3.33,4.87,5.1,Yes,Medium,Mid
25,25.46,7,24,0.113,0.0992,0,No,7.8,0.743,4.9,6.63,9.57,3.6,No,None,Low
36,107.05,10,28,0.278,0.076,1,No,4.9,0.615,4.68,5.57,8.76,4.3,No,Low,Mid
13,47.9,7,87,0.166,0.0776,0,No,0.8,0.877,4.91,1.15,9.65,3.9,Yes,None,Low
57,81.14,29,11,0.429,0.1248,2,Yes,0.8,0.938,3.07,5.68,6.32,5.5,No,Low,Mid
51,49.12,13,20,0.331,0.0216,1,Yes,3.8,0.248,3.81,5.7,8.07,5.0,No,Low,Mid
28,36.12,1,47,0.161,0.0456,0,No,3.7,0.353,3.04,3.92,7.89,3.9,No,None,Low
49,49.47,1,74,0.308,0.1408,0,No,3.5,0.645,3.63,2.5,8.16,4.9,Yes,None,Mid
10,81.33,8,21,0.523,0.0168,0,Yes,3.1,0.151,4.06,5.25,9.0,6.2,No,None,High
57,45.33,1,25,0.256,0.0536,0,No,2.3,0.611,4.86,4.55,9.68,4.5,No,None,Mid
51,44.99,13,9,0.546,0.1056,0,No,4.4,0.41,2.97,6.45,7.62,6.6,No,None,High
13,127.46,1,28,0.511,0.0008,0,No,3.4,0.412,4.19,4.77,9.19,5.8,No,None,High
44,109.15,12,20,0.066,0.0376,0,No,5.6,0.767,5.0,6.27,9.87,2.8,No,None,Low
3,84.51,1,102,0.475,0.0856,1,No,3.0,0.413,4.16,1.03,8.21,5.8,Yes,Low,High
19,50.51,1,64,0.621,0.1608,2,No,0.7,0.426,3.13,2.07,6.26,7.0,Yes,Low,High
54,39.87,1,46,0.275,0.0456,1,No,3.5,0.574,3.93,3.9,8.11,4.7,No,Low,Mid
18,182.31,5,23,0.196,0.0104,1,No,3.3,0.925,4.67,5.12,8.97,3.3,No,Low,Low
43,125.99,1,24,0.41,0.0224,2,No,4.4,0.599,3.37,5.3,6.96,5.1,No,Low,Mid
50,92.97,1,9,0.1,0.1504,1,No,4.2,0.643,3.1,5.98,6.93,3.1,No,Low,Low
38,318.52,20,66,0.047,0.0112,0,Yes,3.2,0.481,4.29,3.43,9.25,1.4,No,None,Low
46,36.56,12,22,0.562,0.0896,0,No,4.6,0.468,5.0,5.83,9.7,6.7,No,None,High
59,133.2,1,14,0.021,0.1648,2,Yes,3.6,0.339,3.05,5.53,6.17,2.3,No,Low,Low
57,138.54,1,22,0.127,0.0832,0,No,3.4,0.755,2.7,5.07,7.42,3.1,No,None,Low
20,59.97,21,15,0.162,0.0144,0,No,4.6,0.912,5.0,6.48,9.95,3.8,No,None,Low
13,68.58,4,19,0.43,0.0696,0,No,0.0,0.562,3.69,4.18,8.46,5.6,No,None,Mid
2,145.16,2,14,0.175,0.0392,0,No,3.5,0.771,4.58,5.53,9.45,3.4,No,None,Low
12,126.23,1,2,0.438,0.0448,1,No,3.1,0.251,4.29,5.97,8.47,5.3,No,Low,Mid
55,55.47,1,22,0.23,0.0376,1,No,1.8,0.391,4.96,4.53,9.17,4.3,No,Low,Mid
7,147.5,6,14,0.123,0.0048,1,No,0.4,0.796,5.0,4.63,9.32,3.0,No,Low,Low
50,69.01,1,43,0.326,0.0888,1,No,1.1,0.679,4.63,3.25,8.67,4.9,No,Low,Mid
59,134.66,30,6,0.308,0.0456,0,Yes,2.8,0.438,4.99,6.63,9.84,4.3,No,None,Mid
2,36.51,2,21,0.603,0.0592,0,No,4.5,0.794,4.19,5.52,8.99,7.0,No,None,High
21,63.98,1,14,0.275,0.0464,0,Yes,6.0,0.312,3.24,6.33,8.09,4.5,No,None,Mid
36,57.46,28,1,0.125,0.1416,2,No,0.3,0.812,3.11,5.98,6.3,3.5,No,Low,Low
38,52.29,10,19,0.519,0.188,0,No,4.6,0.757,4.79,5.92,9.16,6.3,No,None,High
54,181.24,1,13,0.538,0.0304,0,No,4.2,0.242,4.82,5.78,9.72,5.7,No,None,High
43,114.34,1,46,0.318,0.0472,0,No,5.0,0.677,3.74,4.4,8.58,4.5,No,None,Mid
9,86.96,1,69,0.376,0.0152,1,No,3.3,0.728,3.3,2.68,7.58,5.1,Yes,Low,Mid
48,88.26,25,13,0.344,0.1384,2,No,3.3,0.251,3.7,6.28,6.91,4.9,No,Low,Mid
27,75.25,1,75,0.268,0.0296,1,Yes,2.5,0.217,3.14,2.12,7.37,4.4,Yes,Low,Mid
11,67.9,9,34,0.68,0.0352,1,No,2.9,0.71,2.87,4.57,7.09,7.4,No,Low,Extreme
25,29.54,7,20,0.173,0.0632,0,No,2.6,0.37,4.0,5.1,8.79,4.0,No,None,Low
27,53.64,21,56,0.438,0.06,2,Yes,1.5,0.957,3.57,3.4,7.04,5.7,No,Low,Mid
27,98.81,7,24,0.607,0.1488,1,No,2.5,0.846,3.85,4.87,7.69,6.7,No,Low,High
5,48.7,1,4,0.293,0.04,1,No,1.5,0.488,3.06,5.33,7.26,4.8,No,Low,Mid
17,27.46,9,4,0.042,0.1224,3,No,1.0,0.359,3.84,5.43,6.43,3.1,No,Medium,Low
24,150.23,13,89,0.475,0.1976,0,No,0.1,0.336,5.0,1.02,9.34,5.4,Yes,None,High
2,25.29,1,19,0.208,0.1136,1,No,6.5,0.79,3.5,6.25,7.45,4.3,No,Low,Low
39,77.52,1,6,0.808,0.0216,1,No,5.0,0.268,3.98,6.4,8.24,8.2,No,Low,Extreme
27,93.24,7,9,0.347,0.0376,0,No,0.9,0.82,4.64,5.08,9.51,4.9,No,None,Mid
19,61.42,15,9,0.142,0.064,1,No,4.4,0.526,3.68,6.52,7.8,3.6,No,Low,Low
47,71.69,24,21,0.312,0.1024,2,Yes,6.4,0.592,3.86,6.88,7.19,4.8,No,Low,Mid
21,80.96,11,20,0.16,0.0056,1,No,4.4,0.822,4.79,5.83,9.1,3.6,No,Low,Low
51,52.42,13,1,0.259,0.0632,0,Yes,5.2,0.268,3.61,7.12,8.4,4.5,No,None,Mid
7,85.11,1,2,0.245,0.2504,1,No,0.0,0.843,2.74,4.93,6.24,4.2,No,Low,Mid
14,77.59,11,65,0.163,0.2464,2,No,0.9,0.406,2.43,2.42,5.28,3.7,Yes,Low,Low
53,121.83,27,69,0.386,0.0568,2,No,0.0,0.669,3.64,2.45,7.12,5.0,Yes,Low,Mid
13,42.02,7,15,0.5,0.1168,1,No,5.5,0.611,2.69,6.32,6.63,6.2,No,Low,High
6,108.55,2,16,0.403,0.0944,1,No,3.7,0.565,3.42,5.5,7.44,5.2,No,Low,Mid
59,47.44,1,40,0.227,0.08,1,No,0.1,0.798,4.65,3.07,8.72,4.3,No,Low,Mid
55,94.86,1,9,0.312,0.0424,1,No,4.5,0.745,4.79,6.08,8.98,4.6,No,Low,Mid
30,11.2,8,33,0.334,0.276,6,No,4.1,0.662,3.31,4.98,4.06,5.3,No,High,Mid
38,65.87,10,8,0.236,0.1768,0,Yes,1.0,0.513,3.89,5.27,8.3,4.3,No,None,Mid
15,69.98,4,4,0.113,0.1024,2,No,2.8,0.674,3.49,5.87,6.82,3.4,No,Low,Low
24,79.17,7,40,0.031,0.0016,1,No,1.2,0.508,2.86,3.63,7.19,2.7,No,Low,Low
11,103.76,6,12,0.146,0.024,0,No,3.3,0.711,4.21,5.7,9.13,3.4,No,None,Low
27,60.46,7,2,0.654,0.148,2,No,7.0,0.349,4.2,7.47,7.37,7.2,No,Low,High
32,98.9,1,20,0.168,0.1008,1,No,4.9,0.813,4.05,5.67,8.05,3.6,No,Low,Low
33,99.47,1,96,0.119,0.036,0,No,3.1,0.245,3.23,1.27,8.11,3.2,Yes,None,Low
32,69.63,9,57,0.818,0.1072,1,No,4.5,0.545,4.25,3.95,8.23,8.3,Yes,Low,Extreme
52,76.78,14,5,0.336,0.0048,0,Yes,3.6,0.402,4.7,6.42,9.68,4.9,No,None,Mid
12,108.81,4,14,0.614,0.0312,0,No,0.0,0.491,3.41,4.43,8.31,6.6,No,None,High
39,37.55,1,66,0.438,0.0456,1,No,6.8,0.45,3.83,4.0,8.01,5.8,Yes,Low,Mid
21,26.87,1,8,0.06,0.172,5,No,0.0,0.873,3.56,4.63,4.65,3.3,No,Medium,Low
57,79.23,15,16,0.235,0.0424,1,No,0.2,0.827,3.99,4.77,8.18,4.2,No,Low,Mid
25,56.23,1,5,0.233,0.0608,1,Yes,4.0,0.365,3.62,6.12,7.75,4.3,No,Low,Mid
56,192.07,29,15,0.263,0.0128,0,Yes,0.2,0.813,4.0,5.28,8.96,3.7,No,None,Mid
23,73.51,1,5,0.048,0.0224,0,No,0.6,0.789,5.0,4.98,9.93,2.9,No,None,Low
30,130.39,16,33,0.22,0.0672,0,Yes,2.0,0.309,3.62,4.55,8.4,3.8,No,None,Low
18,150.99,5,27,0.172,0.1072,0,Yes,4.0,0.585,3.42,5.15,8.06,3.3,No,None,Low
55,52.01,42,7,0.25,0.1104,0,Yes,3.5,0.838,3.92,7.22,8.55,4.4,No,None,Mid
26,119.83,7,86,0.356,0.068,1,No,4.6,0.373,4.32,2.47,8.43,4.8,Yes,Low,Mid
20,108.76,1,1,0.066,0.0088,1,No,0.5,0.976,2.75,5.15,7.05,2.8,No,Low,Low
41,70.88,21,19,0.296,0.1,2,Yes,0.6,0.142,3.64,4.95,6.97,4.6,No,Low,Mid
35,37.44,1,85,0.082,0.0096,2,No,2.6,0.792,4.93,1.65,8.56,3.3,Yes,Low,Low
47,188.94,12,68,0.221,0.0136,0,No,4.6,0.527,3.46,3.53,8.41,3.4,No,None,Low
13,51.95,4,2,0.129,0.092,1,No,5.3,0.555,4.58,6.8,8.61,3.6,No,Low,Low
42,96.28,11,31,0.288,0.0376,2,No,2.1,0.619,4.5,4.52,8.04,4.4,No,Low,Mid
3,134.21,1,2,0.165,0.1568,1,No,0.0,0.548,3.13,4.93,6.94,3.3,No,Low,Low
55,48.95,83,89,0.273,0.052,1,Yes,6.7,0.674,4.8,4.45,8.96,4.6,No,Low,Mid
53,76.0,1,4,0.118,0.0296,3,No,2.4,0.623,3.05,5.63,5.95,3.4,No,Medium,Low
33,31.78,9,20,0.288,0.0088,0,No,1.2,0.264,4.75,4.7,9.72,4.8,No,None,Mid
42,74.15,1,23,0.106,0.056,1,No,5.0,0.796,5.0,5.55,9.15,3.3,No,Low,Low
42,55.98,1,22,0.119,0.0688,0,No,5.2,0.913,4.19,5.67,8.96,3.5,No,None,Low
44,150.71,23,107,0.387,0.0112,0,No,0.2,0.168,4.56,1.0,9.52,4.8,Yes,None,Mid
2,61.44,1,34,0.02,0.056,1,Yes,1.9,0.538,4.7,3.97,8.85,2.8,No,Low,Low
22,76.37,12,53,0.062,0.1064,0,No,5.0,0.491,3.44,4.42,8.09,3.0,No,None,Low
41,140.89,31,79,0.372,0.1216,3,No,0.6,0.909,2.97,2.28,5.56,4.8,Yes,Medium,Mid
4,63.73,3,18,0.361,0.0064,0,Yes,4.1,0.508,4.25,5.57,9.23,5.1,No,None,Mid
40,149.0,11,8,0.372,0.1464,1,No,3.2,0.635,3.16,6.03,7.01,4.7,No,Low,Mid
39,142.74,20,66,0.334,0.1224,1,No,1.0,0.882,2.41,2.7,6.34,4.5,Yes,Low,Mid
29,72.65,15,24,0.647,0.0112,0,No,5.2,0.653,3.52,6.03,8.48,7.1,No,None,High
55,71.18,14,12,0.259,0.0472,1,No,1.1,0.327,4.7,5.23,8.88,4.4,No,Low,Mid
30,44.09,1,39,0.289,0.0416,0,No,4.6,0.774,3.5,4.62,8.36,4.8,No,None,Mid
47,108.73,12,4,0.262,0.0824,1,No,5.2,0.621,3.92,6.93,7.98,4.2,No,Low,Mid
14,134.99,1,7,0.206,0.2664,2,No,4.5,0.341,3.87,6.18,6.65,3.6,No,Low,Low
2,154.56,1,13,0.358,0.1168,1,Yes,1.7,0.706,3.54,4.95,7.48,4.6,No,Low,Mid
16,45.94,5,34,0.066,0.0728,1,No,2.9,0.879,4.45,4.43,8.54,3.2,No,Low,Low
12,293.0,4,36,0.49,0.0568,0,No,1.8,0.33,5.0,3.93,9.81,4.7,No,None,High
57,17.54,1,22,0.068,0.0112,0,No,5.7,0.718,2.11,5.83,7.07,3.4,No,None,Low
41,73.69,21,29,0.479,0.0472,1,Yes,3.0,0.35,3.97,5.25,8.15,5.9,No,Low,High
39,258.72,30,6,0.252,0.2232,4,No,2.6,0.834,3.42,6.57,5.01,3.2,No,Medium,Mid
43,54.45,1,90,0.068,0.0048,0,No,5.1,0.923,4.82,2.23,9.8,3.1,Yes,None,Low
38,137.21,10,8,0.237,0.064,1,No,3.1,0.639,4.69,5.97,8.81,3.8,No,Low,Mid
46,232.15,1,8,0.356,0.0136,0,No,5.1,0.169,3.25,6.33,8.2,4.1,No,None,Mid
60,53.67,16,45,0.587,0.0704,0,No,1.2,0.282,4.32,3.68,9.09,6.8,No,None,High
31,216.9,8,5,0.489,0.1016,1,No,6.9,0.698,4.43,7.32,8.42,5.1,No,Low,High
45,32.12,12,33,0.549,0.0264,0,No,0.4,0.467,4.36,3.88,9.27,6.7,No,None,High
41,27.54,31,8,0.515,0.0032,0,No,3.6,0.814,4.62,6.83,9.61,6.4,No,None,High
32,50.71,1,11,0.234,0.0584,0,No,3.5,0.215,5.0,5.65,9.81,4.3,No,None,Mid
54,28.8,1,28,0.436,0.4152,3,No,1.4,0.176,3.11,4.1,4.73,5.9,Yes,Medium,Mid
33,87.15,1,69,0.176,0.012,1,No,4.4,0.483,4.44,3.05,8.73,3.7,Yes,Low,Low
51,26.78,1,19,0.169,0.056,0,No,0.8,0.882,4.12,4.35,8.93,4.0,No,None,Low
14,22.45,4,39,0.233,0.0376,1,Yes,0.8,0.661,3.61,3.45,7.82,4.5,No,Low,Mid
12,21.65,1,10,0.187,0.0088,1,No,5.6,0.864,3.65,6.4,7.95,4.2,No,Low,Low
45,34.32,12,21,0.13,0.0696,0,No,5.0,0.847,5.0,6.02,9.77,3.7,No,None,Low
18,77.53,5,3,0.355,0.0112,0,No,5.1,0.787,4.59,6.72,9.55,5.0,No,None,Mid
35,41.61,1,9,0.431,0.0608,0,No,2.3,0.951,3.77,5.35,8.57,5.8,No,None,Mid
9,133.75,1,52,0.079,0.1448,1,No,1.4,0.856,3.5,2.9,7.35,2.8,Yes,Low,Low
26,83.7,7,56,0.536,0.0984,1,No,3.9,0.451,2.61,3.73,6.62,6.2,Yes,Low,High
12,169.63,10,48,0.129,0.0576,0,No,2.6,0.461,4.55,3.8,9.36,2.9,No,None,Low
11,282.39,3,54,0.444,0.1168,1,No,7.4,0.744,4.11,4.87,8.05,4.4,No,Low,Mid
5,50.69,1,39,0.146,0.0872,0,No,1.8,0.327,5.0,3.68,9.71,3.7,No,None,Low
8,51.38,1,2,0.305,0.0576,1,No,7.2,0.7,3.45,7.33,7.59,4.8,No,Low,Mid
33,98.54,9,22,0.41,0.104,1,No,4.6,0.474,2.63,5.73,6.62,5.3,No,Low,Mid
41,27.33,11,1,0.095,0.1392,0,Yes,5.5,0.436,4.06,7.15,8.6,3.5,No,None,Low
13,35.67,4,4,0.102,0.0632,1,Yes,3.5,0.961,4.68,6.1,8.8,3.5,No,Low,Low
9,82.95,1,11,0.34,0.0272,2,No,1.6,0.638,2.41,5.02,5.99,4.9,No,Low,Mid
42,146.36,11,30,0.151,0.0936,3,No,7.3,0.34,2.32,6.3,5.01,3.2,No,Medium,Low
36,37.75,1,58,0.223,0.0576,1,No,3.5,0.348,3.32,3.3,7.46,4.3,Yes,Low,Low
56,53.64,1,52,0.157,0.0024,0,No,2.9,0.753,3.32,3.4,8.31,3.8,Yes,None,Low
9,30.22,5,55,0.147,0.0152,4,No,5.4,0.614,2.44,4.22,4.72,3.8,Yes,Medium,Low
59,56.42,30,29,0.273,0.048,0,Yes,2.3,0.495,3.5,5.32,8.34,4.6,No,None,Mid
46,30.9,1,19,0.266,0.0408,0,No,5.2,0.832,4.18,5.82,9.04,4.7,No,None,Mid
26,39.24,1,46,0.191,0.088,1,No,2.5,0.807,4.25,3.57,8.29,4.1,No,Low,Low
48,85.65,13,7,0.189,0.0872,1,No,5.2,0.631,3.08,6.82,7.12,3.8,No,Low,Low
43,25.64,1,95,0.392,0.0344,1,No,5.7,0.488,4.92,2.18,9.14,5.6,Yes,Low,Mid
55,38.55,14,42,0.097,0.2608,2,No,3.3,0.671,4.29,4.47,7.09,3.4,No,Low,Low
20,28.82,11,38,0.173,0.0128,1,No,0.8,0.111,3.61,3.73,7.9,4.0,No,Low,Low
28,92.84,1,17,0.045,0.036,1,No,6.3,0.874,3.07,6.28,7.28,2.8,No,Low,Low
57,107.76,15,23,0.148,0.0016,0,No,1.3,0.638,4.01,4.78,9.0,3.4,No,None,Low
24,54.08,1,3,0.271,0.2384,1,No,1.1,0.503,4.46,5.25,8.0,4.6,No,Low,Mid
1,100.86,1,3,0.245,0.0656,2,No,1.4,0.2,3.86,5.35,7.31,4.1,No,Low,Mid
54,136.26,14,93,0.499,0.168,4,Yes,1.7,0.801,3.26,1.38,5.03,5.7,Yes,Medium,High
25,125.86,7,16,0.334,0.0696,0,No,4.4,0.325,3.55,5.9,8.32,4.6,No,None,Mid
58,74.55,15,15,0.325,0.0104,0,No,2.3,0.517,4.16,5.52,9.13,4.8,No,None,Mid
46,55.73,24,15,0.445,0.032,0,No,5.0,0.382,5.0,6.72,9.89,5.8,No,None,Mid
11,20.26,6,2,0.395,0.0744,1,No,6.2,0.829,2.77,7.17,6.86,5.6,No,Low,Mid
5,134.86,2,36,0.22,0.0352,0,No,2.4,0.151,3.27,4.07,8.15,3.7,No,None,Low
14,232.25,1,11,0.232,0.0264,1,No,1.3,0.596,3.72,4.92,7.97,3.2,No,Low,Mid
18,39.87,5,45,0.13,0.008,1,No,2.2,0.779,4.46,3.65,8.77,3.7,No,Low,Low
21,44.97,11,3,0.197,0.1056,0,No,1.6,0.905,4.46,5.75,9.11,4.1,No,None,Low
54,63.82,1,35,0.351,0.0608,1,Yes,0.0,0.876,4.79,3.28,8.92,5.1,No,Low,Mid
37,94.25,19,24,0.279,0.0344,1,Yes,2.3,0.502,4.14,5.2,8.36,4.4,No,Low,Mid
48,12.92,13,8,0.278,0.0776,2,No,4.1,0.863,4.73,6.4,8.14,4.9,No,Low,Mid
46,91.78,24,31,0.096,0.2304,1,No,5.1,0.361,4.52,5.95,8.09,3.1,No,Low,Low
49,48.18,25,88,0.144,0.0352,0,No,0.0,0.545,3.3,1.43,8.18,3.7,Yes,None,Low
55,55.39,14,36,0.32,0.012,1,No,0.3,0.738,4.42,3.77,8.71,4.9,No,Low,Mid
5,85.55,1,21,0.253,0.1832,1,No,4.6,0.326,3.61,5.52,7.33,4.3,No,Low,Mid
14,95.04,8,88,0.304,0.0088,3,No,3.8,0.517,2.57,2.13,5.54,4.6,Yes,Medium,Mid
35,99.23,1,9,0.195,0.1168,0,No,0.0,0.551,4.23,4.58,8.84,3.8,No,None,Low
9,78.42,1,33,0.034,0.0912,0,No,2.3,0.702,3.79,4.15,8.49,2.8,No,None,Low
11,113.21,3,53,0.104,0.2088,0,No,5.3,0.61,4.67,4.22,8.97,3.0,No,None,Low
4,96.47,1,12,0.284,0.024,0,No,1.4,0.594,4.74,4.9,9.66,4.4,No,None,Mid
8,115.18,1,7,0.29,0.1432,1,Yes,3.9,0.437,3.73,5.98,7.59,4.3,No,Low,Mid
51,31.93,1,31,0.107,0.0192,0,No,6.8,0.399,4.33,5.75,9.27,3.6,No,None,Low
37,146.1,19,31,0.341,0.004,0,No,2.0,0.557,3.79,4.75,8.78,4.5,No,None,Mid
28,47.71,15,34,0.266,0.1808,1,Yes,7.5,0.819,4.68,6.3,8.41,4.6,No,Low,Mid
54,254.63,1,47,0.179,0.196,3,No,4.4,0.366,3.1,4.15,5.45,2.7,Yes,Medium,Low
14,43.34,4,1,0.341,0.1088,2,No,1.7,0.413,2.76,5.65,6.06,5.1,No,Low,Mid
45,100.19,1,2,0.476,0.0624,0,No,2.5,0.442,4.86,5.77,9.65,5.7,No,None,High
2,90.05,1,48,0.185,0.12,0,No,2.3,0.164,4.17,3.4,8.77,3.8,No,None,Low
29,53.21,15,12,0.213,0.0208,2,No,2.9,0.544,4.31,5.87,7.91,4.2,No,Low,Low
20,72.55,11,16,0.266,0.0328,1,No,2.5,0.112,5.0,5.4,9.22,4.4,No,Low,Mid
38,115.58,10,95,0.037,0.0096,0,Yes,3.1,0.576,4.85,1.62,9.82,2.6,Yes,None,Low
45,34.32,1,10,0.308,0.0816,2,No,4.2,0.439,2.71,5.93,6.1,5.0,No,Low,Mid
6,27.94,1,10,0.184,0.1024,2,No,3.1,0.362,2.19,5.57,5.52,4.1,No,Low,Low
12,58.02,1,18,0.344,0.1112,0,Yes,0.0,0.538,3.63,4.13,8.26,5.1,No,None,Mid
47,85.31,1,11,0.104,0.0576,2,No,4.1,0.664,3.15,5.85,6.62,3.2,No,Low,Low
16,31.17,1,69,0.591,0.0,2,No,5.6,0.487,3.29,3.45,6.96,6.9,Yes,Low,High
46,113.12,24,27,0.231,0.0144,0,No,3.0,0.692,4.42,5.45,9.37,3.9,No,None,Mid
2,85.78,1,1,0.384,0.0616,2,No,0.8,0.654,4.75,5.25,8.21,5.2,No,Low,Mid
40,100.59,11,7,0.705,0.0704,1,No,3.2,0.927,2.35,6.08,6.45,7.3,No,Low,Extreme
5,68.33,2,42,0.058,0.008,1,No,2.8,0.878,3.1,3.9,7.41,3.0,Yes,Low,Low
47,26.15,12,57,0.04,0.02,0,Yes,6.9,0.509,4.01,4.85,8.94,3.1,No,None,Low
20,78.75,11,52,0.662,0.0376,1,No,5.8,0.704,2.58,4.7,6.79,7.2,No,Low,High
12,67.81,1,51,0.223,0.008,0,No,4.4,0.596,3.95,3.95,8.92,4.2,No,None,Low
48,54.75,13,50,0.295,0.1752,2,No,2.0,0.761,4.67,3.6,7.75,4.7,No,Low,Mid
60,160.19,1,13,0.259,0.0616,2,No,2.0,0.753,2.17,5.05,5.63,3.9,No,Low,Mid
16,65.76,1,70,0.319,0.0304,0,No,3.2,0.738,3.26,2.6,8.16,4.8,Yes,None,Mid
30,17.39,8,2,0.037,0.0,0,No,4.5,0.877,3.52,6.67,8.52,3.2,No,None,Low
20,41.87,1,30,0.281,0.2456,4,No,3.1,0.656,3.44,4.57,4.95,4.7,Yes,Medium,Mid
21,159.42,6,35,0.394,0.0024,0,No,5.4,0.685,2.95,5.25,7.94,4.8,No,None,Mid
6,104.91,4,6,0.417,0.028,2,No,3.1,0.773,2.83,5.87,6.4,5.3,No,Low,Mid
9,64.47,3,29,0.14,0.148,0,No,1.3,0.909,3.94,4.08,8.45,3.6,No,None,Low
3,46.35,1,84,0.362,0.0128,0,No,2.4,0.291,4.57,1.63,9.53,5.3,Yes,None,Mid
20,80.21,11,22,0.23,0.0536,2,Yes,2.7,0.238,3.31,5.17,6.8,4.1,No,Low,Mid
48,108.41,37,21,0.201,0.0184,0,Yes,2.8,0.711,4.69,6.12,9.63,3.8,No,None,Low
33,32.29,9,1,0.364,0.024,0,No,5.6,0.576,4.52,7.12,9.44,5.4,No,None,Mid
37,82.92,19,17,0.641,0.0192,1,No,3.6,0.473,2.56,5.98,6.83,7.0,No,Low,High
58,39.8,1,4,0.186,0.072,3,Yes,5.0,0.315,1.37,6.5,4.13,4.1,No,Medium,Low
60,63.37,16,17,0.342,0.1456,0,No,3.5,0.786,4.36,5.85,8.87,5.0,No,None,Mid
57,29.48,29,11,0.077,0.004,2,Yes,5.5,0.299,3.69,7.25,7.34,3.4,No,Low,Low
17,78.79,1,3,0.308,0.1008,1,No,0.7,0.983,2.65,5.12,6.65,4.7,No,Low,Mid
48,32.04,1,3,0.174,0.028,0,No,5.8,0.507,5.0,6.82,9.91,4.0,No,None,Low
58,21.32,15,8,0.406,0.0536,0,No,1.6,0.717,5.0,5.63,9.82,5.7,No,None,Mid
41,58.31,11,5,0.367,0.0032,1,Yes,2.4,0.553,4.01,5.92,8.33,5.2,No,Low,Mid
49,56.78,13,19,0.222,0.0016,1,Yes,1.6,0.736,4.93,5.02,9.26,4.2,No,Low,Low
15,90.92,4,55,0.271,0.0352,0,No,4.8,0.614,2.36,3.98,7.24,4.4,No,None,Mid
19,101.91,1,4,0.19,0.0008,0,No,2.6,0.299,3.8,5.7,8.8,3.7,No,None,Low
13,56.32,4,2,0.4,0.052,3,No,6.6,0.737,2.92,7.23,5.75,5.5,No,Medium,Mid
50,57.99,26,25,0.232,0.1576,1,No,3.0,0.502,3.27,5.62,7.08,4.3,No,Low,Mid
23,66.8,18,13,0.41,0.0656,3,No,4.9,0.689,4.18,6.58,6.96,5.5,No,Medium,Mid
44,34.56,1,8,0.217,0.0216,0,No,4.6,0.272,3.76,6.17,8.69,4.3,No,None,Low
24,31.54,1,2,0.585,0.1376,0,Yes,5.7,0.765,4.29,6.83,8.83,6.9,No,None,High
24,64.86,7,43,0.287,0.0424,1,No,2.0,0.907,4.58,3.75,8.77,4.6,No,Low,Mid
27,84.05,7,7,0.262,0.028,0,No,4.3,0.686,4.2,6.32,9.11,4.3,No,None,Mid
23,212.0,6,38,0.204,0.0176,1,Yes,2.2,0.594,3.17,4.03,7.44,3.2,No,Low,Low
12,28.06,7,26,0.391,0.0224,1,No,3.0,0.668,4.43,4.93,8.69,5.6,No,Low,Mid
11,20.44,3,24,0.107,0.0608,1,No,4.0,0.188,4.35,5.23,8.48,3.6,No,Low,Low
8,53.62,1,4,0.171,0.0144,2,No,2.8,0.212,1.49,5.77,5.11,3.9,No,Low,Low
24,74.34,1,43,0.113,0.148,1,No,0.9,0.736,4.67,3.18,8.51,3.3,No,Low,Low
41,16.66,42,5,0.345,0.092,0,Yes,3.0,0.811,3.91,7.15,8.6,5.3,No,None,Mid
10,110.59,1,13,0.343,0.0368,0,No,4.0,0.677,3.44,5.72,8.32,4.7,No,None,Mid
24,77.71,1,73,0.406,0.1096,2,No,2.4,0.389,3.11,2.18,6.41,5.4,Yes,Low,Mid
11,76.46,3,5,0.512,0.0368,2,No,2.9,0.188,2.16,5.82,5.7,6.1,No,Low,High
33,66.34,1,68,0.463,0.0608,2,No,2.5,0.814,2.46,2.47,5.92,5.8,Yes,Low,High
59,110.47,15,10,0.073,0.044,0,No,5.8,0.556,4.38,6.93,9.23,2.8,No,None,Low
29,33.86,22,1,0.555,0.0944,1,No,2.0,0.757,2.81,6.35,6.83,6.7,No,Low,High
50,41.31,13,7,0.131,0.0632,3,Yes,3.3,0.767,2.33,6.18,5.12,3.7,No,Medium,Low
13,22.41,4,5,0.259,0.1168,2,No,1.7,0.492,3.74,5.45,7.02,4.7,No,Low,Mid
28,63.73,1,11,0.363,0.0176,1,No,5.2,0.23,3.07,6.22,7.34,5.2,No,Low,Mid
5,62.58,2,27,0.468,0.0096,0,No,3.8,0.419,3.14,4.98,8.11,5.9,No,None,High
17,179.05,1,14,0.359,0.0808,1,No,3.1,0.463,3.04,5.37,7.1,4.4,No,Low,Mid
36,55.13,10,20,0.274,0.02,0,No,1.6,0.809,4.46,4.87,9.39,4.6,No,None,Mid
20,35.97,1,21,0.112,0.1744,2,No,2.2,0.544,4.6,4.72,7.69,3.6,No,Low,Low
4,85.19,1,11,0.183,0.0544,2,Yes,4.7,0.601,4.21,6.05,7.7,3.8,No,Low,Low
58,35.66,15,26,0.603,0.0528,0,No,4.6,0.825,3.89,5.73,8.71,7.0,No,None,High
28,47.52,8,22,0.033,0.0448,0,No,6.7,0.369,4.08,6.4,8.93,2.9,No,None,Low
54,46.17,1,2,0.282,0.0032,1,No,4.1,0.607,3.59,6.3,7.91,4.7,No,Low,Mid
54,365.78,14,18,0.287,0.016,1,No,0.0,0.947,5.0,4.57,9.28,2.8,No,Low,Mid
16,108.46,5,75,0.161,0.0864,1,No,3.8,0.932,3.45,2.68,7.5,3.5,Yes,Low,Low
53,138.86,1,80,0.461,0.1384,1,No,3.2,0.466,3.22,2.1,7.09,5.4,Yes,Low,High
39,179.11,10,20,0.637,0.0216,0,No,3.1,0.624,4.33,5.37,9.26,6.4,No,None,High
30,117.3,1,4,0.225,0.0976,1,No,4.5,0.836,3.22,6.33,7.23,3.9,No,Low,Low
30,56.68,8,78,0.318,0.0936,0,No,4.5,0.384,3.38,2.87,8.07,4.9,Yes,None,Mid
20,105.42,6,18,0.214,0.0144,0,No,4.4,0.777,4.49,5.77,9.44,3.9,No,None,Low
32,92.31,1,24,0.576,0.0304,1,Yes,3.1,0.312,3.3,4.87,7.53,6.5,No,Low,High
46,25.82,12,4,0.04,0.184,2,No,0.9,0.825,1.12,5.5,4.17,3.1,No,Low,Low
26,70.37,7,102,0.18,0.056,1,No,4.7,0.398,4.03,1.8,8.18,3.8,Yes,Low,Low
3,43.3,1,13,0.132,0.0824,1,No,0.0,0.605,4.24,4.38,8.3,3.7,No,Low,Low
34,14.0,9,3,0.075,0.0648,4,Yes,6.2,0.749,3.37,7.22,5.49,3.4,No,Medium,Low
10,107.79,3,6,0.178,0.1864,1,No,5.2,0.487,4.79,6.53,8.5,3.6,No,Low,Low
37,148.9,1,2,0.478,0.0272,0,No,2.8,0.939,5.0,5.87,9.91,5.5,No,None,High
59,24.86,1,8,0.432,0.104,2,No,1.3,0.758,3.15,5.07,6.47,5.9,No,Low,Mid
17,47.16,1,79,0.089,0.0376,0,No,4.7,0.544,3.92,2.65,8.79,3.3,Yes,None,Low
44,57.54,12,49,0.566,0.072,1,Yes,1.9,0.486,4.06,3.58,8.15,6.6,No,Low,High
30,64.19,1,6,0.404,0.0832,1,No,5.2,0.742,5.0,6.47,9.06,5.4,No,Low,Mid
28,58.29,1,50,0.698,0.092,0,No,2.6,0.586,3.54,3.4,8.23,7.5,No,None,Extreme
23,71.26,12,3,0.13,0.04,0,No,0.1,0.565,3.84,5.28,8.71,3.5,No,None,Low
13,161.05,1,25,0.621,0.0032,0,No,3.6,0.169,4.67,4.98,9.66,6.4,No,None,High
25,58.24,7,15,0.443,0.1016,0,No,3.3,0.434,4.6,5.58,9.26,5.8,No,None,Mid
43,107.92,11,39,0.168,0.0928,0,No,2.0,0.63,4.66,4.08,9.35,3.5,No,None,Low
18,101.57,5,90,0.393,0.0056,1,No,5.0,0.6,3.35,2.33,7.66,5.1,Yes,Low,Mid
28,54.24,8,0,0.108,0.0528,1,No,2.3,0.796,2.4,6.03,6.56,3.4,No,Low,Low
35,78.69,18,7,0.657,0.0184,1,Yes,4.3,0.462,4.41,6.68,8.68,7.1,No,Low,High
2,108.58,1,45,0.46,0.0,1,Yes,2.9,0.452,3.61,3.75,7.94,5.6,No,Low,High
5,58.01,3,19,0.244,0.0168,0,No,2.7,0.422,3.82,5.05,8.76,4.4,No,None,Mid
58,85.31,30,10,0.458,0.0072,0,Yes,2.4,0.947,4.99,6.3,9.97,5.7,No,None,High
48,54.46,13,115,0.176,0.0728,1,No,5.5,0.435,3.5,2.27,7.59,3.9,Yes,Low,Low
18,45.8,1,21,0.177,0.1008,0,No,0.5,0.844,5.0,4.15,9.66,4.0,No,None,Low
48,56.42,25,77,0.324,0.044,1,No,0.8,0.768,3.82,2.25,8.01,4.9,Yes,Low,Mid
44,34.0,23,54,0.133,0.052,1,No,0.0,0.6,3.22,3.07,7.38,3.7,Yes,Low,Low
37,30.9,1,72,0.159,0.0056,0,No,7.4,0.753,3.91,3.9,8.89,3.9,No,None,Low
59,80.57,1,0,0.174,0.0632,2,No,1.5,0.374,2.97,5.53,6.43,3.7,No,Low,Low
59,38.24,1,46,0.475,0.0128,0,No,0.6,0.768,3.6,2.93,8.56,6.1,No,None,High
44,183.14,1,32,0.275,0.0608,3,No,1.9,0.79,3.36,4.07,6.16,3.8,No,Medium,Mid
55,82.65,1,63,0.1,0.0752,0,No,0.3,0.307,5.0,1.98,9.75,3.2,Yes,None,Low
55,61.36,14,7,0.253,0.0272,1,No,1.6,0.55,5.0,5.65,9.24,4.4,No,Low,Mid
49,84.73,1,72,0.07,0.0104,0,No,6.2,0.828,3.89,3.5,8.86,3.0,Yes,None,Low
58,37.48,1,1,0.291,0.1176,1,No,2.0,0.821,3.23,5.65,7.17,4.8,No,Low,Mid
34,73.41,18,21,0.233,0.008,0,Yes,3.6,0.948,3.99,5.75,8.96,4.2,No,None,Mid
11,62.92,6,43,0.379,0.0048,0,No,4.8,0.473,3.69,4.65,8.67,5.3,No,None,Mid
35,24.13,9,58,0.489,0.2248,0,No,0.1,0.688,4.13,2.43,8.38,6.3,Yes,None,High
25,81.29,1,59,0.07,0.0704,0,No,3.3,0.466,3.49,3.18,8.26,3.0,Yes,None,Low
29,38.54,15,40,0.127,0.0088,1,No,7.4,0.559,4.48,5.97,8.78,3.7,No,Low,Low
56,142.91,29,24,0.216,0.004,1,No,1.9,0.914,3.46,5.4,7.78,3.7,No,Low,Low
46,73.12,1,15,0.161,0.1664,0,No,3.3,0.381,3.5,5.38,7.95,3.7,No,None,Low
1,18.09,1,0,0.254,0.0592,1,No,6.9,0.255,3.66,7.33,7.8,4.7,No,Low,Mid
37,58.51,10,13,0.786,0.008,1,No,3.6,0.431,2.7,5.88,7.01,8.2,No,Low,Extreme
12,25.51,7,6,0.189,0.1744,0,No,3.0,0.49,2.65,5.93,7.07,4.2,No,None,Low
52,27.55,1,44,0.367,0.0712,1,No,3.2,0.232,5.0,3.9,9.1,5.4,No,Low,Mid
45,92.19,1,38,0.196,0.0264,2,No,2.2,0.828,3.72,3.87,7.3,3.8,No,Low,Low
38,21.71,1,41,0.261,0.0664,2,No,3.9,0.295,3.56,4.28,7.01,4.7,No,Low,Mid
5,59.1,3,32,0.219,0.0608,2,No,5.1,0.769,2.76,5.2,6.22,4.2,No,Low,Low
47,36.14,36,11,0.267,0.0528,2,No,3.7,0.795,3.62,6.88,7.11,4.7,No,Low,Mid
24,91.42,7,8,0.153,0.0408,0,No,2.6,0.515,4.2,5.7,9.06,3.5,No,None,Low
21,22.24,11,24,0.078,0.116,0,No,4.0,0.722,3.9,5.5,8.51,3.4,No,None,Low
1,117.82,1,18,0.404,0.0136,0,No,1.5,0.359,3.77,4.63,8.72,5.1,No,None,Mid
24,45.49,19,4,0.335,0.0096,2,No,2.9,0.72,2.97,6.4,6.6,5.1,No,Low,Mid
20,68.06,1,32,0.383,0.104,0,No,2.8,0.805,4.75,4.37,9.4,5.3,No,None,Mid
57,31.1,15,32,0.148,0.0056,1,Yes,2.4,0.774,4.66,4.7,8.97,3.8,No,Low,Low
16,101.47,1,27,0.471,0.0816,0,No,4.2,0.667,5.0,5.08,9.73,5.7,No,None,High
12,61.54,1,84,0.468,0.0224,1,No,2.5,0.544,4.25,1.67,8.51,5.9,Yes,Low,High
26,49.19,1,7,0.483,0.1056,0,No,4.0,0.782,4.21,6.02,8.86,6.1,No,None,High
6,55.11,4,10,0.147,0.1904,0,No,4.4,0.717,4.22,6.1,8.59,3.7,No,None,Low
58,75.65,1,10,0.179,0.0152,1,No,0.3,0.809,3.91,4.63,8.19,3.8,No,Low,Low
19,84.28,1,1,0.233,0.0056,0,No,3.5,0.24,4.0,6.15,8.98,4.1,No,None,Mid
4,45.13,3,38,0.286,0.136,0,No,5.3,0.392,4.37,4.97,8.92,4.7,No,None,Mid
52,214.68,1,75,0.559,0.0104,0,No,1.5,0.679,3.66,1.78,8.63,5.6,Yes,None,High
5,60.42,3,61,0.137,0.1016,4,No,5.1,0.544,2.01,3.75,4.0,3.6,Yes,Medium,Low
43,54.74,1,12,0.132,0.0984,1,No,4.6,0.537,4.1,5.97,8.11,3.6,No,Low,Low
26,102.82,7,11,0.222,0.0088,0,No,2.5,0.665,5.0,5.52,9.97,3.9,No,None,Low
40,61.25,1,3,0.244,0.0152,3,No,1.9,0.52,2.87,5.52,5.82,4.3,No,Medium,Mid
31,48.4,1,16,0.031,0.0936,2,Yes,0.3,0.585,2.01,4.33,5.36,2.9,No,Low,Low
18,106.98,1,31,0.155,0.0544,2,No,2.6,0.507,4.48,4.35,7.97,3.4,No,Low,Low
9,54.18,3,27,0.233,0.0176,0,No,5.3,0.563,3.66,5.52,8.6,4.3,No,None,Mid
34,32.22,18,37,0.331,0.0672,0,No,2.7,0.424,3.97,4.65,8.75,5.1,No,None,Mid
31,36.3,8,61,0.463,0.0608,0,No,1.1,0.637,5.0,2.58,9.8,6.0,Yes,None,High
39,48.48,10,47,0.053,0.0144,0,No,5.4,0.62,3.75,4.78,8.7,3.1,No,None,Low
17,241.58,5,37,0.513,0.0728,1,No,0.0,0.387,3.42,3.32,7.51,5.1,Yes,Low,High
49,55.74,13,61,0.541,0.1576,2,No,1.3,0.471,3.3,2.82,6.44,6.5,Yes,Low,High
47,33.04,1,4,0.308,0.044,0,Yes,4.9,0.781,4.81,6.47,9.66,5.0,No,None,Mid
49,33.37,13,47,0.215,0.1176,1,No,4.3,0.786,3.32,4.52,7.26,4.3,No,Low,Low
58,46.1,1,68,0.374,0.0672,0,No,6.6,0.785,3.47,3.83,8.25,5.3,Yes,None,Mid
56,249.12,1,56,0.158,0.0072,1,No,2.0,0.169,3.09,2.9,7.4,2.6,Yes,Low,Low
36,196.1,10,36,0.245,0.1056,0,No,0.3,0.278,3.9,3.63,8.55,3.5,No,None,Mid
37,119.25,10,83,0.213,0.076,1,No,7.9,0.455,4.18,3.82,8.26,3.8,Yes,Low,Low
53,80.18,14,58,0.192,0.0416,1,No,2.9,0.562,3.4,3.53,7.59,3.9,Yes,Low,Low
9,60.32,5,78,0.634,0.0272,0,Yes,1.8,0.75,4.98,1.87,9.89,7.1,Yes,None,High
36,46.49,10,103,0.132,0.02,0,No,3.6,0.581,3.76,1.53,8.69,3.6,Yes,None,Low
43,169.6,11,8,0.357,0.092,2,Yes,3.4,0.385,3.28,6.1,6.64,4.5,No,Low,Mid
7,56.05,1,20,0.293,0.0088,0,Yes,0.0,0.788,3.71,4.03,8.68,4.7,No,None,Mid
2,80.19,1,31,0.091,0.0272,1,No,0.2,0.658,4.11,3.55,8.35,3.2,No,Low,Low
2,33.82,1,83,0.486,0.0048,1,No,3.0,0.68,3.11,1.88,7.43,6.2,Yes,Low,High
55,53.05,14,24,0.172,0.0304,1,Yes,4.5,0.849,3.28,5.77,7.51,3.9,No,Low,Low
21,129.27,11,3,0.168,0.0328,1,No,2.9,0.266,3.29,6.18,7.51,3.4,No,Low,Low
41,49.35,1,73,0.314,0.008,0,No,2.3,0.67,3.66,2.15,8.63,4.9,Yes,None,Mid
12,71.95,7,4,0.183,0.02,1,Yes,5.1,0.649,4.02,6.73,8.29,3.8,No,Low,Low
12,40.45,7,11,0.296,0.0296,1,Yes,3.5,0.634,4.43,5.85,8.66,4.8,No,Low,Mid
42,69.33,1,21,0.437,0.0848,1,No,5.7,0.644,5.0,5.88,9.05,5.6,No,Low,Mid
4,43.79,5,49,0.275,0.2752,0,No,1.5,0.852,4.39,3.22,8.47,4.7,No,None,Mid
36,95.68,1,37,0.341,0.1424,1,No,6.5,0.504,4.93,5.35,8.79,4.8,No,Low,Mid
58,124.03,1,35,0.471,0.172,1,No,0.0,0.851,2.49,3.28,6.25,5.6,Yes,Low,High
52,49.34,53,12,0.218,0.0256,1,Yes,2.9,0.402,3.59,7.03,7.84,4.2,No,Low,Low
55,66.27,14,8,0.14,0.04,0,No,7.9,0.876,4.43,7.7,9.3,3.6,No,None,Low
60,98.48,16,20,0.3,0.0288,1,No,4.4,0.659,3.76,6.0,8.0,4.5,No,Low,Mid
39,23.42,1,16,0.078,0.0552,1,No,3.4,0.569,4.64,5.37,8.79,3.4,No,Low,Low
5,66.77,1,23,0.155,0.0088,0,Yes,2.3,0.729,4.48,4.65,9.45,3.7,No,None,Low
55,84.59,14,7,0.246,0.0016,1,No,5.3,0.746,4.47,6.88,8.8,4.2,No,Low,Mid
26,143.16,7,6,0.146,0.072,1,No,6.1,0.529,3.97,6.97,8.06,3.2,No,Low,Low
56,68.42,15,22,0.226,0.1456,1,No,1.7,0.594,3.37,4.97,7.22,4.2,No,Low,Low
32,34.93,41,41,0.145,0.104,0,No,0.0,0.626,3.06,4.32,7.71,3.8,No,None,Low
57,76.71,1,33,0.201,0.0792,0,No,0.5,0.381,4.09,3.55,8.83,3.9,No,None,Low
49,57.97,1,12,0.125,0.0664,0,No,1.9,0.571,4.13,5.07,8.91,3.5,No,None,Low
14,82.89,1,22,0.251,0.22,4,No,5.2,0.413,2.84,5.67,4.44,4.3,No,Medium,Mid
13,151.35,1,13,0.43,0.0208,0,Yes,2.5,0.881,4.04,5.22,8.97,5.1,No,None,Mid
24,79.42,7,47,0.395,0.0968,2,No,0.0,0.121,3.96,2.88,7.3,5.3,Yes,Low,Mid
18,164.58,1,40,0.374,0.056,1,No,3.7,0.819,2.47,4.27,6.62,4.6,No,Low,Mid
13,30.11,4,49,0.396,0.1504,1,No,4.3,0.539,2.53,4.12,6.36,5.6,Yes,Low,Mid
47,47.0,12,94,0.235,0.1304,1,No,6.5,0.638,4.19,2.87,8.09,4.4,Yes,Low,Mid
54,142.53,41,2,0.319,0.0584,1,No,1.1,0.752,3.93,6.63,8.07,4.4,No,Low,Mid
47,107.14,24,10,0.296,0.172,1,Yes,2.0,0.745,3.99,5.97,7.75,4.4,No,Low,Mid
56,64.14,1,79,0.088,0.0256,0,No,2.6,0.583,4.34,1.95,9.25,3.2,Yes,None,Low
32,62.11,9,27,0.222,0.2816,1,No,3.4,0.635,3.08,5.08,6.47,4.2,No,Low,Low
40,83.14,1,22,0.212,0.048,0,No,1.6,0.723,2.29,4.47,7.13,4.0,No,None,Low
24,28.35,1,24,0.194,0.0248,1,No,2.4,0.932,4.53,4.63,8.78,4.2,No,Low,Low
49,117.29,13,16,0.137,0.0184,0,No,4.7,0.698,5.0,6.2,9.94,3.3,No,None,Low
18,38.7,10,7,0.079,0.172,0,Yes,0.1,0.366,4.81,5.02,9.24,3.3,No,None,Low
14,35.6,1,26,0.041,0.0304,0,No,2.2,0.773,2.38,4.47,7.28,3.1,No,None,Low
32,22.52,25,79,0.087,0.0544,1,Yes,4.5,0.323,3.8,3.38,7.95,3.5,Yes,Low,Low
26,117.71,1,38,0.405,0.0488,1,No,0.6,0.479,2.08,3.33,6.25,5.1,Yes,Low,Mid
5,81.64,3,43,0.247,0.0024,0,Yes,2.2,0.64,4.95,3.68,9.94,4.2,No,None,Mid
2,108.06,1,36,0.148,0.0904,3,No,5.3,0.875,5.0,5.0,7.7,3.4,No,Medium,Low
32,353.29,25,8,0.234,0.0408,4,Yes,3.4,0.284,2.82,6.57,5.02,2.5,No,Medium,Mid
2,36.56,1,2,0.261,0.0736,1,No,3.6,0.653,4.2,6.13,8.29,4.6,No,Low,Mid
60,68.88,16,2,0.463,0.1496,1,No,4.9,0.88,3.24,7.07,7.07,5.8,No,Low,High
41,24.04,42,15,0.299,0.0512,0,No,1.5,0.581,3.94,6.15,8.77,4.9,No,None,Mid
7,16.24,2,18,0.414,0.1592,2,No,0.0,0.546,3.7,4.17,6.84,5.8,No,Low,Mid
15,55.4,12,15,0.055,0.0176,1,Yes,3.4,0.342,3.48,5.78,7.75,3.1,No,Low,Low
48,64.58,25,0,0.451,0.0024,1,Yes,3.4,0.647,4.61,6.97,8.94,5.8,No,Low,High
39,39.53,1,2,0.27,0.072,1,No,4.1,0.777,2.49,6.3,6.58,4.7,No,Low,Mid
40,149.88,11,1,0.531,0.1728,1,No,4.5,0.436,3.7,6.82,7.46,5.8,No,Low,High
30,75.39,8,22,0.738,0.0072,0,No,4.0,0.743,4.08,5.5,9.06,7.7,No,None,Extreme
23,108.28,12,49,0.66,0.0032,0,No,2.4,0.301,4.16,3.75,9.15,7.0,No,None,High
27,41.88,1,8,0.318,0.036,1,No,1.6,0.289,3.75,5.17,7.96,5.0,No,Low,Mid
13,101.78,1,8,0.633,0.1128,2,Yes,6.4,0.783,3.62,6.77,6.91,6.8,No,Low,High
28,95.9,1,37,0.045,0.0024,1,No,3.6,0.531,4.42,4.38,8.75,2.7,No,Low,Low
58,88.03,1,66,0.339,0.1016,1,Yes,3.7,0.735,3.15,2.97,7.14,4.8,No,Low,Mid
27,49.61,1,57,0.202,0.1272,2,No,3.5,0.655,4.15,3.35,7.39,4.1,Yes,Low,Low
30,31.12,1,7,0.089,0.0352,0,No,3.0,0.577,4.07,5.68,8.95,3.4,No,None,Low
2,60.18,1,2,0.129,0.0024,1,No,2.0,0.501,4.65,5.6,8.98,3.5,No,Low,Low
30,46.85,8,24,0.391,0.02,1,No,4.5,0.953,3.6,5.57,7.87,5.5,No,Low,Mid
3,138.55,1,125,0.194,0.04,0,Yes,3.8,0.576,3.97,1.3,8.84,3.5,Yes,None,Low
55,105.6,14,45,0.34,0.0048,0,No,2.2,0.631,2.09,3.95,7.07,4.7,No,None,Mid
22,82.95,6,9,0.157,0.1584,0,No,4.3,0.595,3.32,6.18,7.79,3.6,No,None,Low
29,25.65,1,29,0.091,0.108,1,No,1.3,0.655,3.06,4.02,7.03,3.5,No,Low,Low
14,70.17,8,45,0.129,0.0616,0,No,0.0,0.846,4.52,3.02,9.31,3.5,Yes,None,Low
45,31.88,23,3,0.174,0.1264,0,No,3.1,0.795,3.9,6.65,8.48,4.0,No,None,Low
15,99.52,8,18,0.108,0.0552,1,No,1.7,0.575,4.21,4.93,8.36,3.2,No,Low,Low
50,85.31,1,9,0.339,0.0496,1,No,3.9,0.89,3.72,5.88,7.89,4.9,No,Low,Mid
14,54.46,1,64,0.207,0.02,1,No,3.4,0.768,4.28,2.97,8.55,4.1,Yes,Low,Low
49,78.39,50,20,0.068,0.0816,0,Yes,0.1,0.912,4.01,5.7,8.74,3.0,No,None,Low
34,23.86,1,76,0.564,0.0216,0,No,0.0,0.032,5.0,1.23,9.93,6.8,Yes,None,High
48,51.77,1,33,0.102,0.044,1,No,4.4,0.474,5.0,4.85,9.19,3.4,No,Low,Low
3,50.88,1,30,0.168,0.056,0,No,1.2,0.699,2.15,3.93,6.96,3.9,No,None,Low
44,57.74,12,8,0.463,0.0144,1,No,3.5,0.631,3.72,6.17,8.01,5.9,No,Low,High
17,41.0,1,18,0.298,0.0296,0,No,0.0,0.697,4.96,4.13,9.86,4.8,No,None,Mid
48,299.61,1,4,0.306,0.0128,0,No,5.5,0.653,5.0,6.67,9.96,3.3,No,None,Mid
35,54.04,1,15,0.215,0.2936,1,No,4.8,0.603,4.59,5.88,7.94,4.2,No,Low,Low
49,202.26,13,136,0.133,0.0456,0,No,5.2,0.656,2.51,2.17,7.36,2.7,Yes,None,Low
33,66.99,9,54,0.068,0.0864,1,No,3.6,0.809,3.33,3.8,7.38,3.1,Yes,Low,Low
37,180.5,10,1,0.402,0.0336,0,No,5.2,0.934,5.0,7.02,9.89,4.7,No,None,Mid
33,48.94,1,22,0.077,0.1688,3,No,2.9,0.194,2.74,4.9,5.18,3.2,No,Medium,Low
48,56.93,1,106,0.237,0.0568,2,Yes,5.4,0.591,1.79,1.83,5.27,4.3,Yes,Low,Mid
23,21.64,1,5,0.345,0.0248,0,No,3.3,0.502,5.0,5.88,9.92,5.3,No,None,Mid
55,36.54,1,15,0.308,0.032,0,No,0.0,0.622,4.47,4.28,9.36,4.9,No,None,Mid
28,41.94,8,14,0.213,0.032,1,No,1.7,0.752,4.38,5.13,8.61,4.2,No,Low,Low
17,111.88,1,9,0.157,0.1624,2,No,4.8,0.645,3.41,6.18,6.54,3.4,No,Low,Low
12,54.01,4,26,0.348,0.0632,0,No,2.5,0.598,5.0,4.67,9.79,5.1,No,None,Mid
58,25.66,59,59,0.419,0.2368,0,Yes,6.1,0.678,5.0,5.75,9.21,5.8,No,None,Mid
9,69.62,3,19,0.242,0.0504,0,No,3.6,0.52,1.97,5.35,6.8,4.3,No,None,Mid
9,164.24,7,90,0.129,0.0448,1,No,2.7,0.827,4.62,1.63,8.8,2.9,Yes,Low,Low
11,247.28,1,4,0.895,0.0456,1,Yes,2.0,0.656,5.0,5.5,9.18,7.8,No,Low,Extreme
30,120.26,16,1,0.323,0.0984,0,No,0.0,0.615,4.43,5.48,9.1,4.5,No,None,Mid
18,98.48,1,1,0.005,0.124,1,No,3.7,0.362,2.72,6.22,6.64,2.4,No,Low,Low
48,168.57,25,30,0.253,0.1248,1,Yes,1.2,0.701,3.5,4.73,7.42,3.8,No,Low,Mid
17,105.12,1,27,0.273,0.0528,0,No,2.6,0.588,5.0,4.55,9.82,4.3,No,None,Mid
18,52.59,1,8,0.619,0.0352,0,No,3.3,0.81,5.0,5.73,9.88,7.0,No,None,High
58,98.65,1,17,0.021,0.0576,3,No,1.9,0.518,2.98,4.82,5.79,2.6,No,Medium,Low
47,90.84,36,62,0.276,0.2792,1,No,2.4,0.864,3.57,3.9,6.97,4.4,Yes,Low,Mid
37,43.85,19,61,0.212,0.0536,1,No,1.5,0.777,3.91,3.08,8.06,4.2,Yes,Low,Low
14,85.44,1,59,0.267,0.012,0,No,3.7,0.666,4.72,3.32,9.68,4.4,No,None,Mid
15,33.34,1,52,0.444,0.3168,1,No,4.5,0.631,3.82,3.93,7.1,5.9,No,Low,Mid
1,134.22,1,9,0.287,0.0576,1,No,2.1,0.625,4.68,5.28,8.82,4.2,No,Low,Mid
8,55.88,3,81,0.298,0.064,0,No,2.2,0.304,3.87,1.78,8.66,4.8,Yes,None,Mid
11,85.56,6,14,0.241,0.08,1,No,0.1,0.193,3.86,4.53,7.93,4.2,No,Low,Mid
47,86.39,1,17,0.19,0.1072,3,No,0.0,0.694,3.38,4.18,6.02,3.8,No,Medium,Low
28,93.03,1,8,0.427,0.1392,0,No,3.0,0.42,3.21,5.63,7.75,5.4,No,None,Mid
33,132.63,17,21,0.598,0.0176,0,No,0.6,0.735,3.84,4.72,8.78,6.4,No,None,High
37,134.77,1,4,0.514,0.0032,1,No,2.3,0.625,3.42,5.6,7.74,5.8,No,Low,High
10,72.48,6,18,0.374,0.0432,1,No,1.0,0.66,2.07,4.63,6.26,5.2,No,Low,Mid
55,32.04,14,51,0.319,0.0296,0,No,5.4,0.314,4.04,4.72,8.94,5.0,No,None,Mid
49,119.41,1,8,0.203,0.0016,1,Yes,5.4,0.469,3.7,6.43,8.03,3.7,No,Low,Low
51,21.5,26,59,0.031,0.1104,2,Yes,5.7,0.137,3.57,4.82,6.87,3.1,No,Low,Low
4,74.38,1,5,0.095,0.0264,2,No,1.6,0.849,3.64,5.32,7.22,3.2,No,Low,Low
21,134.32,11,1,0.301,0.04,0,Yes,3.9,0.402,4.86,6.62,9.73,4.3,No,None,Mid
14,60.47,4,6,0.412,0.0784,1,No,5.5,0.721,5.0,6.67,9.07,5.5,No,Low,Mid
16,39.82,13,49,0.753,0.0592,0,No,2.4,0.659,3.45,3.78,8.25,8.0,No,None,Extreme
49,147.22,13,2,0.216,0.036,3,No,5.2,0.413,3.7,7.07,6.58,3.6,No,Medium,Low
9,40.94,1,8,0.128,0.0168,1,No,3.1,0.477,4.35,5.67,8.63,3.7,No,Low,Low
41,44.0,11,33,0.181,0.0016,0,No,4.8,0.815,4.62,5.32,9.61,4.0,No,None,Low
41,65.26,11,39,0.626,0.0048,0,No,1.8,0.262,3.25,4.02,8.23,7.0,No,None,High
47,41.23,24,51,0.355,0.0328,1,No,4.8,0.757,3.15,4.85,7.37,5.2,No,Low,Mid
2,113.06,1,10,0.427,0.0664,4,No,3.4,0.186,2.96,5.67,5.07,5.3,No,Medium,Mid
31,68.38,1,6,0.003,0.0224,0,No,1.7,0.505,4.41,5.3,9.34,2.6,No,None,Low
33,21.94,1,12,0.409,0.044,1,No,0.0,0.497,4.1,4.43,8.29,5.7,No,Low,Mid
48,110.07,1,72,0.106,0.0552,0,Yes,2.9,0.852,4.65,2.4,9.47,3.1,No,None,Low
54,78.81,1,10,0.228,0.0296,0,No,5.1,0.679,4.39,6.23,9.29,4.1,No,None,Mid
50,102.28,13,8,0.659,0.1128,0,No,0.0,0.316,4.08,5.03,8.7,7.0,No,None,High
37,73.35,19,55,0.605,0.024,1,No,5.2,0.537,3.33,4.62,7.58,6.8,No,Low,High
13,111.41,4,29,0.207,0.0008,0,No,5.5,0.506,4.4,5.52,9.4,3.8,No,None,Low
25,52.8,13,50,0.054,0.0728,0,No,6.2,0.621,3.38,5.0,8.14,3.1,No,None,Low
2,42.18,1,22,0.319,0.1328,1,No,1.8,0.582,4.31,4.53,8.2,5.0,No,Low,Mid
34,47.83,1,21,0.054,0.028,2,Yes,4.7,0.629,3.61,5.55,7.18,3.1,No,Low,Low
31,89.17,8,4,0.322,0.024,2,No,1.6,0.608,5.0,5.6,8.59,4.7,No,Low,Mid
40,91.43,11,16,0.599,0.0904,1,No,3.4,0.541,2.21,5.7,6.24,6.6,No,Low,High
42,92.51,1,0,0.034,0.0168,1,No,4.0,0.756,4.62,6.37,8.9,2.7,No,Low,Low
53,195.25,14,10,0.262,0.0456,0,Yes,1.3,0.272,3.22,5.4,8.07,3.7,No,None,Mid
45,26.94,23,9,0.124,0.0248,0,No,3.2,0.729,4.88,6.38,9.8,3.7,No,None,Low
28,76.89,8,25,0.163,0.0472,0,No,5.1,0.25,4.07,5.72,8.91,3.7,No,None,Low
29,53.37,1,33,0.184,0.0264,2,No,4.1,0.274,3.6,4.75,7.18,4.0,No,Low,Low
46,47.91,1,120,0.058,0.004,0,No,1.8,0.809,3.35,1.0,8.34,3.1,Yes,None,Low
30,77.0,31,52,0.276,0.0744,1,No,3.4,0.433,3.51,4.57,7.6,4.5,No,Low,Mid
59,66.15,15,26,0.136,0.1592,1,No,2.9,0.817,3.39,5.17,7.19,3.6,No,Low,Low
49,81.19,25,25,0.089,0.1632,2,No,1.2,0.515,3.0,4.98,6.12,3.1,No,Low,Low
33,39.17,9,1,0.07,0.0232,0,No,4.0,0.305,3.76,6.58,8.68,3.3,No,None,Low
18,21.04,19,2,0.216,0.0448,1,Yes,5.8,0.801,3.28,7.47,7.46,4.4,No,Low,Low
9,57.02,1,74,0.254,0.0816,0,No,3.3,0.335,5.0,2.43,9.73,4.4,Yes,None,Mid
46,48.25,1,7,0.585,0.2048,2,Yes,4.0,0.462,4.2,6.02,7.18,6.8,No,Low,High
54,78.87,14,34,0.133,0.0728,0,No,3.2,0.42,4.13,4.83,8.89,3.5,No,None,Low
36,88.0,19,28,0.127,0.0632,0,No,3.3,0.359,3.47,5.33,8.26,3.4,No,None,Low
51,58.65,39,14,0.36,0.092,2,No,2.1,0.222,3.0,6.3,6.36,5.2,No,Low,Mid
39,67.8,20,15,0.292,0.104,2,No,4.0,0.552,4.76,6.25,8.08,4.6,No,Low,Mid
35,218.02,1,47,0.398,0.208,1,No,2.2,0.656,4.03,3.42,7.67,4.5,No,Low,Mid
28,37.52,8,36,0.309,0.024,0,No,3.6,0.821,3.02,4.67,7.94,4.9,No,None,Mid
56,277.35,1,29,0.275,0.0176,1,No,4.9,0.635,4.57,5.22,8.84,3.3,No,Low,Mid
29,280.15,8,7,0.686,0.0624,0,No,0.2,0.334,3.34,4.98,8.13,6.1,No,None,Extreme
9,115.63,1,1,0.432,0.1144,0,No,0.0,0.522,3.81,4.98,8.43,5.3,No,None,Mid
13,152.09,4,16,0.352,0.1784,1,No,1.3,0.503,3.86,4.77,7.6,4.6,No,Low,Mid
13,24.97,1,18,0.52,0.1704,4,Yes,4.4,0.751,4.59,5.6,6.36,6.5,No,Medium,High
38,43.28,1,11,0.106,0.028,0,No,2.1,0.811,3.87,5.18,8.78,3.5,No,None,Low
35,96.48,1,107,0.31,0.0032,1,No,6.0,0.769,4.71,2.03,9.03,4.6,Yes,Low,Mid
52,51.13,27,62,0.156,0.0824,2,Yes,2.9,0.582,3.77,3.77,7.16,3.8,No,Low,Low
27,70.72,1,64,0.159,0.0264,0,No,1.9,0.338,5.0,2.47,9.91,3.7,Yes,None,Low
31,25.84,8,39,0.546,0.1568,3,No,0.7,0.726,4.32,3.55,6.8,6.7,Yes,Medium,High
58,52.38,30,6,0.078,0.1224,2,No,3.0,0.825,2.83,6.7,6.09,3.2,No,Low,Low
59,13.57,1,12,0.609,0.1672,3,No,0.3,0.514,2.87,4.53,5.31,7.2,No,Medium,High
55,52.21,1,24,0.585,0.1664,0,No,0.4,0.322,3.76,3.97,8.21,6.8,No,None,High
13,146.48,1,81,0.18,0.0928,2,No,4.4,0.479,3.77,2.45,7.13,3.4,Yes,Low,Low
20,40.55,6,3,0.449,0.0992,0,Yes,0.5,0.845,5.0,5.22,9.67,5.9,No,None,Mid
38,77.58,1,3,0.342,0.0696,0,No,2.5,0.597,4.28,5.72,9.05,4.9,No,None,Mid
28,176.12,15,13,0.064,0.0248,0,No,0.7,0.326,5.0,5.08,9.92,2.4,No,None,Low
41,22.82,11,27,0.104,0.1056,1,No,4.0,0.79,3.39,5.35,7.37,3.6,No,Low,Low
39,90.33,30,85,0.163,0.1384,0,Yes,2.0,0.867,3.38,2.42,7.92,3.6,Yes,None,Low
58,76.24,15,21,0.034,0.04,0,No,5.1,0.958,4.21,6.15,9.08,2.8,No,None,Low
42,55.46,1,1,0.192,0.0328,1,No,2.9,0.742,5.0,5.95,9.22,4.0,No,Low,Low
40,139.55,1,80,0.287,0.0744,0,No,2.4,0.516,5.0,1.83,9.75,4.2,Yes,None,Mid
10,157.97,8,34,0.688,0.0184,1,Yes,0.0,0.329,4.28,3.57,8.55,6.9,No,Low,Extreme
37,75.81,10,42,0.333,0.1048,1,No,4.0,0.557,4.52,4.57,8.5,4.9,No,Low,Mid
1,68.92,1,4,0.416,0.0632,1,No,1.8,0.891,4.78,5.43,8.9,5.5,No,Low,Mid
2,63.91,1,17,0.306,0.0256,1,Yes,0.0,0.438,3.3,4.18,7.55,4.8,No,Low,Mid
1,110.6,1,41,0.119,0.1344,1,No,3.0,0.766,3.17,3.98,7.06,3.2,Yes,Low,Low
56,130.75,1,2,0.242,0.0392,0,No,1.3,0.74,3.66,5.37,8.53,3.9,No,None,Mid
27,136.7,1,95,0.268,0.2424,0,No,2.8,0.68,4.37,1.22,8.56,4.1,Yes,None,Mid
34,116.25,1,5,0.27,0.0136,2,No,4.5,0.913,3.69,6.28,7.31,4.2,No,Low,Mid
15,76.21,4,6,0.279,0.0168,2,No,6.1,0.756,2.48,6.87,6.09,4.5,No,Low,Mid
59,41.85,15,1,0.037,0.108,1,Yes,4.5,0.958,3.76,6.95,7.73,3.0,No,Low,Low
25,64.62,1,20,0.305,0.0904,3,No,0.9,0.36,4.73,4.33,7.43,4.7,No,Medium,Mid
52,88.24,53,12,0.273,0.0296,0,Yes,1.7,0.79,3.64,6.63,8.54,4.4,No,None,Mid
36,90.79,1,51,0.13,0.1424,1,No,2.9,0.4,2.97,3.45,6.83,3.4,Yes,Low,Low
36,130.04,19,17,0.273,0.0832,1,Yes,7.0,0.661,4.38,7.12,8.44,4.1,No,Low,Mid
30,25.19,16,27,0.212,0.0256,1,No,6.8,0.131,4.28,6.45,8.53,4.3,No,Low,Low
3,153.67,1,27,0.216,0.1952,2,No,0.8,0.15,2.64,3.95,5.66,3.6,No,Low,Low
53,37.53,14,80,0.179,0.1896,3,No,4.7,0.453,4.95,3.03,7.32,4.0,Yes,Medium,Low
4,403.49,4,40,0.187,0.0152,1,No,4.2,0.863,3.65,4.53,7.93,1.9,No,Low,Low
46,114.05,12,17,0.752,0.1232,2,No,0.5,0.696,4.58,4.72,7.84,7.6,No,Low,Extreme
5,191.71,3,13,0.209,0.008,0,No,0.7,0.701,5.0,4.68,9.97,3.3,No,None,Low
36,25.08,1,4,0.39,0.032,0,No,5.9,0.603,3.34,6.8,8.23,5.6,No,None,Mid
11,58.81,1,3,0.363,0.0568,0,No,2.5,0.69,3.07,5.72,7.88,5.2,No,None,Mid
24,48.57,7,2,0.25,0.0968,1,No,0.5,0.831,4.42,5.3,8.43,4.5,No,Low,Mid
3,72.23,1,41,0.52,0.0072,0,No,2.6,0.52,4.64,3.85,9.62,6.2,No,None,High
34,75.49,9,8,0.313,0.0512,1,No,0.0,0.328,2.67,4.9,6.83,4.7,No,Low,Mid
48,20.11,37,2,0.335,0.0432,2,Yes,6.0,0.663,2.52,8.13,6.04,5.2,No,Low,Mid
7,28.71,2,6,0.577,0.1016,2,No,1.2,0.335,3.0,5.17,6.33,6.9,No,Low,High
11,142.97,3,22,0.294,0.0296,0,No,6.2,0.535,4.91,6.07,9.81,4.2,No,None,Mid
51,52.12,26,54,0.287,0.0688,0,No,2.5,0.812,4.05,4.0,8.82,4.7,No,None,Mid
50,19.31,13,27,0.089,0.1088,0,No,5.5,0.898,3.52,5.92,8.16,3.5,No,None,Low
12,51.57,7,22,0.454,0.0576,1,No,3.0,0.86,3.54,5.13,7.68,5.9,No,Low,High
24,21.22,7,18,0.155,0.1088,1,No,3.3,0.666,3.97,5.43,7.94,4.0,No,Low,Low
59,35.11,1,20,0.443,0.1936,0,No,1.1,0.337,3.89,4.4,8.24,5.9,No,None,Mid
19,32.62,5,8,0.423,0.1336,1,No,2.2,0.462,3.26,5.5,7.15,5.8,No,Low,Mid
8,48.91,1,12,0.222,0.1672,1,No,1.8,0.268,3.11,5.03,6.89,4.3,No,Low,Low
5,82.69,1,6,0.227,0.108,0,Yes,2.7,0.182,5.0,5.63,9.64,4.1,No,None,Mid
1,143.12,1,39,0.252,0.2008,0,No,3.7,0.395,4.62,4.32,8.95,3.9,No,None,Mid
59,23.86,15,20,0.194,0.0216,1,No,1.7,0.401,5.0,5.07,9.26,4.2,No,Low,Low
31,206.11,16,36,0.075,0.064,1,No,3.1,0.7,3.09,4.77,7.21,2.3,No,Low,Low
1,69.04,1,36,0.196,0.064,2,No,0.0,0.674,3.33,3.23,6.78,4.0,Yes,Low,Low
20,54.4,6,9,0.3,0.0784,1,No,4.1,0.541,4.03,6.12,8.1,4.8,No,Low,Mid
56,39.29,1,84,0.139,0.0048,0,No,2.6,0.728,5.0,1.7,9.98,3.7,Yes,None,Low
26,201.01,14,13,0.105,0.0888,1,Yes,6.0,0.749,3.27,6.82,7.31,2.5,No,Low,Low
20,181.37,11,4,0.218,0.0048,0,No,4.6,0.437,2.57,6.7,7.55,3.4,No,None,Low
53,26.4,40,0,0.377,0.0536,0,No,1.7,0.142,4.36,6.9,9.18,5.5,No,None,Mid
51,82.06,1,24,0.349,0.044,1,No,3.5,0.274,3.92,5.0,8.11,5.0,No,Low,Mid
32,73.98,1,18,0.393,0.0528,0,Yes,2.7,0.69,3.74,5.03,8.56,5.3,No,None,Mid
60,53.4,1,8,0.303,0.0648,0,No,1.7,0.475,4.4,5.2,9.18,4.8,No,None,Mid
46,44.59,24,22,0.21,0.0424,0,No,2.3,0.836,3.77,5.47,8.63,4.2,No,None,Low
58,38.7,1,15,0.129,0.0736,0,No,5.3,0.757,4.24,6.05,8.99,3.7,No,None,Low
25,125.2,7,0,0.134,0.1256,0,No,6.5,0.581,3.04,7.4,7.62,3.2,No,None,Low
47,79.79,48,24,0.259,0.0128,2,Yes,2.4,0.683,3.6,6.2,7.22,4.3,No,Low,Mid
48,40.55,1,49,0.265,0.0136,0,Yes,2.4,0.87,3.86,3.38,8.81,4.6,No,None,Mid
30,135.35,8,3,0.414,0.18,1,No,2.6,0.902,4.07,5.98,7.8,5.1,No,Low,Mid
60,72.92,1,0,0.262,0.0584,4,Yes,2.6,0.46,1.0,5.9,3.14,4.4,No,Medium,Mid
24,101.68,13,56,0.468,0.1952,5,No,1.0,0.482,1.47,2.97,2.49,5.7,Yes,Medium,High
19,55.52,5,10,0.252,0.0376,1,No,2.2,0.72,3.38,5.4,7.59,4.4,No,Low,Mid
19,91.65,5,10,0.099,0.032,1,Yes,3.4,0.301,3.77,5.8,8.0,3.1,No,Low,Low
22,62.35,1,12,0.21,0.0096,1,No,2.4,0.364,4.01,5.23,8.31,4.1,No,Low,Low
23,57.3,6,20,0.2,0.1192,0,No,0.0,0.597,3.95,4.2,8.55,4.1,No,None,Low
21,357.46,1,42,0.033,0.064,0,No,3.9,0.718,3.79,4.23,8.58,1.1,No,None,Low
47,85.98,1,7,0.08,0.048,0,No,9.6,0.559,3.68,7.88,8.52,3.0,No,None,Low
45,52.14,1,45,0.278,0.128,2,No,0.9,0.648,3.42,3.08,6.66,4.6,No,Low,Mid
32,115.88,17,13,0.502,0.0144,1,Yes,4.2,0.316,3.21,6.32,7.5,5.8,No,Low,High
30,42.18,8,18,0.104,0.0496,0,No,3.6,0.636,4.42,5.57,9.25,3.5,No,None,Low
17,113.29,5,23,0.302,0.0432,1,No,1.2,0.793,4.58,4.42,8.77,4.4,No,Low,Mid
38,32.96,1,82,0.312,0.12,0,No,1.4,0.23,4.09,1.4,8.69,5.0,Yes,None,Mid
59,226.82,15,12,0.213,0.06,0,Yes,6.3,0.424,2.12,7.0,6.92,3.1,No,None,Low
41,12.55,1,17,0.236,0.016,0,No,2.8,0.83,4.12,5.12,9.07,4.6,No,None,Mid
1,75.54,1,6,0.157,0.0512,1,No,3.1,0.79,4.17,5.77,8.33,3.6,No,Low,Low
22,67.04,12,94,0.356,0.0216,1,No,0.0,0.31,4.68,1.0,8.94,5.1,Yes,Low,Mid
20,110.79,1,9,0.146,0.1568,2,No,4.5,0.505,2.48,6.08,5.62,3.4,No,Low,Low
26,145.01,1,65,0.479,0.0096,0,No,4.8,0.761,3.83,3.38,8.8,5.5,No,None,High
42,28.69,1,28,0.162,0.2072,1,No,2.7,0.78,3.58,4.53,7.22,4.0,No,Low,Low
52,59.75,14,6,0.411,0.0224,2,No,1.4,0.843,3.45,5.63,7.04,5.5,No,Low,Mid
15,84.84,12,38,0.162,0.12,1,No,5.0,0.521,3.75,5.17,7.68,3.6,No,Low,Low
41,47.86,1,41,0.208,0.0568,0,No,0.9,0.479,5.0,3.28,9.81,4.2,No,None,Low
60,71.98,31,44,0.188,0.1216,2,Yes,1.7,0.76,3.07,4.4,6.33,3.9,No,Low,Low
10,67.99,3,6,0.391,0.052,4,No,2.6,0.733,3.39,5.67,5.55,5.3,No,Medium,Mid
60,47.14,16,7,0.241,0.0992,0,No,3.0,0.32,4.18,6.18,8.85,4.4,No,None,Mid
51,44.85,1,1,0.338,0.036,3,No,3.5,0.54,2.23,6.15,5.11,5.1,No,Medium,Mid
60,66.79,46,115,0.293,0.0664,1,No,0.0,0.667,2.04,1.53,6.15,4.7,Yes,Low,Mid
55,158.75,14,1,0.708,0.0144,0,Yes,0.9,0.678,2.14,5.72,7.09,7.0,No,None,Extreme
23,30.47,1,5,0.056,0.2096,1,No,0.0,0.231,3.09,4.78,6.72,3.2,No,Low,Low
57,91.18,15,56,0.089,0.0888,1,No,1.2,0.453,3.25,3.1,7.29,3.1,Yes,Low,Low
41,44.08,21,10,0.44,0.1256,1,Yes,7.8,0.77,4.03,7.8,7.94,5.8,No,Low,Mid
40,52.97,31,14,0.197,0.0688,1,Yes,2.3,0.692,3.45,6.1,7.55,4.1,No,Low,Low
9,56.75,1,15,0.237,0.1768,1,No,1.2,0.337,5.0,4.68,8.74,4.3,No,Low,Mid
14,23.98,1,16,0.195,0.0496,0,No,4.1,0.611,4.97,5.6,9.8,4.2,No,None,Low
49,48.21,13,18,0.415,0.0312,0,No,2.9,0.577,4.45,5.5,9.35,5.6,No,None,Mid
13,69.34,1,29,0.282,0.0696,1,No,2.7,0.282,3.16,4.48,7.26,4.6,No,Low,Mid
8,23.41,1,91,0.314,0.0576,1,No,0.4,0.541,4.63,1.0,8.77,5.1,Yes,Low,Mid
19,76.79,5,73,0.341,0.0488,1,No,1.8,0.317,4.58,2.12,8.75,4.9,Yes,Low,Mid
30,63.81,23,18,0.281,0.04,1,Yes,2.2,0.665,3.63,5.6,7.83,4.6,No,Low,Mid
52,115.48,1,2,0.224,0.0712,0,No,4.9,0.248,5.0,6.57,9.76,3.9,No,None,Low
28,97.34,8,62,0.204,0.0288,0,No,7.3,0.733,3.7,4.6,8.6,3.8,No,None,Low
27,29.5,1,25,0.008,0.0016,1,No,4.0,0.638,2.5,5.12,6.83,2.9,No,Low,Low
7,93.73,2,7,0.273,0.1232,0,No,4.0,0.204,4.55,6.05,9.14,4.3,No,None,Mid
44,71.87,23,18,0.073,0.096,0,Yes,3.9,0.209,5.0,6.17,9.68,3.1,No,None,Low
42,58.2,1,13,0.208,0.0648,0,Yes,3.5,0.77,4.59,5.55,9.37,4.1,No,None,Low
44,44.47,12,1,0.219,0.0656,1,Yes,2.0,0.679,3.8,6.02,7.91,4.3,No,Low,Low
26,33.96,14,55,0.26,0.0776,0,Yes,1.7,0.768,4.68,3.28,9.42,4.6,No,None,Mid
3,76.52,2,46,0.166,0.036,0,No,3.4,0.713,4.42,3.9,9.3,3.7,No,None,Low
5,46.31,1,41,0.294,0.2048,1,No,0.0,0.892,4.21,2.98,7.86,4.8,No,Low,Mid
50,45.86,13,49,0.227,0.2896,2,No,1.9,0.447,3.84,3.62,6.54,4.3,Yes,Low,Mid
60,26.92,16,56,0.184,0.1112,0,Yes,1.5,0.658,4.6,3.23,9.23,4.1,No,None,Low
52,107.8,14,33,0.092,0.0832,2,Yes,0.7,0.675,4.0,4.05,7.39,3.0,No,Low,Low
50,42.43,26,38,0.391,0.1304,1,No,5.5,0.968,3.18,5.8,7.08,5.5,No,Low,Mid
20,101.71,1,220,0.451,0.0432,1,No,1.7,0.475,3.23,1.0,7.42,5.5,Yes,Low,High
29,133.89,15,52,0.14,0.1296,1,No,0.0,0.919,3.85,2.9,7.75,3.2,No,Low,Low
45,48.76,1,1,0.155,0.0888,1,No,2.2,0.618,3.45,5.72,7.49,3.8,No,Low,Low
19,156.97,5,23,0.225,0.1016,0,Yes,4.8,0.681,5.0,5.62,9.66,3.6,No,None,Low
25,179.09,13,8,0.034,0.0208,0,No,6.8,0.571,3.88,7.3,8.81,2.2,No,None,Low
13,79.98,7,34,0.234,0.2672,1,No,0.7,0.855,4.17,3.77,7.61,4.2,No,Low,Mid
15,151.37,4,35,0.23,0.0144,0,No,5.3,0.199,3.75,5.15,8.7,3.7,No,None,Mid
24,34.22,13,13,0.318,0.1232,1,No,5.6,0.551,3.64,6.65,7.56,5.0,No,Low,Mid
58,282.3,30,44,0.164,0.084,0,No,2.2,0.267,3.66,4.53,8.38,2.5,No,None,Low
12,128.6,7,13,0.536,0.0664,2,No,4.3,0.773,3.62,6.02,7.07,6.0,No,Low,High
57,51.97,15,7,0.309,0.0896,0,No,0.7,0.791,3.9,5.38,8.6,4.9,No,None,Mid
50,107.29,13,5,0.117,0.1536,2,No,3.7,0.748,4.09,6.42,7.24,3.2,No,Low,Low
57,55.29,1,7,0.234,0.0256,2,No,3.4,0.651,4.15,5.82,7.73,4.3,No,Low,Mid
49,45.09,13,2,0.533,0.0312,0,No,4.2,0.168,5.0,6.73,9.9,6.5,No,None,High
9,45.7,1,63,0.431,0.0064,3,No,2.2,0.764,2.13,2.62,5.11,5.7,Yes,Medium,Mid
21,243.65,6,90,0.052,0.1808,2,No,6.5,0.547,3.19,2.87,6.25,1.9,Yes,Low,Low
60,139.72,16,13,0.172,0.004,0,Yes,3.7,0.901,3.92,6.12,8.91,3.4,No,None,Low
57,40.41,15,69,0.054,0.0352,3,No,4.3,0.507,2.65,3.48,5.53,3.1,Yes,Medium,Low
57,51.3,43,41,0.434,0.0816,0,Yes,3.0,0.553,4.31,5.38,9.04,5.7,No,None,Mid
43,71.73,1,7,0.517,0.0392,1,No,2.9,0.641,4.91,5.65,9.11,6.2,No,Low,High
16,38.88,9,11,0.404,0.14,0,No,3.1,0.352,3.72,5.78,8.25,5.6,No,None,Mid
20,47.84,11,0,0.217,0.0328,0,No,2.3,0.744,2.16,6.13,7.05,4.2,No,None,Low
40,85.03,21,21,0.393,0.0176,3,Yes,0.0,0.803,3.5,4.65,6.44,5.2,No,Medium,Mid
45,139.01,23,13,0.473,0.0448,1,Yes,6.9,0.425,4.21,7.42,8.39,5.5,No,Low,High
28,54.07,8,94,0.206,0.0376,1,No,0.6,0.347,3.72,1.0,7.93,4.1,Yes,Low,Low
38,16.71,20,55,0.18,0.0928,2,Yes,0.0,0.559,3.38,2.92,6.74,4.2,Yes,Low,Low
13,126.41,1,39,0.297,0.0168,4,No,3.2,0.259,2.84,4.15,5.12,4.3,Yes,Medium,Mid
38,295.2,1,10,0.231,0.0112,0,No,2.6,0.794,5.0,5.4,9.96,2.8,No,None,Mid
9,37.32,7,16,0.293,0.0728,1,No,3.2,0.594,3.86,5.5,7.95,4.8,No,Low,Mid
60,84.14,61,23,0.211,0.0352,0,Yes,0.0,0.615,2.98,5.52,7.86,4.0,No,None,Low
29,103.15,1,64,0.466,0.0048,1,No,5.6,0.832,4.78,3.7,9.1,5.6,No,Low,High
28,42.61,8,32,0.106,0.0176,0,Yes,7.9,0.639,5.0,6.3,9.94,3.5,No,None,Low
18,100.58,1,2,0.405,0.1368,1,No,4.0,0.8,2.18,6.27,6.06,5.2,No,Low,Mid
44,70.92,1,24,0.552,0.0768,0,No,3.9,0.461,3.87,5.13,8.61,6.4,No,None,High
59,62.0,15,23,0.535,0.1208,1,No,0.0,0.214,4.49,4.35,8.42,6.4,No,Low,High
19,76.86,1,64,0.322,0.0744,0,No,2.3,0.194,3.14,2.6,7.89,4.8,Yes,None,Mid
45,78.0,1,73,0.232,0.0984,0,Yes,4.4,0.323,4.27,2.85,8.94,4.2,No,None,Mid
51,11.54,1,104,0.491,0.088,4,No,1.7,0.725,3.32,1.0,5.36,6.4,Yes,Medium,High
47,69.0,1,17,0.317,0.0008,1,No,5.7,0.671,2.88,6.08,7.21,4.8,No,Low,Mid
23,181.93,1,41,0.201,0.0552,1,No,3.6,0.402,3.69,4.18,7.84,3.3,No,Low,Low
21,47.58,1,90,0.182,0.0136,0,No,1.6,0.547,5.0,1.07,9.95,4.0,Yes,None,Low
33,96.63,9,42,0.142,0.0328,1,No,3.8,0.556,5.0,4.47,9.22,3.4,No,Low,Low
24,50.91,19,44,0.541,0.1168,0,No,3.9,0.302,3.5,4.73,8.11,6.5,No,None,High
5,115.16,1,32,0.058,0.1016,0,No,3.2,0.457,3.36,4.5,8.02,2.7,No,None,Low
36,31.86,10,12,0.574,0.0112,0,No,2.3,0.897,4.46,5.5,9.42,6.8,No,None,High
32,46.74,17,11,0.1,0.0352,1,No,2.0,0.758,3.42,5.68,7.64,3.4,No,Low,Low
20,25.47,1,2,0.124,0.0888,2,No,2.8,0.42,4.74,5.87,8.11,3.7,No,Low,Low
34,121.82,9,20,0.445,0.0944,2,No,2.8,0.72,3.62,5.23,6.97,5.4,No,Low,Mid
17,141.34,1,6,0.45,0.0608,0,No,2.5,0.736,5.0,5.57,9.8,5.3,No,None,High
11,25.33,3,43,0.317,0.0104,0,No,3.9,0.658,5.0,4.25,9.97,5.1,No,None,Mid
54,104.25,1,28,0.237,0.0464,1,No,2.1,0.59,2.05,4.33,6.23,4.0,No,Low,Mid
3,141.62,1,77,0.478,0.008,2,Yes,4.8,0.444,4.64,2.78,8.28,5.5,Yes,Low,High
47,61.03,12,5,0.531,0.3096,3,No,3.9,0.912,2.35,6.45,4.32,6.4,No,Medium,High
41,19.59,11,13,0.242,0.0552,1,Yes,2.7,0.708,5.0,5.62,9.15,4.6,No,Low,Mid
36,147.52,1,70,0.267,0.0688,1,No,1.2,0.326,5.0,1.93,9.1,4.0,Yes,Low,Mid
45,97.25,1,45,0.318,0.1776,0,No,0.2,0.641,2.99,2.85,7.4,4.6,No,None,Mid
46,35.26,1,20,0.068,0.0048,1,No,5.4,0.538,3.95,5.83,8.27,3.3,No,Low,Low
50,19.0,13,5,0.374,0.0768,0,No,1.5,0.604,4.67,5.68,9.41,5.5,No,None,Mid
20,42.1,11,5,0.283,0.0824,0,No,3.2,0.903,3.63,6.18,8.36,4.7,No,None,Mid
52,93.88,1,50,0.202,0.0368,1,No,0.7,0.874,5.0,2.77,9.21,3.9,No,Low,Low
45,135.39,34,21,0.327,0.1272,1,No,4.7,0.551,4.7,6.65,8.61,4.5,No,Low,Mid
1,60.19,1,54,0.084,0.0744,1,No,2.0,0.357,4.42,3.0,8.51,3.2,No,Low,Low
13,64.35,4,57,0.22,0.0264,2,No,5.3,0.806,3.89,4.05,7.47,4.2,No,Low,Low
12,18.48,7,6,0.407,0.036,1,No,1.4,0.421,3.7,5.4,7.91,5.7,No,Low,Mid
40,73.15,21,25,0.396,0.1416,1,No,1.9,0.364,4.57,5.08,8.43,5.3,No,Low,Mid
4,69.17,3,10,0.42,0.0816,2,No,2.2,0.431,4.75,5.33,8.14,5.5,No,Low,Mid
12,29.31,4,13,0.282,0.1128,0,No,3.2,0.965,2.96,5.55,7.58,4.8,No,None,Mid
29,365.94,15,46,0.42,0.216,1,No,4.1,0.58,4.4,4.57,8.01,3.7,No,Low,Mid
44,45.18,1,19,0.05,0.024,0,No,5.4,0.618,3.08,5.88,8.0,3.1,No,None,Low
52,48.8,14,92,0.471,0.0072,1,No,7.0,0.713,2.92,3.2,7.23,6.0,Yes,Low,High
16,105.25,5,102,0.183,0.008,0,No,1.1,0.211,5.0,1.0,9.97,3.6,Yes,None,Low
32,40.1,9,60,0.316,0.0416,0,No,4.1,0.589,3.93,3.67,8.79,5.0,No,None,Mid
48,105.22,25,21,0.629,0.1176,1,No,3.2,0.805,2.78,5.85,6.72,6.8,No,Low,High
23,80.55,12,10,0.009,0.0856,1,No,1.2,0.348,3.66,5.3,7.71,2.6,No,Low,Low
2,85.74,2,48,0.502,0.1696,0,No,3.8,0.12,3.41,3.93,7.84,6.0,No,None,High
6,164.32,4,12,0.541,0.0264,1,No,2.2,0.313,2.89,5.27,7.14,5.8,No,Low,High
22,62.67,23,65,0.429,0.0248,0,Yes,0.8,0.682,4.55,2.78,9.47,5.6,No,None,Mid
30,24.76,1,145,0.454,0.2024,1,No,2.9,0.458,3.47,1.0,7.13,6.0,Yes,Low,High
55,24.85,1,3,0.228,0.04,1,No,0.9,0.82,5.0,5.18,9.2,4.4,No,Low,Mid
50,185.47,38,13,0.562,0.0072,1,Yes,4.2,0.811,5.0,7.02,9.31,5.8,No,Low,High
28,114.15,15,10,0.282,0.0264,0,No,4.2,0.436,3.58,6.4,8.49,4.3,No,None,Mid
23,44.4,1,3,0.39,0.0544,1,No,4.8,0.612,4.9,6.48,9.05,5.5,No,Low,Mid
2,19.3,2,21,0.227,0.0968,1,No,3.1,0.367,3.16,5.05,7.17,4.5,No,Low,Mid
34,49.53,9,23,0.181,0.0176,0,No,6.0,0.736,4.85,6.15,9.79,4.0,No,None,Low
17,62.67,9,27,0.054,0.0072,0,No,1.5,0.521,4.6,4.45,9.58,3.0,No,None,Low
25,69.42,1,86,0.192,0.2168,1,No,3.2,0.934,4.42,1.8,8.03,3.9,Yes,Low,Low
11,205.3,6,18,0.113,0.0056,1,No,2.7,0.877,3.56,5.2,7.87,2.6,No,Low,Low
25,51.88,1,34,0.401,0.1552,0,No,0.9,0.381,3.21,3.63,7.69,5.5,No,None,Mid
53,123.36,27,60,0.284,0.0256,0,No,1.8,0.719,3.54,3.5,8.45,4.2,Yes,None,Mid
39,19.21,1,11,0.101,0.0584,0,No,2.7,0.254,3.45,5.38,8.26,3.6,No,None,Low
58,133.57,15,1,0.155,0.0344,1,No,5.6,0.509,4.0,7.32,8.22,3.3,No,Low,Low
39,119.43,1,15,0.214,0.2224,1,No,5.7,0.674,5.0,6.18,8.59,3.8,No,Low,Low
19,47.51,10,65,0.371,0.036,0,Yes,0.3,0.738,3.05,2.18,7.93,5.3,No,None,Mid
2,87.4,1,52,0.691,0.1088,0,No,2.4,0.371,4.35,3.23,8.99,7.3,No,None,Extreme
43,77.03,11,1,0.434,0.016,0,No,7.9,0.748,4.36,7.95,9.31,5.6,No,None,Mid
52,115.53,14,32,0.114,0.1864,0,No,0.6,0.727,4.11,4.07,8.49,3.1,No,None,Low
56,41.27,1,49,0.19,0.0096,0,No,0.3,0.571,3.92,2.68,8.89,4.1,Yes,None,Low
31,23.79,1,11,0.501,0.096,1,Yes,0.2,0.429,4.06,4.55,8.07,6.4,No,Low,High
1,65.54,1,67,0.551,0.1336,2,No,5.5,0.388,4.02,3.52,7.24,6.5,No,Low,High
59,49.82,1,8,0.449,0.0752,1,No,3.0,0.471,3.51,5.63,7.59,5.8,No,Low,Mid
40,20.65,11,7,0.054,0.2064,0,Yes,5.0,0.628,3.37,6.68,7.68,3.3,No,None,Low
50,106.78,1,17,0.421,0.0128,1,No,3.6,0.596,2.84,5.38,7.13,5.3,No,Low,Mid
11,115.61,6,108,0.268,0.0032,0,No,6.4,0.419,5.0,2.33,9.99,4.2,Yes,None,Mid
26,119.32,1,41,0.108,0.04,0,Yes,5.1,0.777,4.9,4.68,9.77,3.0,No,None,Low
13,58.31,4,8,0.549,0.0232,2,No,6.0,0.181,3.29,6.73,6.88,6.5,No,Low,High
29,84.36,15,32,0.09,0.028,0,No,1.5,0.811,5.0,4.4,9.91,3.1,No,None,Low
48,84.58,13,63,0.12,0.0096,0,No,6.9,0.55,4.92,4.58,9.89,3.3,No,None,Low
24,38.92,1,4,0.164,0.0112,0,No,3.5,0.333,3.94,6.0,8.9,3.9,No,None,Low
47,93.3,24,18,0.085,0.0624,0,No,4.8,0.744,3.69,6.5,8.48,3.0,No,None,Low
50,69.03,13,8,0.273,0.1136,2,Yes,0.0,0.666,2.91,5.03,6.2,4.5,No,Low,Mid
39,58.83,1,50,0.075,0.1144,0,No,1.9,0.424,3.93,3.17,8.55,3.2,No,None,Low
13,155.11,4,41,0.158,0.0448,0,No,4.1,0.793,4.6,4.45,9.45,3.2,No,None,Low
19,86.63,5,22,0.619,0.2232,2,No,3.7,0.179,2.89,5.3,5.81,6.8,No,Low,High
30,212.77,1,36,0.455,0.072,1,No,5.1,0.482,4.45,4.93,8.54,4.9,No,Low,High
59,78.86,15,4,0.124,0.0608,3,No,3.0,0.811,3.92,6.3,6.72,3.4,No,Medium,Low
48,29.63,1,101,0.365,0.0064,1,No,3.6,0.971,4.07,1.23,8.38,5.4,Yes,Low,Mid
54,72.43,14,11,0.248,0.008,0,No,1.4,0.57,3.71,5.38,8.68,4.3,No,None,Mid
55,292.71,1,16,0.388,0.0968,2,No,0.9,0.818,2.35,4.53,5.69,4.0,No,Low,Mid
38,56.22,10,71,0.338,0.2072,1,No,4.3,0.573,2.9,3.22,6.54,5.0,Yes,Low,Mid
37,107.27,1,17,0.376,0.06,0,No,4.8,0.681,4.09,5.78,8.89,5.0,No,None,Mid
25,192.42,7,2,0.545,0.1176,0,Yes,1.2,0.896,4.29,5.53,8.9,5.7,No,None,High
57,125.55,15,2,0.132,0.0408,0,No,4.7,0.802,3.46,6.97,8.32,3.2,No,None,Low
35,72.85,18,29,0.583,0.0752,1,No,0.0,0.508,4.53,4.15,8.61,6.6,No,Low,High
46,101.84,12,7,0.18,0.0184,0,No,4.0,0.71,1.8,6.38,6.74,3.6,No,None,Low
55,96.32,1,13,0.495,0.1536,1,No,5.3,0.914,4.3,6.15,8.12,5.9,No,Low,High
18,69.44,1,98,0.209,0.296,1,No,4.8,0.549,4.61,1.73,7.96,4.0,Yes,Low,Low
17,84.23,1,26,0.517,0.0736,1,No,4.9,0.69,3.59,5.37,7.68,6.1,No,Low,High
43,141.54,1,45,0.368,0.0336,1,No,1.6,0.304,3.39,3.32,7.61,4.7,Yes,Low,Mid
45,207.64,1,33,0.292,0.0512,0,No,0.0,0.826,2.54,3.38,7.37,3.8,No,None,Mid
14,45.49,15,50,0.462,0.156,2,No,3.2,0.863,2.97,4.07,6.12,6.0,No,Low,High
15,42.47,4,23,0.18,0.0904,0,No,1.1,0.432,3.01,4.35,7.71,4.0,No,None,Low
13,60.95,4,7,0.274,0.012,0,No,1.8,0.664,3.3,5.38,8.26,4.6,No,None,Mid
42,137.71,22,1,0.246,0.1504,0,Yes,3.3,0.279,4.23,6.78,8.73,3.9,No,None,Mid
4,91.05,4,36,0.096,0.0072,0,No,4.7,0.531,4.62,4.9,9.6,3.1,No,None,Low
3,53.67,1,2,0.162,0.036,1,No,0.0,0.794,3.79,4.93,8.0,3.8,No,Low,Low
45,48.33,12,49,0.114,0.0968,1,No,3.2,0.755,3.36,4.02,7.37,3.5,No,Low,Low
20,259.37,1,35,0.349,0.176,4,No,0.0,0.311,2.19,3.28,3.94,3.9,Yes,Medium,Mid
51,49.02,26,28,0.172,0.0072,1,No,2.3,0.874,3.82,5.23,8.13,3.9,No,Low,Low
10,107.45,6,39,0.066,0.024,0,No,3.5,0.38,3.16,4.42,8.08,2.8,No,None,Low
25,99.81,7,22,0.16,0.1416,1,Yes,4.4,0.765,3.82,5.6,7.68,3.5,No,Low,Low
4,44.89,3,7,0.34,0.0728,0,No,1.2,0.409,4.13,5.15,8.89,5.1,No,None,Mid
20,43.84,6,23,0.118,0.0352,0,No,5.4,0.402,3.5,5.85,8.38,3.6,No,None,Low
23,344.66,12,133,0.464,0.0288,3,No,1.6,0.829,4.06,1.0,6.96,4.2,Yes,Medium,High
4,95.95,1,57,0.184,0.0432,1,No,0.6,0.193,4.76,2.38,8.95,3.7,Yes,Low,Low
9,45.16,5,87,0.313,0.0432,1,No,5.2,0.623,4.49,2.55,8.68,4.9,Yes,Low,Mid
57,44.23,15,27,0.06,0.156,0,No,1.8,0.556,3.62,4.75,8.1,3.2,No,None,Low
41,85.1,21,0,0.263,0.0224,1,Yes,1.6,0.6,5.0,6.23,9.26,4.3,No,Low,Mid
48,271.96,1,114,0.213,0.0744,1,No,1.4,0.811,3.6,1.0,7.69,2.9,Yes,Low,Low
38,39.28,1,4,0.257,0.1672,2,No,0.4,0.446,3.47,4.97,6.58,4.6,No,Low,Mid
29,212.42,8,21,0.28,0.0416,2,No,2.5,0.677,3.62,5.05,7.15,3.7,No,Low,Mid
58,25.34,15,6,0.323,0.12,0,No,0.8,0.4,5.0,5.47,9.6,5.1,No,None,Mid
25,16.19,1,49,0.382,0.1424,2,No,0.0,0.236,4.28,2.58,7.47,5.6,Yes,Low,Mid
35,39.66,1,30,0.415,0.0336,0,No,4.6,0.761,4.24,5.07,9.13,5.7,No,None,Mid
14,120.25,1,25,0.166,0.0168,0,No,4.3,0.615,5.0,5.22,9.94,3.4,No,None,Low
34,98.81,1,41,0.124,0.02,1,No,3.0,0.475,4.48,3.98,8.75,3.3,No,Low,Low
46,112.8,12,3,0.345,0.1608,0,Yes,3.7,0.57,4.24,6.48,8.7,4.7,No,None,Mid
45,90.96,1,48,0.498,0.1416,1,No,0.0,0.667,4.46,2.63,8.32,5.9,No,Low,High
12,81.91,7,31,0.15,0.1096,0,No,4.2,0.727,3.1,5.08,7.73,3.6,No,None,Low
48,35.72,1,12,0.419,0.1168,0,Yes,1.7,0.511,4.96,5.0,9.57,5.7,No,None,Mid
26,49.76,7,89,0.387,0.0656,2,No,3.6,0.859,4.76,1.98,8.21,5.4,Yes,Low,Mid
15,86.27,1,41,0.404,0.1296,2,No,4.5,0.412,3.4,4.48,6.63,5.3,No,Low,Mid
2,117.98,1,2,0.403,0.1936,3,No,1.5,0.592,3.78,5.43,6.13,5.1,No,Medium,Mid
7,64.44,4,6,0.277,0.0,0,Yes,2.8,0.641,4.68,5.77,9.68,4.6,No,None,Mid
26,63.24,7,7,0.252,0.036,1,No,4.4,0.375,4.19,6.35,8.4,4.4,No,Low,Mid
21,29.98,6,0,0.495,0.0208,1,No,3.7,0.508,3.59,6.43,7.85,6.3,No,Low,High
4,102.21,4,17,0.52,0.0648,1,No,0.0,0.791,4.59,4.28,8.71,6.0,No,Low,High
60,126.68,1,9,0.494,0.2896,4,No,1.5,0.813,2.27,5.08,3.64,5.7,No,Medium,High
50,47.64,26,39,0.425,0.0136,3,No,0.0,0.653,3.69,3.92,6.64,5.7,Yes,Medium,Mid
28,245.96,1,45,0.306,0.0096,0,No,1.7,0.484,3.03,3.35,8.0,3.7,No,None,Mid
36,70.02,1,4,0.229,0.0224,0,No,4.3,0.593,3.65,6.27,8.58,4.2,No,None,Mid
26,33.14,1,4,0.474,0.0432,1,No,0.8,0.668,3.44,5.1,7.63,6.1,No,Low,High
29,39.5,1,7,0.148,0.0512,0,No,4.3,0.484,4.25,6.12,9.08,3.8,No,None,Low
22,17.53,1,33,0.521,0.2144,2,No,3.6,0.23,4.41,4.58,7.36,6.5,No,Low,High
15,152.45,8,10,0.152,0.044,2,No,0.5,0.396,3.9,4.93,7.42,3.1,No,Low,Low
22,30.33,1,46,0.123,0.1008,1,No,6.6,0.692,3.42,4.93,7.42,3.7,No,Low,Low
40,89.58,41,4,0.195,0.012,0,Yes,1.0,0.869,2.86,6.5,7.82,3.8,No,None,Low
38,39.95,10,29,0.287,0.0408,0,No,1.9,0.584,3.35,4.52,8.21,4.8,No,None,Mid
21,71.43,6,7,0.464,0.1256,1,No,1.9,0.935,4.08,5.48,7.99,5.8,No,Low,High
31,39.29,8,12,0.232,0.0032,1,No,2.2,0.899,4.27,5.4,8.59,4.4,No,Low,Mid
7,46.97,2,6,0.327,0.0184,2,No,0.0,0.134,3.17,4.77,6.78,5.0,No,Low,Mid
45,24.08,23,25,0.135,0.0288,0,No,2.6,0.828,4.44,5.38,9.34,3.8,No,None,Low
3,38.8,4,79,0.243,0.0088,1,No,2.4,0.775,3.0,1.98,7.3,4.5,Yes,Low,Mid
32,42.73,1,12,0.528,0.024,0,No,3.2,0.906,3.13,5.5,8.05,6.4,No,None,High
4,53.51,2,53,0.307,0.0488,0,No,4.1,0.83,3.58,3.78,8.42,4.8,No,None,Mid
54,75.85,28,1,0.514,0.1224,1,No,7.1,0.596,4.02,8.25,7.95,6.1,No,Low,High
28,25.63,1,13,0.389,0.0672,1,No,3.0,0.603,5.0,5.38,9.11,5.6,No,Low,Mid
9,36.63,3,5,0.003,0.0696,0,No,2.2,0.595,4.27,5.58,9.04,2.8,No,None,Low
6,77.96,7,31,0.18,0.2368,0,No,1.4,0.688,3.99,4.15,8.2,3.8,No,None,Low
4,128.96,1,7,0.193,0.0904,2,No,3.4,0.84,3.31,5.82,6.68,3.6,No,Low,Low
40,86.28,41,65,0.276,0.0144,1,No,5.4,0.578,3.48,4.92,7.77,4.4,No,Low,Mid
45,52.66,23,38,0.36,0.0928,2,No,3.1,0.288,4.29,4.9,7.65,5.2,No,Low,Mid
30,31.53,16,14,0.308,0.1656,0,No,3.1,0.621,4.6,5.87,9.05,5.0,No,None,Mid
21,19.29,1,2,0.336,0.0048,1,No,6.5,0.843,4.31,7.1,8.63,5.2,No,Low,Mid
53,124.52,14,70,0.153,0.088,1,No,4.4,0.343,4.85,3.43,8.89,3.3,No,Low,Low
40,66.83,1,5,0.102,0.164,0,No,3.8,0.813,3.89,6.05,8.34,3.3,No,None,Low
46,148.66,12,54,0.153,0.0224,0,No,1.9,0.949,4.58,3.33,9.51,3.2,No,None,Low
41,21.78,11,13,0.317,0.1104,1,No,3.3,0.908,3.99,5.82,7.96,5.1,No,Low,Mid
60,21.52,1,1,0.058,0.1072,0,No,4.2,0.623,4.42,6.38,9.06,3.3,No,None,Low
52,38.31,27,5,0.234,0.0032,2,Yes,3.9,0.942,4.24,6.95,7.9,4.4,No,Low,Mid
48,35.96,13,16,0.341,0.0096,1,No,4.5,0.766,4.2,6.13,8.5,5.2,No,Low,Mid
8,23.91,1,58,0.326,0.024,1,No,3.5,0.604,4.08,3.3,8.33,5.1,No,Low,Mid
32,123.56,17,9,0.354,0.0048,0,No,2.5,0.855,4.64,5.95,9.62,4.7,No,None,Mid
14,52.39,4,4,0.56,0.0536,1,No,2.5,0.816,5.0,5.77,9.15,6.6,No,Low,High
8,60.43,9,30,0.136,0.168,4,No,4.8,0.779,2.55,5.4,4.32,3.6,No,Medium,Low
35,100.58,9,29,0.334,0.0416,0,No,3.7,0.35,5.0,5.08,9.86,4.7,No,None,Mid
20,47.64,11,12,0.303,0.1208,1,Yes,3.8,0.826,3.44,6.03,7.37,4.8,No,Low,Mid
59,55.39,15,46,0.449,0.0168,0,Yes,2.3,0.686,2.95,3.97,7.89,5.8,No,None,Mid
2,38.37,1,25,0.197,0.2136,3,No,2.5,0.452,3.6,4.62,5.89,4.1,No,Medium,Low
5,41.95,2,100,0.061,0.1288,1,No,0.0,0.643,2.6,1.0,6.5,3.2,Yes,Low,Low
60,30.01,31,17,0.613,0.0216,0,No,2.9,0.782,5.0,6.15,9.93,7.1,No,None,High
16,78.07,5,50,0.134,0.0024,1,No,1.6,0.598,4.6,3.2,8.93,3.5,No,Low,Low
48,109.41,13,14,0.293,0.0256,1,No,2.3,0.844,3.13,5.5,7.38,4.4,No,Low,Mid
6,89.16,1,11,0.207,0.1936,0,No,2.9,0.723,4.61,5.45,8.96,3.9,No,None,Low
59,86.8,15,44,0.036,0.1184,0,No,1.7,0.774,4.24,3.87,8.85,2.7,No,None,Low
12,75.29,1,2,0.023,0.0368,0,Yes,3.7,0.614,3.57,6.17,8.45,2.7,No,None,Low
22,25.23,1,8,0.282,0.1232,3,No,1.6,0.732,3.49,5.17,6.08,4.8,No,Medium,Mid
14,96.12,4,22,0.311,0.128,1,No,3.4,0.369,3.07,5.17,6.98,4.6,No,Low,Mid
47,27.14,1,31,0.252,0.0848,1,No,4.2,0.685,3.7,4.88,7.75,4.6,No,Low,Mid
12,112.14,1,32,0.196,0.1488,2,No,3.2,0.416,3.82,4.5,6.99,3.7,No,Low,Low
2,85.24,2,8,0.412,0.0752,1,No,5.5,0.691,2.8,6.5,6.88,5.4,No,Low,Mid
52,34.67,1,18,0.285,0.008,0,No,1.6,0.402,3.47,4.67,8.44,4.8,No,None,Mid
46,171.13,12,38,0.594,0.04,0,No,0.0,0.556,4.05,3.5,8.92,6.1,No,None,High
18,108.48,5,18,0.526,0.052,0,Yes,2.2,0.719,3.3,5.0,8.13,6.0,No,None,High
26,86.06,1,15,0.473,0.0768,1,No,7.5,0.364,3.31,6.78,7.39,5.8,No,Low,High
30,76.04,1,13,0.36,0.012,3,No,4.6,0.366,3.39,5.92,6.35,5.1,No,Medium,Mid
15,285.73,4,35,0.333,0.0432,0,No,5.0,0.552,3.5,5.05,8.36,3.6,No,None,Mid
37,77.66,1,37,0.428,0.0416,3,No,6.2,0.608,3.88,5.25,6.74,5.5,No,Medium,Mid
10,71.48,3,41,0.497,0.0216,0,No,2.1,0.319,4.04,3.75,8.97,6.1,No,None,High
59,57.21,30,19,0.4,0.0184,1,Yes,3.1,0.823,1.79,6.08,6.06,5.5,No,Low,Mid
16,191.58,9,37,0.28,0.0656,0,No,4.3,0.33,4.92,4.88,9.7,3.8,No,None,Mid
46,51.48,1,65,0.252,0.0616,0,No,2.1,0.509,4.12,2.48,8.91,4.5,Yes,None,Mid
59,94.02,15,2,0.11,0.04,0,No,1.8,0.833,4.32,6.0,9.19,3.2,No,None,Low
34,70.88,9,8,0.105,0.024,0,No,5.6,0.748,4.8,6.77,9.72,3.3,No,None,Low
25,88.22,13,89,0.557,0.1216,0,No,3.8,0.8,4.34,2.25,8.93,6.4,Yes,None,High
10,70.96,1,11,0.312,0.0208,1,Yes,1.3,0.88,4.22,4.92,8.48,4.8,No,Low,Mid
49,79.34,25,18,0.49,0.2528,1,No,7.2,0.419,4.42,7.33,7.91,6.0,No,Low,High
12,41.33,7,13,0.287,0.1136,4,No,4.1,0.726,3.67,5.95,5.62,4.8,No,Medium,Mid
22,35.92,1,7,0.078,0.0848,2,Yes,3.0,0.891,3.28,5.68,6.66,3.3,No,Low,Low
41,48.83,1,60,0.081,0.0088,1,No,7.3,0.645,4.31,4.47,8.61,3.3,No,Low,Low
51,129.51,13,1,0.044,0.2384,6,No,0.1,0.705,1.48,5.42,2.35,2.5,No,High,Low
27,60.29,14,53,0.197,0.0264,1,No,4.2,0.366,4.56,4.22,8.81,4.0,No,Low,Low
42,91.08,11,16,0.706,0.2104,0,No,6.6,0.309,4.89,6.77,9.19,7.4,No,None,Extreme
9,50.8,5,98,0.439,0.2256,1,No,4.2,0.707,2.94,1.67,6.52,5.8,Yes,Low,Mid
34,236.65,1,27,0.297,0.1024,1,No,2.1,0.786,3.24,4.38,7.23,3.7,No,Low,Mid
2,47.63,1,22,0.277,0.0464,1,No,2.8,0.743,3.19,4.87,7.37,4.7,No,Low,Mid
42,120.51,1,17,0.458,0.0016,0,No,2.1,0.632,4.79,4.88,9.78,5.5,No,None,High
50,117.52,13,8,0.163,0.0312,2,Yes,1.6,0.589,4.4,5.57,7.96,3.4,No,Low,Low
35,35.95,9,109,0.522,0.0456,0,No,2.6,0.362,3.96,1.17,8.81,6.4,Yes,None,High
52,132.42,1,31,0.255,0.06,0,No,3.1,0.612,2.68,4.52,7.48,4.0,No,None,Mid
30,52.67,8,32,0.067,0.0416,0,No,3.0,0.909,3.83,4.67,8.69,3.2,No,None,Low
3,74.16,1,3,0.446,0.0928,1,No,6.4,0.823,4.05,7.02,8.07,5.7,No,Low,Mid
54,85.51,1,27,0.311,0.0016,0,No,3.2,0.676,4.21,4.75,9.2,4.7,No,None,Mid
6,91.55,1,12,0.169,0.044,1,No,2.1,0.618,4.26,5.13,8.45,3.6,No,Low,Low
43,40.9,11,57,0.133,0.0336,0,No,5.2,0.892,4.75,4.25,9.64,3.7,No,None,Low
11,88.53,1,14,0.528,0.052,1,Yes,2.2,0.868,4.29,5.07,8.45,6.2,No,Low,High
53,37.32,14,81,0.458,0.0008,0,No,0.0,0.407,3.63,1.42,8.63,6.0,Yes,None,High
18,62.95,5,4,0.568,0.0424,0,Yes,4.0,0.902,4.7,6.3,9.56,6.6,No,None,High
10,38.8,1,20,0.092,0.0144,1,No,5.3,0.592,5.0,5.8,9.29,3.4,No,Low,Low
29,34.73,22,23,0.058,0.0072,1,Yes,1.4,0.271,5.0,5.05,9.31,3.2,No,Low,Low
20,48.44,6,31,0.246,0.0352,2,No,0.4,0.467,3.12,3.78,6.67,4.4,No,Low,Mid
7,66.88,1,15,0.534,0.1256,0,Yes,5.1,0.268,4.29,5.98,8.87,6.3,No,None,High
24,26.29,7,5,0.305,0.128,1,No,0.2,0.464,3.8,5.05,7.71,5.0,No,Low,Mid
59,28.33,15,65,0.356,0.0648,1,No,4.9,0.379,4.69,3.88,8.81,5.3,No,Low,Mid
57,40.97,43,3,0.386,0.18,1,No,0.1,0.568,4.45,6.32,8.18,5.5,No,Low,Mid
50,76.21,13,13,0.078,0.0416,1,No,3.7,0.505,3.97,6.02,8.16,3.1,No,Low,Low
25,132.63,7,10,0.3,0.0104,0,No,3.8,0.29,3.07,6.0,8.04,4.3,No,None,Mid
11,62.68,3,7,0.448,0.0256,0,No,0.2,0.311,4.64,4.82,9.55,5.8,No,None,Mid
16,25.06,9,69,0.313,0.0352,0,No,1.0,0.282,3.08,2.18,7.96,5.0,Yes,None,Mid
39,49.26,20,7,0.203,0.1528,0,No,0.0,0.348,4.86,5.32,9.35,4.1,No,None,Low
55,49.97,14,44,0.108,0.2304,1,No,3.6,0.744,3.55,4.47,7.12,3.5,No,Low,Low
1,84.98,1,78,0.273,0.1056,1,No,6.7,0.373,3.79,3.37,7.77,4.4,Yes,Low,Mid
10,84.78,3,12,0.183,0.1,1,No,6.2,0.558,3.37,6.57,7.37,3.8,No,Low,Low
43,51.49,1,12,0.151,0.0232,1,No,3.6,0.632,3.49,5.63,7.75,3.7,No,Low,Low
10,53.05,3,1,0.295,0.0224,0,No,2.3,0.815,4.25,5.82,9.18,4.7,No,None,Mid
11,102.07,1,16,0.192,0.0968,1,No,2.4,0.591,3.76,5.03,7.77,3.7,No,Low,Low
8,118.25,1,35,0.338,0.0536,0,No,5.7,0.357,4.32,5.18,9.14,4.7,No,None,Mid
27,76.29,7,10,0.46,0.0056,1,No,1.7,0.242,3.71,5.3,8.02,5.8,No,Low,High
44,185.36,1,40,0.199,0.0208,1,No,5.2,0.618,3.07,4.77,7.33,3.3,No,Low,Low
19,23.61,10,7,0.521,0.044,0,No,5.4,0.698,2.98,6.78,7.83,6.5,No,None,High
32,65.1,1,12,0.456,0.004,1,No,1.0,0.305,4.14,4.77,8.46,5.8,No,Low,High
52,96.91,14,19,0.051,0.1424,3,No,2.4,0.216,1.99,5.32,4.52,2.8,No,Medium,Low
11,45.42,3,50,0.382,0.1416,2,No,0.5,0.24,3.07,2.77,6.26,5.4,Yes,Low,Mid
26,48.76,14,9,0.115,0.012,1,No,0.0,0.577,4.16,5.02,8.45,3.5,No,Low,Low
59,51.66,15,6,0.135,0.0176,1,No,5.1,0.646,5.0,6.9,9.27,3.6,No,Low,Low
36,43.15,10,0,0.068,0.0112,0,No,4.9,0.454,3.68,6.97,8.64,3.2,No,None,Low
34,29.35,26,68,0.658,0.0192,0,No,1.8,0.763,3.46,3.07,8.4,7.4,No,None,High
19,39.11,5,65,0.202,0.0312,0,No,5.1,0.536,5.0,3.62,9.9,4.2,Yes,None,Low
5,39.99,1,32,0.2,0.0872,3,No,3.8,0.596,2.87,4.7,5.58,4.2,No,Medium,Low
16,29.67,5,59,0.076,0.0048,0,No,4.2,0.838,2.92,3.62,7.9,3.4,Yes,None,Low
3,16.66,1,26,0.061,0.004,0,No,1.3,0.767,4.35,4.17,9.34,3.3,No,None,Low
53,96.24,1,40,0.119,0.028,1,Yes,5.2,0.489,4.54,4.77,8.78,3.3,No,Low,Low
24,31.38,7,15,0.34,0.0976,1,No,3.5,0.954,3.48,5.65,7.49,5.2,No,Low,Mid
31,195.67,8,19,0.267,0.0752,1,No,5.0,0.989,2.59,5.98,6.67,3.7,No,Low,Mid
40,86.84,21,80,0.086,0.0056,1,Yes,1.7,0.752,4.92,2.27,9.23,3.1,No,Low,Low
58,51.0,15,45,0.086,0.0304,0,No,4.4,0.43,5.0,4.72,9.9,3.3,No,None,Low
3,54.3,2,45,0.113,0.1312,0,No,2.3,0.588,4.58,3.58,9.14,3.5,No,None,Low
53,69.39,27,43,0.035,0.1728,0,No,3.6,0.453,4.44,4.95,8.86,2.8,No,None,Low
49,41.46,13,31,0.219,0.0752,2,No,2.4,0.891,3.01,4.68,6.43,4.3,No,Low,Low
23,64.65,6,1,0.203,0.1664,1,Yes,0.0,0.574,4.63,5.15,8.41,4.0,No,Low,Low
3,59.61,1,29,0.173,0.0952,0,No,2.3,0.449,3.63,4.35,8.31,3.9,No,None,Low
27,50.61,1,58,0.41,0.0272,0,No,4.9,0.689,3.78,3.77,8.69,5.6,No,None,Mid
55,118.75,1,37,0.25,0.0104,3,No,3.9,0.855,3.66,4.48,6.63,4.0,No,Medium,Mid
29,81.06,8,48,0.444,0.048,1,No,3.1,0.754,3.25,3.9,7.42,5.6,No,Low,Mid
29,133.02,1,11,0.116,0.0048,0,No,3.8,0.609,4.8,5.75,9.78,3.0,No,None,Low
8,115.6,3,27,0.158,0.168,2,No,1.9,0.552,3.53,4.38,6.64,3.4,No,Low,Low
10,129.94,1,40,0.284,0.0736,1,No,2.0,0.674,3.27,3.7,7.36,4.2,Yes,Low,Mid
55,50.08,14,19,0.175,0.1224,2,Yes,1.9,0.474,3.32,5.15,6.58,3.9,No,Low,Low
21,117.09,6,1,0.191,0.016,0,No,5.1,0.815,4.61,6.85,9.56,3.6,No,None,Low
47,73.93,1,7,0.061,0.0048,0,Yes,0.0,0.429,3.01,4.68,7.99,3.0,No,None,Low
14,100.2,4,58,0.331,0.1112,0,No,0.0,0.681,5.0,2.23,9.63,4.7,No,None,Mid
25,143.0,1,7,0.072,0.032,0,No,1.9,0.211,3.91,5.32,8.8,2.6,No,None,Low
1,92.85,1,58,0.281,0.1968,1,No,4.7,0.848,3.32,3.7,7.0,4.4,Yes,Low,Mid
6,72.46,1,5,0.193,0.0768,2,No,3.5,0.775,4.29,5.95,7.7,3.9,No,Low,Low
38,47.77,1,16,0.113,0.0088,0,No,2.0,0.788,3.92,4.9,8.89,3.5,No,None,Low
55,16.25,14,44,0.27,0.0128,1,No,2.4,0.463,3.58,4.07,7.87,4.8,No,Low,Mid
7,44.75,2,30,0.222,0.0568,1,No,0.5,0.971,3.47,3.73,7.61,4.3,No,Low,Low
16,61.7,1,16,0.13,0.0528,0,Yes,2.8,0.471,4.01,5.17,8.83,3.5,No,None,Low
50,14.96,13,23,0.089,0.0352,1,No,3.0,0.518,2.71,5.28,6.93,3.5,No,Low,Low
26,73.52,1,16,0.354,0.1016,1,No,2.1,0.731,3.54,4.93,7.53,5.0,No,Low,Mid
37,46.2,10,43,0.38,0.0136,1,No,3.0,0.966,3.94,4.18,8.23,5.4,No,Low,Mid
38,35.83,10,8,0.627,0.0992,1,No,4.7,0.556,3.67,6.5,7.67,7.2,No,Low,High
50,165.52,1,32,0.033,0.0128,0,No,5.1,0.756,4.28,5.13,9.24,2.2,No,None,Low
57,41.04,15,62,0.248,0.0376,0,No,1.6,0.824,4.07,2.93,8.94,4.5,No,None,Mid
22,120.83,1,42,0.216,0.0632,0,No,2.9,0.407,5.0,3.9,9.79,3.8,No,None,Low
53,96.2,1,8,0.263,0.064,0,No,4.7,0.521,4.72,6.2,9.51,4.3,No,None,Mid
8,100.52,5,5,0.537,0.0064,0,No,1.2,0.638,4.65,5.32,9.63,6.2,No,None,High
40,114.63,31,42,0.302,0.1072,0,No,2.1,0.556,2.72,4.63,7.36,4.4,No,None,Mid
30,129.09,31,4,0.335,0.0616,2,Yes,1.4,0.529,2.87,6.3,6.33,4.6,No,Low,Mid
28,25.94,1,2,0.377,0.0432,0,No,2.3,0.425,4.52,5.7,9.38,5.5,No,None,Mid
14,52.08,4,7,0.406,0.0872,2,Yes,0.0,0.506,3.09,4.78,6.47,5.5,No,Low,Mid
49,84.77,13,4,0.178,0.0688,0,Yes,2.8,0.226,3.12,6.17,7.89,3.7,No,None,Low
23,87.28,6,151,0.462,0.0064,0,No,1.7,0.622,4.48,1.0,9.46,5.7,Yes,None,High
6,55.96,1,32,0.396,0.1064,0,No,0.0,0.935,4.95,3.43,9.6,5.4,No,None,Mid
3,125.29,2,8,0.353,0.0408,1,No,2.4,0.755,5.0,5.47,9.2,4.7,No,Low,Mid
1,58.95,1,30,0.505,0.1112,0,No,1.3,0.8,5.0,3.97,9.63,6.2,No,None,High
50,32.95,13,22,0.48,0.012,0,Yes,0.7,0.543,3.19,4.57,8.15,6.2,No,None,High
29,21.48,1,11,0.151,0.0872,2,No,7.3,0.675,4.14,6.92,7.52,3.9,No,Low,Low
17,60.47,9,45,0.182,0.0744,1,No,4.3,0.275,4.2,4.48,8.29,3.9,No,Low,Low
51,143.69,1,3,0.331,0.0192,0,No,0.0,0.792,4.77,4.88,9.71,4.5,No,None,Mid
46,59.01,24,7,0.473,0.1008,1,No,4.5,0.708,3.45,6.95,7.45,6.0,No,Low,High
38,62.31,1,42,0.364,0.0,0,No,0.9,0.784,4.14,3.23,9.14,5.2,No,None,Mid
34,27.53,18,63,0.143,0.1192,0,No,0.0,0.641,4.82,2.45,9.42,3.8,Yes,None,Low
6,71.28,5,5,0.293,0.0816,0,No,0.9,0.448,4.15,5.22,8.88,4.6,No,None,Mid
11,96.26,3,24,0.13,0.0,0,No,4.1,0.83,4.23,5.27,9.23,3.3,No,None,Low
58,56.78,1,2,0.616,0.1088,2,No,5.6,0.376,2.85,6.8,6.15,7.0,No,Low,High
56,39.42,1,5,0.222,0.0664,1,No,5.5,0.753,4.46,6.62,8.57,4.3,No,Low,Low
19,64.85,5,17,0.266,0.0384,0,No,2.8,0.66,5.0,5.25,9.87,4.5,No,None,Mid
3,116.02,2,17,0.377,0.1048,2,Yes,5.1,0.907,1.78,5.92,5.1,4.9,No,Low,Mid
60,73.52,1,74,0.322,0.0728,1,No,0.2,0.818,3.38,1.4,7.47,4.8,Yes,Low,Mid
49,79.28,37,11,0.221,0.268,5,Yes,2.0,0.958,2.59,6.35,3.36,4.1,No,Medium,Low
51,90.69,1,24,0.165,0.0304,1,No,2.7,0.643,3.89,4.73,8.12,3.6,No,Low,Low
55,147.67,28,2,0.362,0.0832,0,Yes,1.8,0.638,3.72,6.43,8.44,4.6,No,None,Mid
41,34.12,11,18,0.304,0.056,0,No,2.6,0.735,3.28,5.33,8.09,4.9,No,None,Mid
13,60.04,10,4,0.29,0.0664,0,No,2.9,0.64,5.0,6.1,9.78,4.7,No,None,Mid
56,44.61,15,4,0.183,0.0584,0,Yes,0.0,0.822,4.32,5.3,9.13,4.0,No,None,Low
43,40.23,1,58,0.577,0.0752,0,No,2.5,0.761,4.66,2.97,9.41,6.8,No,None,High
3,88.99,1,61,0.234,0.0144,0,No,2.0,0.513,3.91,2.65,8.86,4.1,Yes,None,Mid
37,31.66,1,27,0.236,0.0344,1,Yes,6.3,0.722,4.17,5.78,8.39,4.5,No,Low,Mid
49,118.47,13,15,0.63,0.0224,0,No,4.8,0.808,3.56,6.28,8.49,6.7,No,None,High
33,55.32,9,51,0.287,0.0784,3,No,5.5,0.618,2.2,4.58,4.94,4.7,No,Medium,Mid
9,160.09,1,59,0.568,0.0144,0,No,3.9,0.469,4.4,3.38,9.35,6.0,No,None,High
16,53.68,5,4,0.099,0.1192,0,No,1.3,0.77,4.35,5.4,8.95,3.4,No,None,Low
59,40.6,15,5,0.192,0.0568,0,No,1.1,0.75,5.0,5.62,9.81,4.1,No,None,Low
42,38.83,22,2,0.18,0.2456,2,No,3.2,0.454,2.72,6.7,5.57,4.0,No,Low,Low
30,70.38,8,28,0.05,0.1184,0,No,5.3,0.943,5.0,5.63,9.61,2.9,No,None,Low
12,48.31,10,63,0.491,0.0624,1,No,0.0,0.942,3.53,2.18,7.66,6.1,Yes,Low,High
23,18.85,6,30,0.527,0.0256,0,No,0.3,0.748,5.0,3.8,9.91,6.6,No,None,High
36,42.49,28,19,0.586,0.0544,0,No,4.1,0.667,3.71,6.35,8.53,6.8,No,None,High
36,129.85,10,8,0.298,0.052,0,No,1.6,0.534,3.43,5.47,8.26,4.3,No,None,Mid
19,97.89,5,32,0.066,0.044,1,No,2.6,0.265,2.79,4.43,6.98,2.9,No,Low,Low
53,93.42,27,34,0.207,0.4104,1,No,4.3,0.826,3.02,5.63,5.99,3.9,No,Low,Low
8,78.65,1,41,0.564,0.0032,1,No,1.4,0.662,4.0,3.45,8.32,6.5,No,Low,High
51,87.22,1,17,0.408,0.0712,1,Yes,3.4,0.752,4.78,5.32,8.88,5.3,No,Low,Mid
22,88.91,12,1,0.633,0.1176,1,No,1.3,0.694,3.11,5.78,7.05,6.9,No,Low,High
52,45.05,14,57,0.173,0.0304,2,Yes,4.8,0.696,4.22,4.22,7.79,3.9,No,Low,Low
35,79.63,1,95,0.201,0.0528,1,No,3.7,0.589,3.73,1.52,7.89,3.9,Yes,Low,Low
17,43.51,1,35,0.198,0.2088,0,No,4.3,0.68,3.58,4.72,7.88,4.1,No,None,Low
13,121.86,7,30,0.055,0.0872,0,No,2.7,0.486,4.27,4.63,8.98,2.7,No,None,Low
56,60.3,15,52,0.194,0.0256,0,No,5.1,0.651,4.35,4.6,9.26,4.0,No,None,Low
31,49.55,1,6,0.221,0.0296,1,No,5.2,0.697,2.97,6.47,7.2,4.2,No,Low,Low
7,39.03,2,1,0.387,0.0224,0,No,5.7,0.701,4.88,6.92,9.81,5.5,No,None,Mid
13,103.35,1,89,0.121,0.016,2,No,2.8,0.745,2.26,1.52,5.87,3.2,Yes,Low,Low
7,95.58,1,15,0.162,0.0248,1,No,1.3,0.886,3.61,4.72,7.86,3.6,No,Low,Low
40,79.6,11,84,0.459,0.0016,0,No,4.0,0.863,3.07,2.5,8.06,5.7,Yes,None,High
58,58.9,1,21,0.259,0.132,2,No,4.1,0.507,3.23,5.35,6.46,4.5,No,Low,Mid
14,62.9,8,71,0.351,0.092,0,No,1.2,0.419,4.17,2.12,8.86,5.1,Yes,None,Mid
25,62.34,1,59,0.539,0.1152,1,No,2.1,0.623,2.71,2.78,6.66,6.4,Yes,Low,High
16,106.18,1,37,0.159,0.1376,0,Yes,5.3,0.723,4.22,4.95,8.76,3.5,No,None,Low
12,96.5,4,21,0.372,0.0584,0,Yes,0.0,0.905,3.95,4.08,8.76,5.0,No,None,Mid
47,73.46,12,96,0.223,0.2832,2,Yes,0.1,0.722,2.65,1.0,5.37,4.1,Yes,Low,Low
42,168.39,11,2,0.227,0.0216,0,Yes,4.3,0.499,5.0,6.7,9.93,3.6,No,None,Mid
51,51.18,1,123,0.418,0.048,4,No,3.1,0.485,2.04,1.07,4.21,5.6,Yes,Medium,Mid
34,68.57,1,23,0.266,0.0448,1,No,4.8,0.674,4.01,5.48,8.19,4.5,No,Low,Mid
15,36.79,4,24,0.212,0.0216,0,No,4.3,0.361,4.62,5.37,9.55,4.3,No,None,Low
36,139.89,19,44,0.245,0.0328,0,Yes,0.0,0.552,2.64,3.43,7.53,3.9,No,None,Mid
4,46.45,3,13,0.322,0.0216,1,No,3.7,0.537,3.56,5.68,7.82,5.0,No,Low,Mid
13,69.88,1,33,0.282,0.044,0,No,3.2,0.325,3.77,4.45,8.62,4.6,No,None,Mid
24,54.13,13,25,0.14,0.0216,1,Yes,1.4,0.306,3.27,4.65,7.53,3.7,No,Low,Low
56,50.77,1,36,0.441,0.0376,0,Yes,1.0,0.401,4.99,3.57,9.86,5.8,No,None,Mid
39,67.79,1,29,0.174,0.0848,0,No,2.8,0.829,3.57,4.52,8.29,3.8,No,None,Low
53,66.73,27,9,0.531,0.0024,0,No,4.1,0.815,3.55,6.82,8.54,6.3,No,None,High
48,41.7,37,25,0.295,0.0696,2,No,2.2,0.585,3.85,5.72,7.28,4.8,No,Low,Mid
1,75.24,1,5,0.298,0.012,0,Yes,3.0,0.587,4.16,5.78,9.12,4.6,No,None,Mid
22,47.5,1,14,0.107,0.032,0,No,3.1,0.312,3.69,5.37,8.58,3.5,No,None,Low
1,59.23,1,4,0.415,0.1504,1,Yes,2.9,0.254,3.15,5.8,6.98,5.5,No,Low,Mid
34,94.74,9,7,0.051,0.2112,3,No,1.9,0.398,4.05,5.58,6.35,2.8,No,Medium,Low
14,52.23,1,85,0.069,0.0376,0,No,3.7,0.726,5.0,2.02,9.87,3.2,Yes,None,Low
6,226.97,1,5,0.248,0.0,1,No,0.0,0.269,4.78,4.78,9.11,3.4,No,Low,Mid
33,227.56,17,51,0.254,0.0656,1,No,4.4,0.446,4.12,4.48,8.23,3.4,No,Low,Mid
30,34.12,16,34,0.155,0.036,0,No,3.2,0.523,1.51,4.9,6.39,3.9,No,None,Low
22,38.8,6,21,0.137,0.0384,1,No,0.0,0.27,3.04,4.15,7.25,3.7,No,Low,Low
45,67.71,23,38,0.528,0.0064,2,No,1.1,0.854,3.84,4.23,7.49,6.3,No,Low,High
9,134.03,3,23,0.139,0.0656,0,No,1.1,0.448,3.18,4.32,7.96,3.2,No,None,Low
54,20.01,1,19,0.303,0.1792,2,No,4.5,0.394,4.76,5.58,7.83,5.0,No,Low,Mid
1,63.32,1,12,0.359,0.0616,2,No,1.0,0.634,4.82,4.77,8.28,5.1,No,Low,Mid
29,74.53,15,20,0.654,0.0856,1,No,3.0,0.965,2.4,5.5,6.45,7.1,No,Low,High
9,47.97,1,28,0.39,0.2256,1,No,6.1,0.677,3.47,5.67,7.05,5.4,No,Low,Mid
23,110.02,1,44,0.148,0.0336,1,No,6.0,0.654,4.3,4.83,8.52,3.4,No,Low,Low
59,68.31,1,0,0.286,0.0584,1,No,0.0,0.474,3.79,5.03,7.93,4.6,No,Low,Mid
21,58.72,1,2,0.34,0.0528,2,Yes,3.7,0.664,3.72,6.17,7.21,5.0,No,Low,Mid
23,36.03,6,36,0.236,0.0656,0,No,3.9,0.453,2.94,4.7,7.72,4.4,No,None,Mid
6,78.24,4,38,0.5,0.14,1,No,5.4,0.62,2.66,5.03,6.53,6.0,No,Low,High
16,111.32,1,0,0.133,0.0224,0,No,7.6,0.819,4.16,7.57,9.09,3.3,No,None,Low
40,139.17,11,9,0.139,0.0616,1,Yes,3.0,0.246,4.09,5.92,8.22,3.1,No,Low,Low
40,44.35,11,38,0.484,0.0392,0,No,1.2,0.763,5.0,3.87,9.87,6.1,No,None,High
46,55.6,12,33,0.632,0.0728,0,No,2.7,0.749,5.0,4.65,9.76,7.1,No,None,High
15,70.1,1,44,0.244,0.1624,1,Yes,3.6,0.704,3.84,4.03,7.63,4.3,No,Low,Mid
11,57.34,3,19,0.287,0.048,0,No,0.9,0.308,4.36,4.45,9.2,4.7,No,None,Mid
13,39.02,4,13,0.295,0.016,2,No,4.6,0.893,3.3,6.02,6.91,4.8,No,Low,Mid
40,83.61,21,57,0.44,0.0424,1,Yes,1.6,0.494,3.21,3.38,7.4,5.6,No,Low,Mid
31,161.6,1,24,0.218,0.06,0,No,4.9,0.819,4.23,5.47,9.03,3.6,No,None,Low
6,105.19,2,16,0.175,0.0248,1,No,3.4,0.608,3.71,5.4,7.96,3.6,No,Low,Low
59,50.66,15,40,0.304,0.1704,1,Yes,7.2,0.835,3.96,5.9,7.73,4.8,No,Low,Mid
34,108.28,9,52,0.341,0.1832,3,No,1.2,0.626,3.89,3.1,6.28,4.7,Yes,Medium,Mid
30,131.97,16,10,0.201,0.0592,1,No,2.4,0.515,4.45,5.83,8.59,3.6,No,Low,Low
45,125.15,1,30,0.362,0.084,1,No,4.3,0.603,4.3,4.97,8.35,4.8,No,Low,Mid
49,132.91,1,55,0.254,0.016,0,Yes,5.4,0.877,3.11,4.08,8.06,4.0,No,None,Mid
12,91.28,4,31,0.177,0.0552,1,No,1.6,0.446,3.72,4.12,7.87,3.7,No,Low,Low
11,102.14,3,23,0.449,0.0984,1,No,5.6,0.7,4.12,5.82,8.13,5.5,No,Low,Mid
59,26.26,15,34,0.251,0.3328,2,No,6.0,0.603,3.7,5.8,6.26,4.6,No,Low,Mid
6,42.8,2,17,0.186,0.104,1,No,3.1,0.5,2.1,5.25,6.09,4.0,No,Low,Low
50,122.01,13,22,0.093,0.0408,1,Yes,1.5,0.34,3.14,4.83,7.34,2.9,No,Low,Low
59,55.96,15,15,0.448,0.108,0,No,3.5,0.549,3.66,5.92,8.3,5.8,No,None,Mid
55,45.83,1,26,0.309,0.0008,0,No,0.0,0.398,3.94,3.73,8.94,4.9,No,None,Mid
10,19.49,1,2,0.35,0.036,1,No,4.7,0.358,3.37,6.5,7.58,5.3,No,Low,Mid
2,65.68,1,13,0.356,0.036,1,No,1.0,0.661,3.38,4.72,7.59,5.1,No,Low,Mid
39,222.1,1,41,0.231,0.124,0,No,4.0,0.234,4.67,4.32,9.26,3.3,No,None,Mid
33,183.68,9,53,0.239,0.0736,1,Yes,2.9,0.471,4.1,3.62,8.19,3.6,No,Low,Mid
43,79.3,33,10,0.179,0.0096,1,No,0.1,0.328,3.39,5.63,7.69,3.8,No,Low,Low
54,35.23,14,77,0.315,0.048,2,No,3.7,0.446,3.09,2.85,6.6,5.0,Yes,Low,Mid
8,48.8,5,31,0.315,0.2,0,No,5.1,0.534,5.0,5.32,9.33,4.9,No,None,Mid
52,72.01,14,23,0.352,0.08,1,Yes,2.5,0.937,3.47,5.15,7.54,5.0,No,Low,Mid
45,30.32,1,17,0.04,0.3048,1,Yes,8.1,0.58,3.51,6.88,6.83,3.1,No,Low,Low
34,57.8,26,5,0.396,0.056,0,No,4.1,0.431,5.0,6.98,9.81,5.4,No,None,Mid
15,83.2,1,104,0.349,0.0288,1,No,1.1,0.771,3.63,1.0,7.87,4.9,Yes,Low,Mid
41,19.26,11,53,0.232,0.076,2,No,2.0,0.317,3.25,3.38,6.66,4.5,Yes,Low,Mid
59,54.66,15,26,0.261,0.0688,0,No,3.6,0.361,3.72,5.4,8.49,4.5,No,None,Mid
31,44.06,8,5,0.451,0.212,1,No,3.1,0.431,3.73,6.05,7.36,5.9,No,Low,High
54,87.38,1,3,0.322,0.1256,0,No,2.4,0.382,4.31,5.68,8.89,4.7,No,None,Mid
12,109.03,1,16,0.294,0.0384,3,No,3.3,0.962,3.66,5.33,6.53,4.4,No,Medium,Mid
34,90.54,1,22,0.471,0.0008,1,No,1.6,0.787,2.83,4.47,7.16,5.8,No,Low,High
5,69.48,1,37,0.401,0.0512,2,No,1.1,0.911,4.39,3.55,7.89,5.4,No,Low,Mid
43,134.01,1,11,0.145,0.0024,0,No,1.6,0.453,3.03,5.02,8.02,3.2,No,None,Low
48,54.06,1,10,0.136,0.004,0,No,2.5,0.853,4.35,5.37,9.34,3.6,No,None,Low
27,28.24,7,12,0.304,0.036,2,No,4.3,0.639,4.19,6.07,7.74,5.0,No,Low,Mid
39,38.3,10,97,0.147,0.0488,2,No,6.2,0.552,3.62,2.55,7.12,3.8,Yes,Low,Low
3,45.89,1,9,0.21,0.0976,1,Yes,3.5,0.842,3.93,5.75,7.94,4.2,No,Low,Low
17,152.86,1,9,0.295,0.0184,0,No,2.3,0.966,4.88,5.35,9.82,4.1,No,None,Mid
58,101.23,15,13,0.318,0.0176,0,Yes,4.2,0.762,4.05,6.25,8.99,4.6,No,None,Mid
21,23.97,6,21,0.402,0.08,1,No,0.8,0.969,3.95,4.42,8.02,5.7,No,Low,Mid
5,57.08,2,5,0.3,0.008,0,Yes,2.7,0.407,5.0,5.72,9.97,4.8,No,None,Mid
60,120.41,1,83,0.039,0.0792,1,No,0.0,0.676,2.89,1.0,6.96,2.6,Yes,Low,Low
7,186.26,2,5,0.219,0.0424,1,No,4.8,0.483,2.69,6.42,6.88,3.4,No,Low,Low
6,41.01,1,56,0.639,0.056,1,No,3.2,0.838,3.33,3.3,7.48,7.2,Yes,Low,High
49,64.8,13,4,0.471,0.0208,1,No,2.0,0.28,5.0,5.9,9.26,5.9,No,Low,High
49,29.13,25,6,0.27,0.0904,0,Yes,3.9,0.216,5.0,6.83,9.7,4.7,No,None,Mid
44,102.16,12,13,0.267,0.0664,2,No,4.2,0.835,3.46,6.15,6.91,4.3,No,Low,Mid
31,49.18,8,25,0.37,0.06,1,No,6.0,0.349,4.09,6.02,8.22,5.3,No,Low,Mid
39,24.06,30,104,0.21,0.2296,1,No,4.7,0.58,5.0,2.57,8.57,4.3,Yes,Low,Low
18,116.44,1,33,0.13,0.0808,1,No,6.5,0.82,4.54,5.55,8.6,3.2,No,Low,Low
25,70.61,19,31,0.344,0.048,0,Yes,0.6,0.544,3.94,4.28,8.78,5.0,No,None,Mid
57,56.79,1,50,0.113,0.1512,2,No,5.6,0.652,2.97,4.4,6.13,3.5,No,Low,Low
20,100.5,1,6,0.256,0.1584,0,No,0.4,0.907,4.37,4.87,8.84,4.2,No,None,Mid
35,108.1,1,61,0.529,0.0472,1,No,7.2,0.45,3.12,4.38,7.3,6.1,No,Low,High
11,32.29,1,6,0.162,0.0152,0,No,0.0,0.225,3.87,4.73,8.82,3.9,No,None,Low
47,85.85,36,23,0.154,0.0672,2,Yes,4.8,0.522,4.17,6.65,7.61,3.6,No,Low,Low
56,34.93,15,18,0.526,0.0304,0,Yes,0.0,0.697,2.93,4.6,7.83,6.5,No,None,High
52,28.06,1,11,0.416,0.1624,2,No,3.6,0.751,4.64,5.68,7.77,5.7,No,Low,Mid
19,92.88,5,17,0.279,0.108,3,No,2.9,0.869,4.36,5.28,7.0,4.4,No,Medium,Mid
51,76.26,39,7,0.354,0.2696,4,No,4.2,0.58,4.5,7.35,5.93,5.0,No,Medium,Mid
46,99.12,24,16,0.339,0.0016,1,Yes,4.7,0.761,4.7,6.57,9.03,4.8,No,Low,Mid
19,68.61,1,52,0.187,0.1768,1,No,2.8,0.09,5.0,3.37,8.74,3.9,Yes,Low,Low
1,72.97,1,13,0.426,0.004,0,No,1.1,0.302,3.09,4.75,8.08,5.5,No,None,Mid
21,71.12,6,49,0.144,0.036,1,No,3.0,0.207,3.95,3.75,8.16,3.6,No,Low,Low
50,102.68,13,32,0.199,0.1024,1,No,1.5,0.72,5.0,4.33,8.99,3.8,No,Low,Low
23,98.7,1,11,0.176,0.032,1,No,1.3,0.347,3.43,4.92,7.66,3.6,No,Low,Low
36,69.02,10,20,0.031,0.0912,2,No,5.3,0.221,2.84,6.1,6.2,2.8,No,Low,Low
18,33.08,1,4,0.217,0.0616,1,No,2.3,0.909,4.69,5.6,8.82,4.3,No,Low,Low
40,30.59,11,26,0.094,0.0008,1,Yes,3.4,0.462,3.93,5.2,8.26,3.5,No,Low,Low
8,44.31,1,82,0.336,0.008,1,No,2.6,0.47,3.38,1.8,7.69,5.1,Yes,Low,Mid
1,26.96,1,36,0.058,0.0048,0,No,5.2,0.215,4.1,4.97,9.08,3.2,No,None,Low
11,45.17,3,18,0.23,0.032,0,Yes,5.1,0.698,5.0,5.9,9.89,4.3,No,None,Mid
37,91.61,1,43,0.289,0.1832,2,No,2.9,0.848,4.86,3.85,7.92,4.5,No,Low,Mid
58,50.62,1,4,0.192,0.0608,0,No,2.2,0.438,3.59,5.57,8.39,4.0,No,None,Low
18,81.46,10,2,0.245,0.0056,0,No,5.6,0.437,4.04,7.1,9.02,4.2,No,None,Mid
9,110.72,3,34,0.244,0.1032,0,No,0.0,0.556,4.16,3.4,8.82,4.0,No,None,Mid
59,99.81,15,28,0.466,0.0584,2,No,1.2,0.336,3.21,4.5,6.68,5.7,No,Low,High
34,44.66,1,59,0.302,0.0344,0,No,3.0,0.939,3.82,3.08,8.71,4.8,No,None,Mid
39,144.5,10,19,0.073,0.0176,1,No,0.0,0.458,4.48,4.38,8.75,2.6,No,Low,Low
50,76.64,13,77,0.22,0.0152,0,No,4.7,0.548,5.0,3.15,9.95,4.1,No,None,Low
34,72.61,9,8,0.096,0.056,1,No,0.2,0.867,4.74,4.97,8.89,3.2,No,Low,Low
33,34.58,17,24,0.218,0.0472,0,Yes,0.0,0.893,3.26,4.37,8.1,4.3,No,None,Low
60,53.99,16,7,0.086,0.0064,1,No,3.3,0.475,4.4,6.28,8.71,3.3,No,Low,Low
11,93.43,3,17,0.074,0.0112,2,Yes,0.8,0.87,3.61,4.52,7.24,3.0,No,Low,Low
13,44.46,1,21,0.304,0.0472,1,No,5.3,0.601,3.49,5.75,7.67,4.9,No,Low,Mid
1,41.6,1,0,0.184,0.04,0,No,2.2,0.274,4.09,5.77,8.96,4.0,No,None,Low
41,77.25,11,3,0.343,0.0344,3,No,5.1,0.473,3.57,6.92,6.46,4.9,No,Medium,Mid
18,50.95,5,12,0.376,0.0136,0,No,5.2,0.514,3.42,6.3,8.37,5.3,No,None,Mid
51,43.37,1,19,0.212,0.0288,1,No,2.8,0.835,2.67,5.02,6.91,4.2,No,Low,Low
15,27.31,1,92,0.647,0.0448,0,No,5.0,0.914,4.17,2.1,9.02,7.4,Yes,None,High
29,76.74,8,7,0.279,0.0544,0,No,0.0,0.722,5.0,4.92,9.82,4.5,No,None,Mid
59,29.05,15,2,0.172,0.0424,1,Yes,3.5,0.197,3.34,6.57,7.53,4.0,No,Low,Low
41,160.6,1,20,0.17,0.104,1,No,2.3,0.491,4.26,4.8,8.25,3.2,No,Low,Low
6,113.04,4,138,0.186,0.0432,1,No,3.9,0.19,3.02,1.43,7.21,3.6,Yes,Low,Low
54,26.91,14,40,0.245,0.0224,0,No,3.9,0.64,2.16,4.77,7.09,4.6,No,None,Mid
25,73.31,1,63,0.239,0.0584,2,No,2.8,0.629,3.68,2.82,7.15,4.2,Yes,Low,Mid
23,217.25,18,17,0.035,0.036,0,No,4.5,0.603,3.09,6.25,7.97,1.9,No,None,Low
35,95.35,1,53,0.176,0.1728,2,No,2.1,0.292,2.79,3.08,5.88,3.7,Yes,Low,Low
57,21.87,1,7,0.533,0.0208,1,No,0.0,0.341,3.15,4.68,7.41,6.6,No,Low,High
30,32.05,1,106,0.358,0.0968,0,No,5.8,0.913,4.66,1.97,9.34,5.3,Yes,None,Mid
20,65.85,6,45,0.239,0.0816,1,No,4.8,0.525,3.67,4.55,7.73,4.3,No,Low,Mid
42,74.07,11,17,0.366,0.0432,0,No,5.0,0.753,4.83,6.18,9.69,5.1,No,None,Mid
51,29.69,13,7,0.156,0.0112,0,No,0.2,0.622,4.7,5.15,9.66,3.9,No,None,Low
9,94.6,12,10,0.373,0.1288,0,No,6.6,0.765,4.07,7.1,8.64,5.0,No,None,Mid
19,48.99,1,17,0.351,0.008,0,No,4.3,0.393,4.77,5.62,9.74,5.2,No,None,Mid
17,156.43,5,44,0.341,0.0168,0,No,1.4,0.375,3.05,3.43,7.99,4.4,No,None,Mid
13,114.71,7,17,0.611,0.164,0,No,3.9,0.3,3.28,5.68,7.73,6.6,No,None,High
26,49.04,14,44,0.406,0.012,1,No,0.5,0.485,4.08,3.43,8.37,5.5,No,Low,Mid
59,107.01,60,71,0.188,0.0064,0,Yes,3.9,0.622,4.33,4.42,9.31,3.7,No,None,Low
51,76.32,1,68,0.459,0.0184,1,No,0.5,0.667,4.57,1.8,8.84,5.8,Yes,Low,High
35,61.26,9,1,0.262,0.1248,2,No,1.8,0.847,3.79,5.85,7.04,4.5,No,Low,Mid
59,41.99,1,29,0.432,0.064,0,No,2.6,0.811,5.0,4.45,9.79,5.8,No,None,Mid
21,90.31,1,22,0.127,0.0016,0,No,3.8,0.409,5.0,5.2,9.99,3.3,No,None,Low
9,34.11,3,24,0.407,0.0912,1,Yes,2.7,0.558,2.54,4.8,6.57,5.6,No,Low,Mid
55,34.79,14,77,0.22,0.0608,0,No,5.6,0.819,5.0,3.48,9.8,4.3,Yes,None,Low
35,68.78,1,15,0.162,0.1192,2,No,5.3,0.72,3.46,6.05,6.73,3.7,No,Low,Low
44,90.97,12,24,0.206,0.0016,1,No,0.2,0.648,5.0,4.27,9.33,3.9,No,Low,Low
35,168.74,1,1,0.28,0.004,2,No,4.1,0.617,3.53,6.35,7.18,3.9,No,Low,Mid
20,149.3,11,46,0.078,0.0512,1,No,0.5,0.505,3.87,3.23,8.03,2.7,No,Low,Low
7,105.37,2,7,0.098,0.144,3,No,2.0,0.583,2.07,5.38,4.59,3.1,No,Medium,Low
47,83.37,1,14,0.222,0.0136,1,No,2.4,0.813,2.08,5.13,6.37,4.1,No,Low,Low
4,56.29,1,70,0.202,0.1272,0,No,2.6,0.241,4.81,2.4,9.39,4.1,Yes,None,Low
41,83.93,11,134,0.328,0.0232,0,No,0.0,0.316,4.72,1.0,9.64,4.8,Yes,None,Mid
51,106.29,39,31,0.584,0.1512,1,No,1.9,0.406,3.84,5.38,7.67,6.5,No,Low,High
23,84.78,1,16,0.332,0.02,1,Yes,2.5,0.473,4.72,5.07,8.99,4.8,No,Low,Mid
10,64.97,3,28,0.159,0.112,0,No,2.3,0.41,4.41,4.47,9.04,3.7,No,None,Low
41,129.87,11,36,0.356,0.1088,1,No,5.0,0.725,4.39,5.23,8.36,4.7,No,Low,Mid
53,82.08,1,42,0.181,0.0128,0,No,0.4,0.569,3.68,3.07,8.64,3.8,No,None,Low
36,128.84,19,9,0.145,0.0592,4,No,6.9,0.442,2.73,7.48,4.87,3.2,No,Medium,Low
11,77.92,9,28,0.213,0.1048,0,Yes,5.0,0.767,3.54,5.57,8.19,4.0,No,None,Low
60,26.6,16,20,0.092,0.04,0,No,1.3,0.41,5.0,4.97,9.87,3.5,No,None,Low
32,20.87,9,85,0.11,0.0416,0,No,1.3,0.685,4.55,1.48,9.41,3.6,Yes,None,Low
32,125.64,9,19,0.227,0.1048,0,Yes,5.2,0.548,3.95,6.08,8.6,3.8,No,None,Mid
32,67.04,1,99,0.625,0.2432,3,No,3.4,0.915,3.43,1.22,5.62,7.0,Yes,Medium,High
50,38.46,13,2,0.129,0.0656,0,Yes,1.2,0.859,2.75,5.73,7.53,3.7,No,None,Low
37,50.93,10,59,0.168,0.0544,1,Yes,4.6,0.194,2.14,3.92,6.29,3.9,No,Low,Low
35,42.15,1,25,0.259,0.3064,4,No,0.6,0.488,4.1,3.98,5.41,4.6,Yes,Medium,Mid
51,28.73,1,1,0.161,0.0224,0,No,2.6,0.544,4.16,5.85,9.09,4.0,No,None,Low
58,377.39,1,25,0.687,0.0712,0,No,3.6,0.409,3.91,4.98,8.67,5.5,No,None,Extreme
55,32.94,14,16,0.034,0.12,1,No,5.0,0.864,3.81,6.33,7.74,3.0,No,Low,Low
12,41.25,4,16,0.224,0.0144,2,No,5.0,0.729,3.16,6.0,6.78,4.3,No,Low,Low
6,110.97,2,44,0.5,0.0528,1,No,5.0,0.741,3.33,4.53,7.49,5.8,No,Low,High
16,78.93,1,1,0.256,0.1752,2,No,4.4,0.185,4.55,6.45,7.63,4.3,No,Low,Mid
19,48.56,5,5,0.579,0.0272,1,No,3.5,0.735,4.31,6.08,8.55,6.8,No,Low,High
41,80.84,1,22,0.181,0.0304,0,No,3.1,0.639,3.5,4.97,8.4,3.8,No,None,Low
39,50.76,59,50,0.341,0.1,1,Yes,1.4,0.62,4.95,4.63,8.95,5.1,No,Low,Mid
40,68.46,11,19,0.217,0.0368,1,No,4.2,0.746,3.95,5.82,8.16,4.1,No,Low,Low
36,84.13,1,4,0.408,0.0208,0,No,3.9,0.822,4.8,6.13,9.73,5.4,No,None,Mid
55,71.67,14,10,0.067,0.0912,1,No,4.3,0.278,3.5,6.4,7.53,3.0,No,Low,Low
9,181.8,7,7,0.411,0.0008,1,No,3.5,0.217,2.6,6.05,6.93,4.8,No,Low,Mid
40,82.05,1,6,0.509,0.0344,1,No,3.9,0.872,2.48,6.03,6.7,6.1,No,Low,High
23,105.44,6,9,0.446,0.0984,3,No,3.5,0.501,2.78,5.92,5.45,5.5,No,Medium,Mid
37,126.4,28,8,0.252,0.0288,0,No,2.4,0.472,4.33,6.33,9.23,4.0,No,None,Mid
46,124.46,24,4,0.275,0.0248,1,Yes,3.4,0.235,3.53,6.73,7.78,4.2,No,Low,Mid
47,66.84,1,3,0.112,0.1088,0,No,5.7,0.616,4.1,6.78,8.74,3.4,No,None,Low
24,25.56,1,1,0.18,0.0552,3,Yes,2.4,0.956,3.65,5.78,6.47,4.1,No,Medium,Low
29,241.09,22,49,0.344,0.1008,3,No,2.2,0.827,2.31,4.02,4.97,4.0,Yes,Medium,Mid
56,196.29,43,8,0.376,0.0216,0,Yes,5.6,0.454,3.92,7.9,8.85,4.5,No,None,Mid
20,101.67,16,32,0.732,0.0024,1,No,2.9,0.69,3.57,4.9,7.9,7.5,No,Low,Extreme
44,140.46,1,28,0.556,0.0792,2,No,5.6,0.589,4.11,5.5,7.51,6.0,No,Low,High
9,47.31,1,10,0.315,0.0328,0,No,5.0,0.572,4.1,6.2,8.99,4.9,No,None,Mid
17,38.86,1,13,0.284,0.0136,2,Yes,0.1,0.936,5.0,4.42,8.62,4.8,No,Low,Mid
57,50.24,29,13,0.267,0.0488,2,No,3.0,0.603,3.4,6.32,6.9,4.6,No,Low,Mid
49,41.54,13,24,0.325,0.2664,1,Yes,0.0,0.652,4.44,4.23,7.89,5.0,No,Low,Mid
30,21.62,1,5,0.401,0.0536,2,No,1.6,0.649,3.9,5.32,7.39,5.7,No,Low,Mid
21,104.74,16,53,0.133,0.0648,0,Yes,3.8,0.776,5.0,4.15,9.78,3.3,No,None,Low
6,19.55,2,13,0.525,0.0808,1,No,4.5,0.882,3.98,5.92,8.04,6.6,No,Low,High
10,34.63,3,34,0.34,0.148,1,No,4.7,0.616,3.28,4.97,7.12,5.2,No,Low,Mid
13,79.56,1,35,0.272,0.0576,1,No,1.7,0.658,3.97,3.85,8.11,4.4,No,Low,Mid
59,76.34,1,32,0.203,0.196,0,No,5.0,0.388,4.17,5.1,8.52,4.0,No,None,Low
13,78.55,4,9,0.325,0.1048,1,No,8.6,0.666,4.7,7.55,8.68,4.8,No,Low,Mid
37,25.05,1,4,0.392,0.1216,0,Yes,3.0,0.554,2.74,5.83,7.33,5.6,No,None,Mid
13,132.55,1,6,0.525,0.0152,1,No,4.2,0.561,3.43,6.13,7.71,5.9,No,Low,High
52,41.5,14,38,0.204,0.0248,0,Yes,4.3,0.583,5.0,5.0,9.92,4.2,No,None,Low
53,71.27,14,30,0.556,0.024,0,Yes,2.7,0.57,4.28,4.87,9.2,6.5,No,None,High
11,21.18,1,90,0.127,0.0576,0,Yes,4.4,0.86,3.77,2.0,8.58,3.8,Yes,None,Low
12,199.47,1,13,0.253,0.032,3,No,4.7,0.858,3.68,5.95,6.57,3.6,No,Medium,Mid
55,80.7,28,4,0.342,0.08,0,No,1.1,0.609,4.4,6.1,9.13,4.9,No,None,Mid
60,100.19,31,34,0.112,0.0712,1,Yes,1.4,0.601,4.01,4.8,8.11,3.2,No,Low,Low
44,52.6,12,23,0.215,0.088,1,Yes,1.1,0.351,3.63,4.62,7.67,4.2,No,Low,Low
59,124.72,15,53,0.505,0.0408,2,No,7.1,0.692,3.27,5.22,6.8,5.8,No,Low,High
60,104.47,1,33,0.422,0.0096,0,No,5.2,0.721,4.46,5.12,9.43,5.3,No,None,Mid
13,47.66,1,36,0.251,0.1824,1,No,2.3,0.825,4.07,4.0,7.8,4.5,No,Low,Mid
18,40.81,5,0,0.354,0.2128,1,No,0.0,0.661,4.22,5.17,7.84,5.2,No,Low,Mid
59,128.74,15,11,0.155,0.052,0,No,2.6,0.485,5.0,5.82,9.83,3.3,No,None,Low
7,94.08,2,16,0.133,0.0168,2,No,0.1,0.719,3.12,4.3,6.73,3.4,No,Low,Low
13,263.97,1,48,0.151,0.0664,3,No,5.1,0.46,4.16,4.33,6.94,2.5,No,Medium,Low
57,60.86,15,69,0.627,0.0112,1,Yes,0.0,0.945,3.87,2.05,8.17,7.0,Yes,Low,High
39,30.37,20,11,0.273,0.0376,1,No,2.6,0.903,3.1,5.98,7.31,4.7,No,Low,Mid
36,79.07,1,60,0.083,0.0184,1,No,2.3,0.568,4.09,2.8,8.36,3.1,Yes,Low,Low
8,68.95,1,32,0.228,0.068,0,No,1.6,0.919,4.28,3.97,9.05,4.2,No,None,Mid
10,66.16,1,8,0.115,0.1544,4,No,2.7,0.947,3.06,5.53,4.88,3.4,No,Medium,Low
8,119.26,3,7,0.374,0.0496,2,No,4.3,0.771,2.91,6.18,6.41,4.9,No,Low,Mid
57,79.38,1,5,0.419,0.2264,2,No,0.8,0.133,2.98,5.05,5.89,5.5,No,Low,Mid
38,13.84,1,43,0.304,0.0728,1,No,6.2,0.451,4.19,4.95,8.28,5.0,No,Low,Mid
49,92.03,25,1,0.395,0.04,0,No,4.1,0.287,3.59,7.15,8.46,5.2,No,None,Mid
9,88.4,3,13,0.167,0.0928,0,No,3.6,0.538,4.44,5.65,9.13,3.6,No,None,Low
25,25.53,1,46,0.182,0.0328,0,No,3.3,0.677,3.69,3.83,8.58,4.1,No,None,Low
33,17.45,9,22,0.299,0.0352,0,No,3.4,0.246,5.0,5.33,9.88,5.0,No,None,Mid
57,89.07,15,16,0.103,0.148,2,No,6.6,0.938,4.42,6.9,7.59,3.2,No,Low,Low
49,84.06,13,57,0.217,0.032,0,No,1.3,0.328,4.41,3.02,9.3,4.0,No,None,Low
12,88.94,7,22,0.38,0.0,0,No,3.6,0.408,4.14,5.33,9.14,5.1,No,None,Mid
18,102.02,10,2,0.334,0.0304,2,No,1.9,0.755,3.05,5.87,6.62,4.7,No,Low,Mid
22,145.06,6,8,0.425,0.3248,4,No,3.6,0.786,2.87,6.0,4.12,5.1,No,Medium,Mid
55,38.94,28,114,0.439,0.0352,1,Yes,2.2,0.333,3.78,1.67,8.0,5.8,Yes,Low,Mid
39,75.33,20,18,0.113,0.1824,0,No,1.1,0.672,4.22,5.13,8.61,3.3,No,None,Low
48,31.14,1,33,0.221,0.2256,4,No,1.3,0.574,2.82,3.82,4.4,4.4,Yes,Medium,Low
38,55.77,20,4,0.214,0.0504,0,Yes,4.2,0.671,2.72,6.87,7.55,4.2,No,None,Low
8,71.85,1,1,0.251,0.1656,2,No,4.7,0.695,4.32,6.55,7.43,4.3,No,Low,Mid
56,146.96,15,2,0.526,0.0848,3,No,4.0,0.584,4.37,6.73,7.09,5.8,No,Medium,High
1,30.16,1,33,0.163,0.0872,1,No,5.4,0.664,3.31,5.18,7.35,4.0,No,Low,Low
9,25.8,5,27,0.193,0.0488,1,No,4.5,0.59,3.14,5.32,7.31,4.2,No,Low,Low
4,58.48,1,13,0.391,0.18,2,Yes,3.3,0.43,4.6,5.48,7.67,5.4,No,Low,Mid
20,86.74,1,5,0.045,0.0456,2,No,7.1,0.755,3.68,7.15,7.19,2.8,No,Low,Low
60,31.41,1,46,0.346,0.0224,0,No,2.3,0.798,3.82,3.5,8.75,5.2,No,None,Mid
41,137.52,1,46,0.386,0.0088,1,Yes,2.2,0.79,4.83,3.47,9.13,4.9,No,Low,Mid
48,118.61,37,6,0.513,0.1888,1,No,4.1,0.671,4.87,7.3,8.57,5.9,No,Low,High
10,73.0,1,65,0.275,0.0288,0,No,1.9,0.765,3.27,2.42,8.17,4.5,Yes,None,Mid
12,61.62,7,41,0.531,0.0792,0,No,3.4,0.521,5.0,4.32,9.74,6.3,No,None,High
50,46.09,26,15,0.05,0.0328,1,No,3.8,0.545,4.29,6.38,8.51,3.1,No,Low,Low
28,39.46,15,10,0.464,0.0688,1,No,3.3,0.753,2.48,6.1,6.58,6.0,No,Low,High
27,48.69,14,67,0.291,0.0552,0,No,1.9,0.332,3.92,2.75,8.74,4.7,Yes,None,Mid
22,142.59,12,109,0.476,0.0712,0,Yes,5.9,0.27,4.52,2.37,9.28,5.5,Yes,None,High
34,63.25,1,12,0.32,0.0736,1,No,0.8,0.502,3.89,4.7,7.98,4.9,No,Low,Mid
41,163.94,11,39,0.565,0.0392,2,No,2.6,0.422,3.56,4.28,7.1,6.0,No,Low,High
28,116.66,1,15,0.136,0.0648,1,No,1.5,0.309,4.01,4.78,8.13,3.3,No,Low,Low
43,28.82,1,9,0.259,0.2616,1,No,3.3,0.277,3.46,5.68,6.92,4.6,No,Low,Mid
12,112.41,1,5,0.141,0.2144,1,No,2.9,0.659,3.37,5.75,6.99,3.3,No,Low,Low
13,44.86,4,4,0.115,0.0616,0,No,3.3,0.875,4.19,6.03,8.98,3.5,No,None,Low
32,48.78,1,128,0.054,0.1568,0,Yes,2.2,0.322,5.0,1.0,9.48,3.1,Yes,None,Low
51,28.67,13,2,0.241,0.192,0,No,2.8,0.669,3.59,6.27,7.95,4.5,No,None,Mid
30,95.06,8,69,0.045,0.0592,0,No,1.6,0.814,4.95,2.35,9.75,2.7,Yes,None,Low
30,170.82,8,60,0.324,0.0856,1,No,3.8,0.514,3.47,3.53,7.52,4.2,Yes,Low,Mid
43,242.33,11,18,0.212,0.0944,1,No,1.3,0.411,4.45,4.9,8.47,3.0,No,Low,Low
22,84.99,6,29,0.252,0.0552,0,No,5.0,0.55,4.37,5.42,9.19,4.3,No,None,Mid
35,40.15,9,29,0.228,0.0016,1,Yes,0.5,0.54,2.48,4.02,6.81,4.4,No,Low,Mid
37,109.88,10,32,0.124,0.1048,1,No,3.3,0.838,2.98,4.83,6.96,3.2,No,Low,Low
35,225.92,9,9,0.3,0.0032,1,Yes,4.7,0.699,3.94,6.42,8.26,3.7,No,Low,Mid
44,59.52,1,5,0.211,0.1032,1,No,6.5,0.751,2.79,6.95,6.78,4.1,No,Low,Low
45,39.94,23,46,0.473,0.0072,1,Yes,4.2,0.305,3.74,4.87,8.05,6.1,No,Low,High
40,41.78,1,35,0.345,0.0296,1,No,5.3,0.614,4.11,5.05,8.34,5.2,No,Low,Mid
52,98.22,14,20,0.374,0.052,1,No,4.5,0.807,3.14,5.97,7.3,5.0,No,Low,Mid
19,44.78,1,2,0.147,0.1584,2,No,2.8,0.468,3.47,5.87,6.61,3.8,No,Low,Low
13,48.64,1,28,0.233,0.0376,0,No,1.5,0.53,4.84,4.13,9.71,4.3,No,None,Mid
56,105.72,43,1,0.404,0.088,0,Yes,4.0,0.602,5.0,7.72,9.71,5.2,No,None,Mid
55,39.24,28,5,0.254,0.0872,1,Yes,3.8,0.314,4.15,6.95,8.19,4.5,No,Low,Mid
17,50.48,1,24,0.401,0.176,2,No,5.0,0.679,4.71,5.5,7.79,5.5,No,Low,Mid
3,188.24,3,21,0.216,0.1112,0,No,2.9,0.6,3.73,5.02,8.36,3.4,No,None,Low
51,77.14,26,9,0.314,0.0088,1,No,4.2,0.772,2.61,6.82,6.91,4.7,No,Low,Mid
20,72.86,1,58,0.674,0.3608,0,No,4.3,0.343,2.8,3.57,6.6,7.3,Yes,None,Extreme
1,76.85,1,18,0.342,0.0464,1,Yes,2.0,0.637,4.09,4.8,8.27,4.9,No,Low,Mid
46,90.3,1,41,0.188,0.1088,3,No,3.2,0.266,4.4,4.05,7.04,3.8,No,Medium,Low
26,48.36,7,25,0.402,0.1368,0,No,1.3,0.356,4.11,4.42,8.65,5.5,No,None,Mid
27,23.46,1,36,0.165,0.0216,0,No,6.1,0.519,4.33,5.27,9.26,4.0,No,None,Low
59,143.35,15,55,0.294,0.008,3,Yes,1.1,0.411,2.97,3.12,5.94,4.2,No,Medium,Mid
41,52.37,21,24,0.073,0.0248,1,Yes,2.9,0.723,5.0,5.47,9.25,3.2,No,Low,Low
2,197.64,2,140,0.235,0.0616,1,Yes,6.6,0.913,4.47,2.27,8.6,3.5,Yes,Low,Mid
23,46.7,1,10,0.415,0.0208,0,No,4.0,0.337,4.03,5.87,8.96,5.6,No,None,Mid
18,42.87,5,37,0.304,0.072,3,No,3.6,0.197,2.6,4.52,5.36,4.9,No,Medium,Mid
40,184.81,11,12,0.191,0.2464,1,No,3.4,0.68,4.35,5.9,7.86,3.2,No,Low,Low
19,34.44,1,31,0.02,0.0128,0,No,0.6,0.455,3.26,3.68,8.22,2.9,No,None,Low
22,77.45,12,23,0.098,0.1496,0,Yes,1.4,0.425,3.71,4.72,8.21,3.2,No,None,Low
56,39.25,1,19,0.537,0.0424,0,Yes,2.4,0.364,2.8,4.88,7.66,6.5,No,None,High
47,74.35,1,27,0.317,0.0264,1,No,5.4,0.25,4.15,5.48,8.4,4.8,No,Low,Mid
5,63.41,1,1,0.264,0.096,3,No,2.3,0.581,3.02,5.75,5.7,4.5,No,Medium,Mid
23,104.73,1,1,0.539,0.04,0,No,7.2,0.733,3.62,7.38,8.49,6.1,No,None,High
44,42.18,12,2,0.229,0.2584,0,No,3.8,0.549,4.03,6.57,8.17,4.3,No,None,Mid
31,105.28,1,26,0.356,0.0848,0,No,4.3,0.61,4.55,5.17,9.27,4.9,No,None,Mid
15,66.46,1,21,0.223,0.3584,2,No,2.4,0.715,3.46,4.78,5.93,4.2,No,Low,Low
28,42.86,1,2,0.114,0.1528,0,No,0.0,0.856,5.0,4.93,9.49,3.5,No,None,Low
25,70.96,7,30,0.147,0.0912,2,No,2.4,0.805,3.0,4.53,6.36,3.6,No,Low,Low
30,36.25,1,8,0.033,0.0824,1,No,1.9,0.657,4.41,5.27,8.47,3.0,No,Low,Low
48,81.37,1,15,0.097,0.1672,2,No,2.2,0.676,3.0,5.02,6.11,3.2,No,Low,Low
5,110.63,2,75,0.256,0.0064,1,No,5.6,0.29,2.59,3.18,6.9,4.1,Yes,Low,Mid
12,69.3,4,4,0.575,0.1104,1,No,3.8,0.453,3.82,6.2,7.79,6.6,No,Low,High
43,39.83,1,10,0.323,0.0552,2,No,1.2,0.495,4.06,4.93,7.54,5.0,No,Low,Mid
47,58.87,12,39,0.288,0.1208,1,No,1.1,0.405,4.19,3.82,8.12,4.7,Yes,Low,Mid
26,94.74,7,29,0.401,0.0112,0,No,2.8,0.333,5.0,4.72,9.96,5.2,No,None,Mid
55,98.65,14,104,0.191,0.2464,2,No,0.0,0.987,3.39,1.0,6.24,3.7,Yes,Low,Low
40,38.8,21,0,0.457,0.0592,2,No,5.0,0.631,4.36,7.37,7.83,6.0,No,Low,High
43,122.15,11,23,0.348,0.0608,0,No,4.2,0.846,2.96,5.62,7.76,4.7,No,None,Mid
26,155.57,7,15,0.429,0.2112,2,No,0.4,0.782,3.9,4.62,6.86,5.1,No,Low,Mid
36,35.32,1,11,0.042,0.1032,1,No,6.1,0.463,4.64,6.52,8.63,3.1,No,Low,Low
8,21.61,7,56,0.152,0.0336,0,No,3.4,0.742,2.92,3.57,7.81,3.9,Yes,None,Low
24,26.0,7,24,0.531,0.004,0,No,0.0,0.678,3.97,4.03,8.96,6.6,No,None,High
17,47.93,5,90,0.468,0.1624,1,No,4.8,0.598,4.56,2.27,8.35,6.0,Yes,Low,High
55,179.06,28,10,0.132,0.0664,0,Yes,0.0,0.508,4.66,5.43,9.44,2.8,No,None,Low
54,57.13,1,24,0.25,0.0776,0,No,1.3,0.282,3.81,4.27,8.55,4.4,No,None,Mid
57,22.53,15,122,0.577,0.0928,1,No,3.3,0.745,4.67,1.6,8.69,6.9,Yes,Low,High
42,60.55,1,6,0.249,0.0296,0,No,6.1,0.457,5.0,6.77,9.9,4.4,No,None,Mid
40,45.98,11,23,0.148,0.024,3,No,2.8,0.738,2.79,5.15,5.71,3.8,No,Medium,Low
36,168.85,10,104,0.432,0.0368,1,No,2.9,0.788,3.11,1.3,7.32,5.0,Yes,Low,Mid
50,301.73,26,7,0.239,0.168,2,No,1.7,0.437,3.08,6.08,6.19,2.9,No,Low,Mid
35,35.41,1,16,0.061,0.0448,2,No,4.2,0.52,3.35,5.63,6.87,3.2,No,Low,Low
23,28.88,1,30,0.182,0.0504,2,No,7.0,0.974,4.97,5.87,8.47,4.1,No,Low,Low
25,62.04,1,14,0.145,0.132,3,No,1.0,0.791,2.15,4.67,4.71,3.6,No,Medium,Low
12,114.77,1,69,0.363,0.0312,0,No,3.8,0.403,4.61,2.85,9.51,4.9,Yes,None,Mid
3,35.08,1,12,0.536,0.036,0,No,0.0,0.893,4.98,4.43,9.86,6.5,No,None,High
39,15.25,10,22,0.184,0.0312,2,No,2.6,0.199,5.0,5.1,8.56,4.2,No,Low,Low
10,37.89,3,17,0.163,0.0352,1,Yes,3.8,0.376,3.92,5.52,8.14,3.9,No,Low,Low
33,36.21,1,36,0.215,0.1016,2,No,2.4,0.384,3.65,4.03,6.98,4.3,No,Low,Low
30,106.07,23,14,0.278,0.0832,3,No,1.9,0.538,2.71,5.7,5.43,4.3,No,Medium,Mid
28,50.95,8,13,0.299,0.0256,0,No,2.0,0.739,5.0,5.28,9.91,4.8,No,None,Mid
35,130.25,9,9,0.393,0.0768,3,No,2.7,0.568,3.79,5.75,6.53,5.0,No,Medium,Mid
18,36.29,14,8,0.121,0.0136,0,No,0.9,0.308,3.4,5.37,8.35,3.6,No,None,Low
54,99.48,28,57,0.274,0.0416,2,Yes,3.6,0.302,3.28,4.28,6.81,4.3,No,Low,Mid
9,131.6,1,44,0.418,0.0128,1,No,2.6,0.78,2.53,3.7,6.82,5.1,No,Low,Mid
13,53.39,1,31,0.299,0.0024,1,Yes,0.7,0.897,3.74,3.72,8.07,4.8,No,Low,Mid
19,50.87,15,57,0.225,0.1208,1,No,5.6,0.87,4.22,4.52,8.15,4.3,No,Low,Low
14,31.43,8,4,0.313,0.008,0,No,3.4,0.46,4.18,6.2,9.15,5.0,No,None,Mid
29,30.28,1,13,0.518,0.0152,1,No,1.4,0.347,2.83,4.85,7.11,6.4,No,Low,High
32,60.01,17,5,0.226,0.0312,2,No,2.7,0.77,3.42,6.22,6.98,4.2,No,Low,Low
56,315.35,15,2,0.423,0.0712,4,No,1.7,0.799,4.04,5.97,6.14,4.1,No,Medium,Mid
47,87.82,12,10,0.169,0.028,0,No,2.1,0.858,3.51,5.6,8.42,3.7,No,None,Low
25,104.64,13,8,0.275,0.0128,1,Yes,4.6,0.827,4.56,6.57,8.85,4.3,No,Low,Mid
24,51.85,1,69,0.189,0.0496,0,No,3.2,0.814,3.52,2.65,8.35,4.0,Yes,None,Low
41,19.84,11,59,0.126,0.076,1,No,5.1,0.579,3.58,4.12,7.66,3.8,Yes,Low,Low
41,54.7,1,15,0.051,0.0632,1,Yes,2.9,0.597,3.7,5.25,7.82,3.0,No,Low,Low
35,63.93,9,14,0.403,0.016,0,No,5.3,0.188,2.71,6.37,7.66,5.4,No,None,Mid
25,35.92,7,55,0.327,0.148,0,No,2.7,0.586,4.39,3.38,8.9,5.1,Yes,None,Mid
44,37.65,12,16,0.27,0.0496,0,Yes,4.4,0.314,4.12,6.07,8.95,4.7,No,None,Mid
17,26.29,9,6,0.148,0.0824,0,Yes,4.4,0.378,4.34,6.47,9.07,3.9,No,None,Low
4,50.0,3,32,0.547,0.024,2,No,1.4,0.569,3.66,3.97,7.25,6.5,No,Low,High
12,68.51,4,40,0.096,0.1904,0,No,4.1,0.68,4.32,4.5,8.69,3.3,No,None,Low
42,77.01,1,1,0.305,0.032,2,No,1.7,0.463,3.54,5.55,7.1,4.7,No,Low,Mid
33,70.04,1,41,0.294,0.0168,1,No,3.8,0.9,4.5,4.25,8.78,4.6,No,Low,Mid
50,199.49,1,15,0.124,0.0664,1,No,2.7,0.566,4.91,5.18,9.02,2.7,No,Low,Low
20,26.68,1,32,0.2,0.044,0,No,1.6,0.786,5.0,3.97,9.85,4.2,No,None,Low
58,35.56,15,14,0.4,0.0488,2,No,2.6,0.538,3.89,5.67,7.39,5.6,No,Low,Mid
32,152.86,1,1,0.47,0.0296,0,No,2.5,0.309,4.18,5.82,9.08,5.4,No,None,High
8,104.39,3,2,0.34,0.0288,0,No,1.6,0.546,4.98,5.53,9.88,4.8,No,None,Mid
26,157.27,1,48,0.091,0.0048,0,No,1.3,0.402,4.65,3.07,9.63,2.7,No,None,Low
59,79.93,15,4,0.146,0.2,1,No,0.3,0.402,3.27,5.4,6.94,3.5,No,Low,Low
22,81.25,1,112,0.432,0.0008,1,No,3.0,0.438,4.71,1.03,9.04,5.5,Yes,Low,Mid
43,48.26,44,3,0.256,0.0208,1,No,5.0,0.388,2.97,7.98,7.23,4.5,No,Low,Mid
36,60.99,1,39,0.128,0.1744,1,No,0.0,0.741,3.47,3.08,7.22,3.5,No,Low,Low
52,88.74,14,70,0.345,0.0088,0,Yes,2.9,0.603,2.88,2.93,7.85,4.9,Yes,None,Mid
22,72.92,12,76,0.576,0.0544,0,Yes,3.7,0.295,4.25,2.83,9.07,6.6,No,None,High
1,178.84,1,23,0.58,0.0048,0,Yes,2.8,0.751,3.16,4.82,8.14,6.0,No,None,High
21,341.79,1,40,0.29,0.012,0,No,3.1,0.521,5.0,4.07,9.96,3.0,No,None,Mid
52,54.66,27,73,0.319,0.0032,0,No,3.0,0.891,3.47,3.25,8.46,4.9,Yes,None,Mid
56,75.67,15,63,0.358,0.0088,0,Yes,1.8,0.092,3.52,2.95,8.49,5.1,No,None,Mid
42,64.42,1,50,0.201,0.0544,0,No,1.7,0.782,4.3,3.1,9.12,4.0,No,None,Low
47,55.99,24,61,0.289,0.032,1,No,4.3,0.47,2.95,4.18,7.18,4.7,Yes,Low,Mid
60,28.26,1,39,0.608,0.0016,1,No,3.3,0.954,4.82,4.18,9.15,7.1,No,Low,High
25,109.11,1,10,0.448,0.0128,0,Yes,3.0,0.213,5.0,5.53,9.96,5.5,No,None,Mid
58,95.78,15,105,0.171,0.144,2,No,1.5,0.198,3.82,1.0,7.01,3.6,Yes,Low,Low
2,61.17,2,8,0.148,0.0392,0,Yes,5.9,0.947,4.06,6.63,8.93,3.7,No,None,Low
34,94.65,9,18,0.271,0.0504,0,No,2.8,0.665,3.37,5.33,8.2,4.3,No,None,Mid
60,111.92,1,22,0.202,0.1472,1,No,3.0,0.729,4.11,4.93,7.95,3.7,No,Low,Low
40,91.68,1,5,0.265,0.044,0,No,1.4,0.706,4.62,5.25,9.47,4.3,No,None,Mid
38,61.0,20,4,0.045,0.0504,1,No,5.0,0.519,4.78,7.13,8.95,2.9,No,Low,Low
28,70.38,1,7,0.282,0.0848,4,No,6.0,0.663,3.92,6.68,5.97,4.6,No,Medium,Mid
24,73.81,1,9,0.343,0.0224,0,No,2.6,0.504,5.0,5.45,9.93,5.0,No,None,Mid
47,175.61,24,1,0.145,0.2064,0,No,2.3,0.727,5.0,6.52,9.31,3.0,No,None,Low
33,187.19,25,9,0.582,0.0056,1,Yes,1.7,0.897,3.43,5.95,7.74,6.0,No,Low,High
3,57.2,1,63,0.185,0.0216,1,No,0.0,0.841,4.17,1.88,8.43,4.0,Yes,Low,Low
30,24.03,1,1,0.217,0.0,2,No,2.1,0.556,3.03,5.68,6.7,4.4,No,Low,Low
7,143.09,4,37,0.098,0.0128,1,No,0.7,0.599,3.58,3.52,7.87,2.8,No,Low,Low
39,278.09,1,72,0.131,0.1152,1,No,1.4,0.746,1.76,1.9,5.71,2.2,Yes,Low,Low
53,69.69,1,96,0.469,0.0328,0,No,2.2,0.848,4.7,1.0,9.59,5.9,Yes,None,High
57,136.94,1,0,0.238,0.24,1,No,5.5,0.571,3.93,6.87,7.46,3.8,No,Low,Mid
45,47.1,1,10,0.446,0.0816,2,No,1.9,0.763,4.17,5.17,7.56,5.8,No,Low,Mid
2,59.03,2,6,0.391,0.1888,0,No,5.7,0.846,4.66,6.67,9.03,5.4,No,None,Mid
49,55.61,1,40,0.145,0.0328,0,Yes,1.3,0.337,3.67,3.47,8.56,3.7,No,None,Low
35,75.51,9,32,0.088,0.004,0,No,2.7,0.663,4.62,4.6,9.61,3.2,No,None,Low
32,37.42,9,1,0.349,0.0392,1,Yes,4.5,0.729,4.16,6.75,8.36,5.2,No,Low,Mid
23,168.32,6,73,0.221,0.0248,0,No,2.8,0.943,3.45,2.48,8.37,3.5,Yes,None,Low
24,92.36,13,20,0.179,0.0904,1,No,2.3,0.306,3.0,5.2,7.03,3.7,No,Low,Low
24,95.55,13,1,0.523,0.0112,1,Yes,3.7,0.49,3.58,6.62,7.88,6.1,No,Low,High
44,51.41,34,8,0.259,0.0096,1,No,3.2,0.589,4.02,6.8,8.32,4.5,No,Low,Mid
18,20.97,5,6,0.093,0.012,1,No,4.3,0.623,4.1,6.3,8.39,3.5,No,Low,Low
6,59.81,4,15,0.292,0.0032,0,No,6.6,0.973,2.21,6.58,7.2,4.7,No,None,Mid
37,115.8,10,11,0.143,0.0616,3,No,4.5,0.528,3.98,6.28,6.77,3.3,No,Medium,Low
34,82.01,18,15,0.288,0.1032,1,No,3.7,0.482,4.28,6.08,8.27,4.5,No,Low,Mid
42,86.56,11,24,0.209,0.0024,0,Yes,2.5,0.892,4.52,5.0,9.51,3.9,No,None,Low
49,59.12,37,18,0.119,0.0088,0,Yes,3.2,0.885,3.69,6.4,8.66,3.5,No,None,Low
36,45.6,1,15,0.393,0.0928,0,No,1.0,0.319,4.07,4.62,8.76,5.5,No,None,Mid
54,115.59,41,46,0.458,0.0344,1,Yes,6.3,0.339,3.36,6.17,7.58,5.5,No,Low,High
9,90.36,1,16,0.401,0.0088,1,No,4.8,0.982,4.27,5.83,8.57,5.3,No,Low,Mid
28,40.44,15,5,0.346,0.0016,0,No,5.4,0.939,3.68,7.05,8.67,5.2,No,None,Mid
9,95.63,1,8,0.193,0.04,1,No,3.5,0.507,4.03,5.8,8.23,3.8,No,Low,Low
12,87.01,7,5,0.159,0.0088,0,No,1.7,0.691,4.27,5.55,9.24,3.6,No,None,Low
51,88.17,13,30,0.301,0.1968,3,No,0.0,0.896,3.16,3.93,5.5,4.6,No,Medium,Mid
60,85.24,16,21,0.375,0.0896,2,No,1.0,0.602,3.63,4.82,7.0,5.1,No,Low,Mid
59,68.82,1,7,0.146,0.0976,2,No,1.7,0.707,2.46,5.25,5.8,3.6,No,Low,Low
9,26.75,5,4,0.285,0.0752,0,No,0.2,0.721,5.0,5.03,9.75,4.8,No,None,Mid
44,105.12,12,7,0.125,0.0648,0,Yes,1.7,0.38,5.0,5.62,9.78,3.2,No,None,Low
38,97.9,10,36,0.157,0.1536,0,No,1.1,0.832,3.44,3.9,7.93,3.5,No,None,Low
59,58.62,1,30,0.256,0.096,3,No,1.9,0.744,3.18,4.17,5.86,4.4,No,Medium,Mid
56,42.27,43,81,0.246,0.0464,1,Yes,5.0,0.624,3.17,4.05,7.35,4.5,No,Low,Mid
24,49.98,13,3,0.205,0.016,2,No,0.0,0.688,3.56,5.28,7.17,4.1,No,Low,Low
48,114.21,25,18,0.259,0.0016,0,Yes,6.0,0.491,4.1,6.93,9.09,4.1,No,None,Mid
35,72.38,9,5,0.602,0.12,0,No,4.3,0.712,5.0,6.48,9.6,6.8,No,None,High
19,44.51,10,85,0.196,0.0576,0,Yes,2.2,0.597,4.43,1.82,9.24,4.1,Yes,None,Low
31,55.44,16,32,0.268,0.1416,1,No,1.8,0.526,3.37,4.53,7.23,4.5,No,Low,Mid
41,171.21,11,92,0.156,0.0552,1,No,0.0,0.838,2.2,1.0,6.35,3.1,Yes,Low,Low
58,20.66,1,46,0.182,0.0,0,No,5.2,0.778,5.0,4.47,10.0,4.2,No,None,Low
19,28.69,1,64,0.434,0.0912,0,No,5.7,0.144,3.67,3.73,8.37,5.9,Yes,None,Mid
4,102.22,1,134,0.376,0.0216,0,Yes,2.0,0.522,2.99,1.0,7.92,5.0,Yes,None,Mid
47,77.78,59,0,0.305,0.0168,0,Yes,3.9,0.827,3.4,7.97,8.34,4.7,No,None,Mid
55,13.54,42,68,0.439,0.0576,1,No,3.4,0.83,4.39,4.13,8.53,6.0,Yes,Low,Mid
9,72.42,3,36,0.273,0.0632,0,No,2.4,0.845,4.22,4.1,9.01,4.5,No,None,Mid
60,127.5,31,49,0.058,0.1192,1,No,4.0,0.555,4.57,4.92,8.51,2.6,No,Low,Low
19,18.37,1,17,0.314,0.0432,2,No,2.3,0.4,3.7,4.95,7.22,5.1,No,Low,Mid
33,56.58,1,7,0.061,0.0192,1,No,4.6,0.47,3.23,6.22,7.5,3.1,No,Low,Low
18,81.32,5,18,0.481,0.0408,0,No,1.4,0.582,4.13,4.73,8.99,5.9,No,None,High
26,60.51,14,23,0.088,0.1096,2,No,4.2,0.907,4.54,5.72,7.84,3.3,No,Low,Low
52,55.32,14,14,0.152,0.044,1,No,1.5,0.886,3.21,5.27,7.4,3.7,No,Low,Low
39,83.73,20,75,0.398,0.052,0,No,2.5,0.531,5.0,2.75,9.83,5.3,Yes,None,Mid
33,55.38,1,2,0.521,0.0552,0,No,3.0,0.373,2.92,5.93,7.74,6.3,No,None,High
14,77.45,8,103,0.165,0.0896,0,No,2.3,0.591,4.87,1.03,9.57,3.7,Yes,None,Low
52,61.19,14,11,0.387,0.0168,1,No,2.9,0.553,3.31,5.88,7.59,5.3,No,Low,Mid
34,251.41,1,9,0.323,0.152,0,No,0.8,0.534,4.54,4.85,9.03,3.8,No,None,Mid
23,43.93,1,63,0.271,0.0352,1,No,4.4,0.854,3.54,3.35,7.76,4.6,Yes,Low,Mid
32,28.18,1,75,0.346,0.1152,0,No,3.9,0.476,5.0,2.58,9.62,5.3,Yes,None,Mid
7,135.94,1,25,0.328,0.0496,0,No,0.1,0.55,3.63,3.82,8.46,4.5,No,None,Mid
39,30.61,10,10,0.214,0.056,1,No,4.1,0.579,3.88,6.2,8.03,4.3,No,Low,Low
12,67.84,1,20,0.207,0.048,0,No,1.8,0.792,4.68,4.63,9.52,4.0,No,None,Low
6,65.56,2,20,0.104,0.0944,0,No,1.9,0.214,3.24,4.7,7.93,3.3,No,None,Low
5,75.67,4,3,0.272,0.0064,0,No,4.1,0.795,4.52,6.35,9.5,4.4,No,None,Mid
3,98.36,1,10,0.147,0.008,0,No,6.5,0.611,4.49,6.7,9.46,3.4,No,None,Low
8,75.76,7,27,0.205,0.016,1,No,3.5,0.394,3.18,5.05,7.46,4.0,No,Low,Low
39,110.48,1,81,0.38,0.0496,1,Yes,8.1,0.888,2.92,3.68,7.09,5.0,Yes,Low,Mid
2,52.68,1,2,0.159,0.0032,0,No,6.0,0.455,3.12,6.93,8.11,3.8,No,None,Low
37,101.11,1,29,0.262,0.1624,1,No,0.0,0.494,3.21,3.58,7.0,4.2,No,Low,Mid
18,103.3,1,4,0.583,0.0056,2,No,0.0,0.449,3.6,4.83,7.25,6.5,No,Low,High
51,62.68,1,10,0.182,0.004,0,No,5.1,0.581,2.99,6.23,7.98,3.9,No,None,Low
7,62.19,2,1,0.27,0.0656,0,No,4.9,0.902,4.7,6.65,9.48,4.5,No,None,Mid
30,33.11,16,106,0.014,0.0672,1,No,4.3,0.641,3.04,1.97,7.15,2.9,Yes,Low,Low
42,114.04,11,18,0.187,0.1456,0,No,2.4,0.615,5.0,5.27,9.51,3.6,No,None,Low
32,161.41,9,54,0.401,0.0368,2,No,5.6,0.787,3.88,4.47,7.42,4.8,No,Low,Mid
2,64.24,2,18,0.31,0.0032,2,Yes,3.7,0.587,3.22,5.4,6.88,4.8,No,Low,Mid
1,88.46,1,21,0.396,0.0304,0,No,1.9,0.827,3.22,4.62,8.12,5.2,No,None,Mid
15,54.76,1,1,0.409,0.0368,0,No,4.4,0.897,5.0,6.45,9.88,5.5,No,None,Mid
22,35.99,6,38,0.259,0.0976,0,No,2.5,0.565,3.54,4.13,8.21,4.6,No,None,Mid
53,89.01,1,76,0.302,0.0904,1,No,0.0,0.799,3.66,1.23,7.69,4.6,Yes,Low,Mid
39,122.64,1,34,0.081,0.0936,0,No,4.5,0.797,3.99,4.83,8.68,2.8,No,None,Low
52,58.06,14,23,0.308,0.1192,1,Yes,3.2,0.656,3.13,5.38,7.07,4.8,No,Low,Mid
48,29.61,1,31,0.297,0.0704,2,No,4.1,0.642,2.84,4.85,6.27,4.9,No,Low,Mid
34,60.87,9,7,0.153,0.024,1,No,1.5,0.637,4.35,5.45,8.6,3.7,No,Low,Low
27,38.81,7,7,0.195,0.1192,1,No,2.2,0.393,4.39,5.62,8.33,4.1,No,Low,Low
55,65.25,1,39,0.532,0.0736,2,No,4.1,0.41,3.46,4.45,6.88,6.3,No,Low,High
50,80.28,13,62,0.097,0.06,1,No,4.1,0.679,2.48,3.7,6.61,3.2,Yes,Low,Low
51,91.98,13,17,0.221,0.0416,0,Yes,4.3,0.76,5.0,6.02,9.86,4.0,No,None,Low
21,33.39,1,2,0.186,0.1072,1,Yes,4.5,0.92,3.92,6.43,7.9,4.1,No,Low,Low
20,45.1,1,10,0.316,0.0216,1,No,2.3,0.413,4.71,5.3,8.97,4.9,No,Low,Mid
58,33.73,1,85,0.483,0.152,0,Yes,0.0,0.724,5.0,1.0,9.49,6.2,Yes,None,High
60,82.27,16,2,0.447,0.1144,2,Yes,2.8,0.399,3.51,6.37,6.8,5.6,No,Low,Mid
4,58.64,2,82,0.232,0.068,1,No,3.1,0.935,3.12,2.0,7.23,4.3,Yes,Low,Mid
59,58.39,45,6,0.238,0.0312,3,Yes,5.8,0.765,3.88,8.13,6.78,4.3,No,Medium,Mid
18,115.5,1,23,0.539,0.0632,0,Yes,4.9,0.702,3.69,5.52,8.48,6.1,No,None,High
57,121.15,1,21,0.452,0.032,0,No,2.6,0.565,3.0,4.85,7.89,5.4,No,None,High
34,62.51,1,42,0.517,0.136,1,No,3.4,0.77,3.97,4.07,7.85,6.2,Yes,Low,High
9,50.55,3,54,0.659,0.072,0,No,4.1,0.789,4.66,3.77,9.42,7.3,No,None,High
41,43.4,1,4,0.148,0.0384,0,No,2.0,0.69,4.88,5.5,9.75,3.8,No,None,Low
37,47.6,10,1,0.107,0.0,1,No,4.3,0.919,5.0,6.72,9.33,3.5,No,Low,Low
40,32.74,1,18,0.11,0.1232,1,No,0.0,0.857,3.7,4.13,7.62,3.6,No,Low,Low
37,220.93,19,5,0.436,0.0272,1,No,6.3,0.55,3.57,7.48,7.81,4.7,No,Low,Mid
41,143.89,31,36,0.248,0.02,1,Yes,1.1,0.738,5.0,4.6,9.27,3.9,No,Low,Mid
38,63.6,1,14,0.271,0.004,1,No,2.7,0.539,2.51,5.23,6.83,4.5,No,Low,Mid
56,50.94,1,7,0.117,0.0208,0,Yes,3.9,0.455,3.14,5.98,8.07,3.5,No,None,Low
10,93.52,1,22,0.122,0.0024,0,No,5.5,0.802,4.77,5.77,9.76,3.3,No,None,Low
39,99.85,10,23,0.201,0.0208,2,Yes,0.7,0.828,1.83,4.42,5.43,3.8,No,Low,Low
53,86.79,1,1,0.184,0.0872,1,No,2.6,0.31,3.38,5.85,7.42,3.8,No,Low,Low
47,117.25,12,23,0.058,0.1032,2,Yes,3.2,0.471,2.28,5.32,5.6,2.7,No,Low,Low
13,125.11,1,33,0.12,0.0544,0,No,4.9,0.483,4.94,5.02,9.76,3.1,No,None,Low
37,74.09,10,71,0.135,0.1672,2,No,3.1,0.613,5.0,2.82,8.11,3.5,Yes,Low,Low
7,310.52,1,28,0.181,0.0568,3,No,2.6,0.558,3.17,4.5,5.98,2.4,No,Medium,Low
6,30.72,1,9,0.34,0.0928,1,No,3.5,0.533,2.8,5.75,6.82,5.2,No,Low,Mid
19,31.29,5,14,0.255,0.1552,0,No,2.4,0.794,4.53,5.27,9.01,4.6,No,None,Mid
47,74.37,1,69,0.205,0.0576,0,No,2.9,0.444,4.38,2.55,9.19,4.0,Yes,None,Low
25,38.12,1,27,0.27,0.0224,0,No,7.2,0.235,2.22,6.08,7.15,4.7,No,None,Mid
10,87.28,6,7,0.073,0.0032,1,No,1.9,0.628,4.17,5.48,8.49,3.0,No,Low,Low
22,48.91,1,18,0.09,0.284,1,No,0.1,0.54,5.0,4.17,8.39,3.3,No,Low,Low
39,73.74,40,10,0.183,0.1336,1,Yes,5.6,0.377,3.44,7.7,7.33,3.8,No,Low,Low
27,26.81,1,41,0.095,0.0216,0,No,5.0,0.59,3.86,4.65,8.79,3.5,No,None,Low
23,42.73,1,29,0.134,0.0128,0,No,1.5,0.814,3.91,4.08,8.87,3.7,No,None,Low
18,67.29,5,25,0.603,0.1632,1,No,2.1,0.72,4.45,4.62,8.24,6.8,No,Low,High
50,48.9,26,9,0.044,0.0624,0,No,2.3,0.492,3.82,6.18,8.61,3.0,No,None,Low
46,41.64,1,21,0.347,0.0576,1,No,3.5,0.867,4.22,5.15,8.36,5.2,No,Low,Mid
2,26.76,1,35,0.118,0.236,2,Yes,3.8,0.611,3.33,4.55,6.21,3.7,No,Low,Low
32,19.99,1,21,0.458,0.0104,0,No,5.8,0.55,4.13,5.92,9.1,6.1,No,None,High
10,152.55,6,48,0.183,0.0472,1,No,0.3,0.642,4.85,2.9,9.03,3.4,No,Low,Low
26,180.26,1,5,0.103,0.0328,0,No,0.0,0.524,4.33,4.78,9.22,2.6,No,None,Low
55,94.6,1,18,0.332,0.0328,1,No,5.1,0.68,4.68,5.83,8.9,4.8,No,Low,Mid
53,111.09,14,140,0.41,0.1136,0,No,4.3,0.855,4.9,1.9,9.52,5.2,Yes,None,Mid
59,37.24,30,20,0.253,0.1344,3,Yes,3.9,0.515,2.73,6.3,5.28,4.5,No,Medium,Mid
32,60.27,9,60,0.129,0.076,0,No,2.9,0.978,4.41,3.27,9.16,3.5,No,None,Low
31,108.03,1,9,0.316,0.1368,1,Yes,0.0,0.245,4.35,4.58,8.23,4.6,No,Low,Mid
10,56.9,6,10,0.203,0.0992,1,No,0.0,0.924,4.39,4.7,8.39,4.1,No,Low,Low
50,35.1,1,5,0.054,0.0416,0,Yes,4.6,0.516,4.09,6.32,8.95,3.2,No,None,Low
33,61.43,25,22,0.399,0.0496,2,No,3.4,0.881,4.05,5.87,7.55,5.4,No,Low,Mid
36,60.77,19,17,0.264,0.0272,0,Yes,0.9,0.405,4.7,5.08,9.61,4.5,No,None,Mid
50,25.69,13,39,0.226,0.0832,1,No,3.7,0.77,3.76,4.72,7.82,4.4,No,Low,Low
11,79.26,1,24,0.181,0.0696,2,No,6.5,0.748,4.25,6.0,7.68,3.8,No,Low,Low
33,45.3,9,2,0.56,0.056,0,No,1.9,0.373,4.74,5.83,9.55,6.6,No,None,High
58,53.11,15,13,0.131,0.0056,0,No,2.6,0.215,4.98,5.72,9.96,3.6,No,None,Low
28,194.62,8,68,0.357,0.0552,0,No,4.9,0.806,3.59,3.5,8.41,4.3,Yes,None,Mid
14,155.93,1,26,0.213,0.0864,0,No,4.4,0.396,4.05,5.2,8.76,3.6,No,None,Low
20,54.31,1,89,0.09,0.1296,0,No,0.4,0.444,3.85,1.0,8.42,3.3,Yes,None,Low
40,74.7,11,2,0.297,0.0568,1,No,3.6,0.578,4.37,6.47,8.51,4.6,No,Low,Mid
12,107.12,7,28,0.285,0.0344,1,No,1.7,0.251,4.86,4.4,9.08,4.4,No,Low,Mid
33,79.1,1,23,0.341,0.064,1,No,4.0,0.754,3.18,5.22,7.3,4.9,No,Low,Mid
7,206.04,2,14,0.13,0.1128,2,No,3.4,0.774,3.37,5.5,6.66,2.7,No,Low,Low
22,27.11,6,5,0.167,0.004,0,Yes,2.2,0.764,4.17,5.68,9.16,4.0,No,None,Low
16,91.1,5,17,0.093,0.0848,1,No,6.6,0.702,3.79,6.52,7.84,3.1,No,Low,Low
17,77.63,9,9,0.088,0.024,0,No,0.2,0.916,4.1,4.92,9.02,3.2,No,None,Low
31,35.2,16,45,0.397,0.0024,0,Yes,1.2,0.472,4.77,3.68,9.76,5.6,No,None,Mid
3,80.29,1,9,0.122,0.136,0,No,0.0,0.676,4.7,4.58,9.25,3.4,No,None,Low
57,43.41,29,20,0.319,0.0904,1,Yes,3.8,0.205,3.87,6.23,7.9,5.0,No,Low,Mid
23,22.46,6,11,0.605,0.0432,1,No,5.0,0.945,3.47,6.32,7.66,7.1,No,Low,High
3,102.03,1,13,0.109,0.0048,0,No,3.5,0.494,3.29,5.55,8.27,3.2,No,None,Low
60,160.27,1,41,0.393,0.0408,0,No,7.3,0.435,5.0,5.42,9.86,4.8,No,None,Mid
37,37.73,1,1,0.394,0.0512,0,Yes,1.7,0.456,4.41,5.55,9.24,5.5,No,None,Mid
60,79.5,16,11,0.32,0.0048,1,No,3.6,0.566,3.47,6.18,7.79,4.8,No,Low,Mid
9,34.03,7,38,0.322,0.0064,0,No,4.6,0.456,3.9,4.87,8.88,5.0,No,None,Mid
47,33.13,1,106,0.228,0.012,0,No,0.3,0.541,3.4,1.0,8.36,4.4,Yes,None,Mid
26,119.74,14,92,0.279,0.0528,1,No,6.4,0.601,3.29,3.0,7.45,4.2,Yes,Low,Mid
25,61.18,7,10,0.05,0.0664,0,No,4.2,0.673,5.0,6.13,9.78,3.0,No,None,Low
19,166.72,5,29,0.266,0.0248,2,No,5.8,0.475,4.13,5.65,7.71,3.9,No,Low,Mid
37,81.89,1,112,0.349,0.0592,0,No,1.9,0.345,4.89,1.0,9.69,5.0,Yes,None,Mid
38,65.01,1,14,0.355,0.0856,0,No,3.2,0.639,4.16,5.4,8.87,5.1,No,None,Mid
49,69.2,13,30,0.208,0.0528,1,No,3.6,0.739,4.33,5.13,8.49,4.0,No,Low,Low
7,273.88,1,15,0.498,0.1,0,No,2.2,0.907,4.39,5.02,9.06,4.8,No,None,High
16,120.75,1,17,0.356,0.0312,0,No,1.9,0.53,2.98,4.82,7.88,4.8,No,None,Mid
48,54.02,37,26,0.355,0.1808,0,Yes,1.7,0.726,3.54,5.5,7.94,5.2,No,None,Mid
57,60.4,43,14,0.449,0.0968,1,Yes,0.5,0.242,3.57,5.9,7.58,5.8,No,Low,Mid
54,43.59,14,10,0.16,0.1304,2,No,4.1,0.559,4.12,6.33,7.35,3.9,No,Low,Low
6,49.89,1,1,0.247,0.2016,2,No,3.2,0.385,2.58,6.05,5.57,4.4,No,Low,Mid
40,142.6,1,51,0.255,0.0008,3,No,4.3,0.094,3.24,3.92,6.24,3.9,Yes,Medium,Mid
18,81.57,1,47,0.083,0.2056,0,No,0.0,0.681,3.69,2.68,8.0,3.1,Yes,None,Low
60,33.89,1,52,0.371,0.0136,2,No,2.2,0.686,4.05,3.17,7.67,5.4,Yes,Low,Mid
27,60.79,1,38,0.153,0.0696,1,No,3.5,0.317,5.0,4.3,9.1,3.7,No,Low,Low
27,136.93,7,63,0.3,0.0424,3,Yes,1.2,0.626,3.5,2.48,6.36,4.3,Yes,Medium,Mid
11,106.51,3,30,0.42,0.0224,0,No,0.0,0.538,4.4,3.6,9.33,5.3,No,None,Mid
44,116.31,12,3,0.508,0.0184,0,No,2.4,0.473,3.09,6.05,8.03,5.9,No,None,High
17,58.94,1,9,0.137,0.088,2,No,6.0,0.581,4.46,6.58,7.83,3.6,No,Low,Low
5,91.56,2,34,0.223,0.1168,1,No,1.9,0.723,3.49,4.0,7.43,4.0,No,Low,Low
40,134.35,21,19,0.347,0.0008,0,No,1.4,0.778,3.82,5.22,8.82,4.6,No,None,Mid
53,53.31,1,33,0.287,0.0416,1,No,2.7,0.719,3.45,4.28,7.64,4.7,No,Low,Mid
47,65.96,12,14,0.556,0.1272,0,Yes,1.0,0.425,3.18,5.03,7.76,6.5,No,None,High
39,203.18,10,6,0.295,0.036,1,No,4.1,0.806,4.47,6.4,8.68,3.8,No,Low,Mid
54,33.98,28,11,0.413,0.1536,1,Yes,3.3,0.77,4.56,6.48,8.38,5.7,No,Low,Mid
32,547.93,9,18,0.301,0.0024,0,No,1.5,0.788,4.19,4.9,9.18,2.1,No,None,Mid
31,49.99,8,34,0.338,0.0688,1,No,3.8,0.624,2.69,4.83,6.79,5.1,No,Low,Mid
30,33.43,16,7,0.276,0.1048,0,No,5.7,0.91,5.0,7.08,9.65,4.7,No,None,Mid
18,181.42,1,44,0.135,0.0064,1,No,2.1,0.513,3.29,3.53,7.6,2.9,No,Low,Low
38,41.2,20,33,0.227,0.008,1,No,5.4,0.414,3.1,5.82,7.41,4.3,No,Low,Mid
3,90.82,1,22,0.226,0.0944,0,Yes,3.5,0.827,5.0,5.1,9.69,4.0,No,None,Low
49,117.02,13,76,0.182,0.0208,1,No,4.9,0.615,4.45,3.27,8.71,3.6,No,Low,Low
50,95.34,26,22,0.192,0.1248,2,No,3.9,0.83,4.54,6.07,7.79,3.8,No,Low,Low
8,124.11,1,35,0.19,0.176,1,No,0.9,0.685,2.28,3.58,6.03,3.6,Yes,Low,Low
55,59.23,14,38,0.447,0.0152,0,No,0.0,0.495,2.69,3.57,7.64,5.8,No,None,Mid
30,94.96,16,6,0.52,0.044,0,No,0.7,0.943,5.0,5.47,9.85,6.1,No,None,High
20,63.03,6,50,0.281,0.0168,0,No,1.6,0.58,3.04,3.23,7.98,4.6,No,None,Mid
16,31.81,9,36,0.252,0.1104,1,Yes,6.1,0.369,5.0,5.53,8.97,4.6,No,Low,Mid
56,158.47,29,40,0.163,0.1,1,No,0.6,0.824,3.74,4.17,7.74,3.2,No,Low,Low
20,39.19,11,5,0.178,0.02,1,No,1.8,0.772,4.66,5.72,8.93,4.0,No,Low,Low
22,31.05,6,11,0.04,0.1384,1,No,5.3,0.658,3.76,6.42,7.63,3.1,No,Low,Low
58,48.71,30,14,0.206,0.0008,0,Yes,3.6,0.578,4.41,6.5,9.41,4.1,No,None,Low
10,31.37,1,31,0.182,0.1288,1,No,4.3,0.369,4.64,4.92,8.54,4.1,No,Low,Low
22,94.43,12,64,0.475,0.0232,0,No,0.0,0.45,4.59,2.2,9.51,5.8,Yes,None,High
60,20.81,1,35,0.315,0.1312,1,No,2.5,0.663,4.01,4.12,7.91,5.1,No,Low,Mid
38,54.17,10,8,0.476,0.0632,1,No,3.6,0.687,3.77,6.13,7.89,6.0,No,Low,High
37,47.97,1,26,0.306,0.0184,1,No,6.4,0.687,4.16,5.87,8.43,4.9,No,Low,Mid
21,145.25,6,32,0.381,0.0408,2,No,4.1,0.821,3.81,4.97,7.34,4.8,No,Low,Mid
8,39.5,3,14,0.468,0.0912,2,No,4.0,0.394,3.88,5.73,7.24,6.0,No,Low,High
3,60.81,1,2,0.113,0.0176,0,No,1.9,0.258,4.61,5.57,9.55,3.4,No,None,Low
28,206.24,15,17,0.065,0.0272,2,No,3.8,0.093,4.06,5.92,7.64,2.2,No,Low,Low
51,35.97,1,40,0.474,0.0544,2,No,1.1,0.75,3.41,3.4,6.9,6.1,Yes,Low,High
26,54.37,14,38,0.136,0.0768,1,No,4.6,0.672,4.25,5.1,8.33,3.6,No,Low,Low
43,78.04,33,46,0.26,0.0568,1,Yes,3.0,0.719,4.35,4.8,8.49,4.4,No,Low,Mid
59,79.09,15,13,0.632,0.1256,0,No,5.7,0.632,3.38,6.75,7.96,6.9,No,None,High
5,80.12,3,2,0.238,0.14,0,No,5.1,0.843,5.0,6.7,9.53,4.2,No,None,Mid
31,142.12,16,90,0.326,0.0088,2,No,3.0,0.291,3.93,2.03,7.57,4.4,Yes,Low,Mid
20,39.09,1,11,0.12,0.192,2,No,3.4,0.548,3.26,5.62,6.29,3.6,No,Low,Low
48,97.18,13,19,0.136,0.276,4,No,0.0,0.403,4.02,4.48,5.43,3.4,No,Medium,Low
8,24.43,3,36,0.128,0.1088,0,No,6.1,0.674,4.69,5.33,9.33,3.7,No,None,Low
56,121.36,29,70,0.453,0.0552,1,No,2.9,0.441,4.62,3.43,8.77,5.4,No,Low,High
22,66.67,12,0,0.057,0.0624,1,No,3.1,0.66,4.56,6.43,8.69,3.0,No,Low,Low
57,79.21,1,22,0.282,0.1816,2,No,1.8,0.714,4.05,4.53,7.11,4.5,No,Low,Mid
40,53.66,1,34,0.201,0.0544,0,Yes,0.8,0.716,3.95,3.6,8.77,4.1,No,None,Low
26,32.12,1,6,0.077,0.0864,1,No,0.0,0.864,4.03,4.73,8.08,3.3,No,Low,Low
52,299.15,1,29,0.132,0.0032,0,No,2.2,0.774,3.13,4.32,8.12,2.1,No,None,Low
14,294.45,4,39,0.056,0.0096,0,No,5.9,0.841,2.85,5.15,7.82,1.6,No,None,Low
51,91.33,1,28,0.214,0.0672,1,No,4.7,0.562,3.24,5.2,7.35,4.0,No,Low,Low
13,49.43,7,18,0.38,0.1672,2,No,4.2,0.863,3.54,5.73,6.65,5.4,No,Low,Mid
11,89.16,1,31,0.488,0.0856,2,No,2.6,0.497,4.0,4.35,7.38,5.9,No,Low,High
27,242.91,7,40,0.368,0.0152,1,Yes,4.0,0.531,3.82,4.57,8.1,4.1,No,Low,Mid
13,127.45,1,12,0.176,0.0424,1,No,3.9,0.237,4.74,5.73,8.93,3.5,No,Low,Low
19,47.65,10,60,0.333,0.0568,1,No,3.4,0.877,3.94,3.47,8.08,5.0,No,Low,Mid
14,17.8,4,1,0.311,0.0672,0,No,3.3,0.761,4.76,6.18,9.54,5.1,No,None,Mid
14,57.65,8,60,0.178,0.0728,1,No,4.9,0.46,4.21,3.9,8.3,3.9,No,Low,Low
7,54.53,2,29,0.28,0.0288,1,No,4.2,0.184,2.87,5.02,7.11,4.6,No,Low,Mid
56,87.38,29,1,0.106,0.028,0,Yes,5.2,0.637,5.0,7.65,9.91,3.2,No,None,Low
15,52.34,12,14,0.67,0.0864,0,No,5.7,0.53,3.89,6.6,8.6,7.4,No,None,High
30,59.15,1,3,0.559,0.1208,0,No,6.9,0.656,4.74,7.18,9.34,6.6,No,None,High
17,181.24,1,14,0.277,0.0104,0,No,4.1,0.423,5.0,5.7,9.97,3.9,No,None,Mid
18,194.27,10,2,0.174,0.0112,0,No,4.4,0.249,3.54,6.7,8.5,3.1,No,None,Low
32,79.87,9,67,0.135,0.1712,0,Yes,6.0,0.673,5.0,3.95,9.43,3.5,No,None,Low
19,23.26,5,15,0.318,0.008,0,No,0.9,0.839,3.42,4.72,8.39,5.1,No,None,Mid
58,76.46,30,95,0.255,0.0552,1,No,4.3,0.541,3.41,2.68,7.56,4.3,Yes,Low,Mid
26,196.48,1,108,0.186,0.0344,0,No,4.2,0.546,5.0,1.43,9.89,3.1,Yes,None,Low
17,97.69,13,39,0.253,0.1448,0,Yes,2.2,0.913,5.0,4.22,9.52,4.2,No,None,Mid
50,52.44,13,11,0.439,0.012,0,No,6.4,0.381,4.95,7.02,9.91,5.8,No,None,Mid
28,139.87,22,167,0.137,0.0624,1,No,1.3,0.969,4.73,1.17,8.86,3.1,Yes,Low,Low
41,134.46,1,35,0.166,0.1424,1,No,2.0,0.44,3.38,3.95,7.24,3.4,No,Low,Low
21,141.12,1,33,0.48,0.0304,0,No,3.4,0.646,5.0,4.52,9.9,5.5,No,None,High
37,38.88,1,15,0.302,0.1224,1,Yes,1.8,0.557,4.84,4.88,8.77,4.9,No,Low,Mid
43,74.58,22,1,0.333,0.0224,0,Yes,4.7,0.721,3.38,7.25,8.31,4.9,No,None,Mid
31,154.09,1,149,0.191,0.0696,1,No,2.6,0.502,3.3,1.0,7.4,3.4,Yes,Low,Low
7,69.29,4,6,0.168,0.0904,2,No,6.6,0.891,3.6,7.03,6.97,3.8,No,Low,Low
28,17.14,1,8,0.208,0.1184,1,No,2.3,0.82,2.71,5.4,6.65,4.4,No,Low,Low
41,32.9,1,65,0.433,0.0152,1,Yes,4.4,0.506,5.0,3.25,9.28,5.8,No,Low,Mid
40,109.11,1,53,0.133,0.112,1,No,3.2,0.769,3.84,3.45,7.8,3.3,No,Low,Low
12,71.1,4,3,0.245,0.1336,3,No,2.2,0.807,3.65,5.72,6.2,4.3,No,Medium,Mid
6,35.36,4,12,0.281,0.0848,2,No,0.0,0.825,2.16,4.53,5.54,4.8,No,Low,Mid
1,17.06,1,10,0.327,0.0288,0,No,4.5,0.681,3.87,6.03,8.77,5.2,No,None,Mid
45,41.3,12,18,0.078,0.08,0,No,0.3,0.872,3.84,4.6,8.57,3.3,No,None,Low
10,64.71,3,47,0.283,0.1032,0,No,5.2,0.804,4.98,4.48,9.64,4.6,No,None,Mid
12,92.35,1,14,0.073,0.2904,2,Yes,0.3,0.914,3.09,4.43,5.79,3.0,No,Low,Low
19,65.22,20,5,0.401,0.1032,2,Yes,6.0,0.696,3.12,7.42,6.44,5.4,No,Low,Mid
4,51.38,2,31,0.506,0.0128,0,No,2.6,0.844,4.47,4.38,9.43,6.2,No,None,High
8,31.29,3,45,0.457,0.048,1,No,2.9,0.59,1.83,3.82,6.0,6.0,Yes,Low,High
7,101.63,1,19,0.25,0.0344,1,No,3.3,0.404,4.07,5.18,8.29,4.1,No,Low,Mid
9,105.61,3,4,0.138,0.0424,1,No,3.1,0.932,4.21,5.93,8.4,3.3,No,Low,Low
16,74.07,1,36,0.316,0.1032,3,No,4.0,0.73,2.73,4.57,5.39,4.8,No,Medium,Mid
24,51.46,7,12,0.459,0.0272,1,No,1.2,0.88,2.94,5.03,7.18,5.9,No,Low,High
53,179.46,1,10,0.324,0.0528,1,No,6.7,0.492,2.46,6.77,6.62,4.2,No,Low,Mid
46,161.94,1,92,0.622,0.0088,0,No,1.8,0.723,3.39,1.03,8.36,6.4,Yes,None,High
27,52.99,1,115,0.062,0.0624,1,No,6.6,0.303,4.05,2.23,8.18,3.1,Yes,Low,Low
11,70.87,6,1,0.114,0.1608,1,No,4.8,0.396,4.58,6.75,8.38,3.4,No,Low,Low
11,37.76,3,75,0.424,0.0016,0,No,0.0,0.578,3.84,1.35,8.83,5.7,Yes,None,Mid
28,37.45,1,7,0.144,0.0848,0,No,4.3,0.568,4.32,6.12,9.04,3.8,No,None,Low
30,136.41,1,48,0.289,0.0432,1,No,2.4,0.533,4.22,3.43,8.41,4.2,No,Low,Mid
52,202.81,40,32,0.25,0.0336,0,Yes,2.6,0.73,4.7,5.6,9.59,3.5,No,None,Mid
24,102.79,1,86,0.347,0.0648,0,No,0.0,0.588,4.08,1.0,8.86,4.8,Yes,None,Mid
41,26.89,11,2,0.408,0.0456,0,No,0.7,0.742,3.83,5.5,8.68,5.7,No,None,Mid
26,39.77,1,9,0.193,0.0216,1,No,1.5,0.218,3.43,5.08,7.69,4.1,No,Low,Low
19,97.96,1,29,0.118,0.0728,1,No,2.9,0.398,2.84,4.55,6.93,3.2,No,Low,Low
43,133.59,22,92,0.488,0.1632,2,No,3.9,0.208,3.8,2.43,6.92,5.6,Yes,Low,High
42,120.14,1,1,0.113,0.0352,1,No,0.0,0.802,3.27,4.98,7.49,3.1,No,Low,Low
45,69.29,23,44,0.05,0.148,2,Yes,3.6,0.472,3.56,4.77,6.73,2.9,No,Low,Low
15,79.19,4,30,0.683,0.0816,0,No,1.9,0.545,3.15,4.27,7.88,7.3,No,None,Extreme
12,36.0,1,35,0.155,0.0072,2,No,3.3,0.702,3.65,4.38,7.29,3.9,No,Low,Low
27,25.48,7,19,0.07,0.0648,0,Yes,1.6,0.626,4.48,4.82,9.26,3.3,No,None,Low
46,101.88,1,7,0.073,0.0096,0,No,4.3,0.56,5.0,6.12,9.97,2.9,No,None,Low
30,57.98,1,9,0.408,0.0112,0,No,3.3,0.617,4.3,5.68,9.26,5.5,No,None,Mid
9,50.52,1,5,0.103,0.0376,1,No,3.4,0.633,3.89,5.92,8.1,3.4,No,Low,Low
36,44.87,19,67,0.09,0.068,0,Yes,4.4,0.494,3.78,3.75,8.55,3.4,No,None,Low
31,112.97,24,24,0.187,0.052,1,Yes,4.8,0.356,3.8,6.2,7.96,3.6,No,Low,Low
59,57.71,1,101,0.422,0.296,2,No,2.9,0.484,3.77,1.0,6.45,5.6,Yes,Low,Mid
42,44.65,11,36,0.316,0.072,1,No,4.5,0.546,3.48,5.07,7.57,4.9,No,Low,Mid
24,40.41,1,59,0.429,0.1584,0,No,4.4,0.513,4.84,3.55,9.31,5.8,No,None,Mid
22,45.11,6,11,0.116,0.1632,2,No,4.3,0.831,4.03,6.08,7.15,3.5,No,Low,Low
54,155.76,28,27,0.412,0.0088,1,Yes,1.0,0.605,4.07,4.92,8.37,4.9,No,Low,Mid
17,24.83,1,25,0.216,0.1976,1,No,0.0,0.792,3.76,3.78,7.43,4.4,No,Low,Low
49,68.16,13,39,0.258,0.0104,2,No,4.9,0.831,4.19,5.12,7.82,4.4,No,Low,Mid
4,104.78,2,0,0.225,0.2704,3,No,2.4,0.846,3.35,5.87,5.45,3.9,No,Medium,Low
35,27.28,9,12,0.074,0.0264,0,No,1.0,0.74,3.54,5.03,8.45,3.4,No,None,Low
27,45.83,1,15,0.11,0.1576,1,No,0.6,0.749,4.14,4.48,7.95,3.5,No,Low,Low
25,50.15,7,1,0.257,0.0104,3,No,1.7,0.496,2.41,5.75,5.38,4.5,No,Medium,Mid
34,67.82,18,56,0.123,0.1992,0,Yes,3.4,0.278,3.77,3.93,8.11,3.5,No,None,Low
43,80.28,11,3,0.051,0.0448,0,Yes,5.3,0.462,3.14,6.98,7.99,2.9,No,None,Low
24,85.54,7,4,0.076,0.0552,0,Yes,3.5,0.899,4.72,6.2,9.54,3.0,No,None,Low
42,130.69,11,30,0.159,0.108,0,Yes,6.5,0.588,2.13,6.03,6.77,3.3,No,None,Low
42,76.15,22,42,0.145,0.0176,1,No,4.2,0.831,3.09,5.03,7.36,3.6,No,Low,Low
15,39.7,4,30,0.422,0.0288,2,Yes,3.4,0.374,2.45,4.77,6.02,5.7,No,Low,Mid
30,70.56,8,26,0.662,0.092,1,No,4.8,0.842,4.34,5.57,8.37,7.2,No,Low,High
11,71.04,1,9,0.169,0.06,0,No,1.3,0.51,2.89,5.02,7.69,3.8,No,None,Low
10,53.23,1,7,0.255,0.0472,2,No,0.6,0.82,2.92,4.88,6.43,4.5,No,Low,Mid
55,44.6,1,15,0.208,0.1264,3,No,1.1,0.632,1.67,4.65,4.25,4.2,No,Medium,Low
56,69.91,15,12,0.059,0.1208,1,No,2.7,0.566,3.54,5.8,7.47,3.0,No,Low,Low
28,156.79,29,13,0.206,0.0448,1,No,2.4,0.829,1.87,6.12,6.05,3.5,No,Low,Low
7,28.02,4,13,0.18,0.0128,0,No,5.6,0.564,5.0,6.35,9.96,4.1,No,None,Low
3,51.52,1,66,0.648,0.008,2,No,6.0,0.245,3.21,3.73,6.85,7.2,Yes,Low,High
19,340.75,1,9,0.172,0.0456,3,No,2.5,0.511,2.18,5.42,5.03,2.2,No,Medium,Low
47,43.9,1,22,0.408,0.0848,1,No,0.8,0.207,3.46,4.2,7.51,5.6,No,Low,Mid
15,52.45,1,6,0.152,0.044,1,No,5.2,0.485,4.21,6.47,8.4,3.7,No,Low,Low
13,128.86,1,25,0.416,0.0224,1,Yes,5.5,0.237,4.08,5.62,8.34,5.1,No,Low,Mid
32,161.99,1,11,0.162,0.0896,1,Yes,1.6,0.661,4.42,5.02,8.45,3.2,No,Low,Low
51,17.44,1,18,0.462,0.0016,0,No,2.7,0.835,4.32,5.03,9.31,6.1,No,None,High
55,126.05,28,13,0.178,0.0192,0,Yes,0.0,0.462,3.73,5.28,8.67,3.5,No,None,Low
1,82.89,1,22,0.145,0.0704,0,Yes,3.8,0.567,3.57,5.2,8.34,3.5,No,None,Low
8,29.74,1,0,0.245,0.1464,1,No,4.8,0.397,4.17,6.63,8.02,4.5,No,Low,Mid
7,129.31,1,83,0.329,0.0512,1,No,7.0,0.85,3.06,3.22,7.22,4.5,Yes,Low,Mid
39,40.01,20,17,0.312,0.1296,0,Yes,4.3,0.54,3.78,6.25,8.35,4.9,No,None,Mid
8,24.23,1,10,0.06,0.0096,0,No,2.3,0.21,5.0,5.3,9.97,3.3,No,None,Low
46,113.69,12,29,0.38,0.0136,0,Yes,4.6,0.933,4.39,5.48,9.34,5.0,No,None,Mid
1,24.69,1,15,0.046,0.1408,0,No,2.8,0.419,3.56,5.22,8.09,3.2,No,None,Low
2,55.99,1,94,0.211,0.0008,0,No,4.3,0.791,5.0,1.77,10.0,4.1,Yes,None,Low
30,49.12,8,9,0.122,0.0504,0,No,0.0,0.198,4.53,4.82,9.36,3.6,No,None,Low
3,134.84,1,53,0.258,0.0632,2,Yes,4.8,0.236,3.66,3.98,7.12,4.0,No,Low,Mid
59,79.79,1,13,0.308,0.056,0,No,1.2,0.872,4.1,4.78,8.91,4.7,No,None,Mid
12,14.12,1,1,0.251,0.1744,0,No,3.0,0.488,3.93,5.98,8.35,4.7,No,None,Mid
31,137.42,8,18,0.137,0.0288,1,No,5.4,0.47,4.11,6.17,8.35,3.1,No,Low,Low
36,88.31,19,7,0.342,0.0832,1,Yes,2.8,0.105,3.41,6.22,7.47,4.9,No,Low,Mid
51,42.37,13,8,0.385,0.0904,1,Yes,3.1,0.496,4.29,6.07,8.32,5.4,No,Low,Mid
5,74.9,2,2,0.306,0.2144,2,Yes,2.1,0.348,3.92,5.67,6.87,4.7,No,Low,Mid
18,55.83,14,55,0.359,0.096,0,Yes,3.5,0.31,3.71,3.88,8.39,5.2,No,None,Mid
23,35.12,12,10,0.122,0.1496,1,No,4.3,0.652,3.09,6.33,6.92,3.6,No,Low,Low
7,222.38,2,23,0.172,0.0288,0,No,1.9,0.528,4.02,4.55,8.92,2.9,No,None,Low
46,52.06,1,51,0.152,0.0488,1,No,4.7,0.244,5.0,4.05,9.17,3.8,No,Low,Low
15,100.09,8,17,0.331,0.068,1,Yes,4.8,0.77,3.61,6.02,7.72,4.7,No,Low,Mid
23,158.18,12,62,0.421,0.04,0,No,3.2,0.331,4.17,3.37,9.04,5.0,No,None,Mid
24,57.19,1,56,0.455,0.028,0,No,4.6,0.514,5.0,3.77,9.91,5.8,No,None,High
33,130.6,9,59,0.506,0.212,0,No,3.6,0.235,4.9,3.55,9.19,5.8,Yes,None,High
48,83.77,37,2,0.427,0.0032,2,No,1.5,0.549,3.24,6.63,6.9,5.5,No,Low,Mid
30,59.68,16,13,0.55,0.0712,0,Yes,1.8,0.866,4.02,5.48,8.78,6.5,No,None,High
44,133.44,1,15,0.197,0.1232,0,No,3.0,0.822,4.75,5.28,9.34,3.6,No,None,Low
55,147.37,1,6,0.032,0.072,0,No,1.2,0.533,4.95,5.13,9.71,2.3,No,None,Low
60,117.19,1,11,0.155,0.0432,0,No,7.2,0.517,5.0,6.88,9.86,3.4,No,None,Low
34,48.49,18,33,0.321,0.0528,2,No,2.9,0.699,2.8,4.92,6.29,5.0,No,Low,Mid
9,25.8,3,49,0.313,0.1464,0,Yes,2.0,0.833,4.02,3.32,8.53,5.0,No,None,Mid
42,146.99,11,2,0.871,0.0472,0,No,2.5,0.299,4.61,6.1,9.45,8.2,No,None,Extreme
31,50.22,8,68,0.128,0.1608,0,No,4.0,0.742,4.21,3.2,8.67,3.6,Yes,None,Low
56,59.21,1,81,0.647,0.0432,0,No,1.1,0.354,4.04,1.35,8.9,7.2,Yes,None,High
39,75.43,10,20,0.214,0.0856,3,No,4.5,0.446,1.73,5.83,4.44,4.0,No,Medium,Low
1,46.96,1,13,0.153,0.0488,0,No,4.7,0.612,4.35,5.95,9.19,3.8,No,None,Low
33,159.43,9,14,0.458,0.028,0,No,0.0,0.462,2.72,4.6,7.63,5.2,No,None,High
33,75.83,17,10,0.238,0.1256,1,No,6.1,0.759,3.79,7.1,7.7,4.2,No,Low,Mid
35,80.09,9,3,0.477,0.0256,1,Yes,3.1,0.871,4.47,6.18,8.72,5.9,No,Low,High
39,59.76,20,34,0.235,0.0296,2,No,2.3,0.718,1.94,4.73,5.51,4.3,No,Low,Mid
57,195.73,15,27,0.312,0.056,0,Yes,2.1,0.507,3.28,4.85,8.09,4.0,No,None,Mid
27,50.11,14,10,0.043,0.0424,0,No,1.7,0.752,4.24,5.53,9.1,3.0,No,None,Low
9,78.02,5,78,0.556,0.0808,2,No,6.7,0.761,4.2,3.5,7.6,6.4,Yes,Low,High
5,51.09,2,46,0.463,0.0088,0,No,4.0,0.463,4.56,4.1,9.53,5.9,No,None,High
52,59.75,27,40,0.198,0.1272,3,No,2.2,0.289,3.12,4.63,5.7,4.0,No,Medium,Low
54,96.51,28,13,0.101,0.0864,0,Yes,4.8,0.745,3.25,6.88,7.96,3.1,No,None,Low
41,147.17,21,30,0.201,0.0208,1,Yes,0.0,0.492,3.57,4.2,7.83,3.5,No,Low,Low
55,342.77,28,6,0.102,0.1208,1,No,3.8,0.653,4.76,6.9,8.69,1.7,No,Low,Low
11,50.44,1,37,0.081,0.016,0,No,4.6,0.906,4.41,4.72,9.36,3.3,No,None,Low
58,61.51,1,71,0.202,0.132,0,No,6.4,0.873,3.94,3.62,8.5,4.0,Yes,None,Low
31,125.25,24,2,0.086,0.008,0,No,2.7,0.451,4.73,6.6,9.7,2.9,No,None,Low
46,69.51,1,32,0.405,0.0984,0,No,1.9,0.875,5.0,4.07,9.67,5.4,No,None,Mid
43,159.42,33,40,0.33,0.0296,1,No,3.7,0.823,3.47,5.33,7.7,4.4,No,Low,Mid
33,127.82,9,0,0.376,0.1112,0,No,3.8,0.567,4.19,6.57,8.82,4.9,No,None,Mid
29,67.51,8,1,0.419,0.0016,0,No,1.5,0.911,4.18,5.72,9.17,5.5,No,None,Mid
3,166.83,1,35,0.126,0.0848,2,No,3.9,0.678,4.0,4.58,7.38,2.9,No,Low,Low
56,92.58,29,1,0.332,0.0264,1,Yes,2.4,0.434,3.41,6.72,7.66,4.8,No,Low,Mid
53,98.43,14,2,0.054,0.0176,0,No,7.5,0.289,4.67,7.87,9.61,2.8,No,None,Low
59,133.43,15,9,0.254,0.0368,1,No,3.7,0.908,5.0,6.28,9.21,4.0,No,Low,Mid
26,107.57,7,16,0.49,0.0448,0,No,0.8,0.448,3.98,4.7,8.83,5.8,No,None,High
1,27.65,1,15,0.136,0.0256,1,No,5.6,0.617,4.4,6.15,8.65,3.8,No,Low,Low
56,48.24,1,0,0.332,0.0168,0,No,2.4,0.621,4.63,5.83,9.57,5.0,No,None,Mid
15,21.75,4,13,0.028,0.0696,0,No,2.8,0.517,2.6,5.42,7.37,3.1,No,None,Low
4,42.43,3,6,0.164,0.2,0,No,1.7,0.552,4.08,5.37,8.41,3.9,No,None,Low
12,238.13,4,4,0.117,0.048,0,Yes,3.3,0.901,4.27,6.03,9.11,2.4,No,None,Low
22,44.87,1,53,0.034,0.0632,3,No,2.0,0.537,3.94,3.05,6.73,3.0,Yes,Medium,Low
24,145.87,1,3,0.285,0.0112,0,No,0.6,0.544,4.14,5.08,9.1,4.1,No,None,Mid
33,75.74,25,34,0.139,0.0112,0,No,0.0,0.751,3.63,4.13,8.59,3.5,No,None,Low
17,14.69,5,32,0.284,0.04,1,Yes,2.8,0.615,3.86,4.5,8.06,4.9,No,Low,Mid
23,96.28,6,23,0.202,0.2024,3,No,5.9,0.603,4.37,6.02,6.7,3.8,No,Medium,Low
27,305.6,7,43,0.268,0.204,3,No,2.2,0.179,2.29,3.82,4.61,3.0,Yes,Medium,Mid
29,27.08,8,0,0.126,0.044,1,No,4.5,0.632,3.9,6.77,8.09,3.7,No,Low,Low
15,32.43,1,4,0.218,0.268,2,No,0.0,0.551,3.54,4.83,6.31,4.3,No,Low,Low
41,103.73,42,6,0.015,0.0904,1,No,0.0,0.497,3.75,6.1,7.78,2.5,No,Low,Low
21,186.61,1,11,0.082,0.0656,0,No,2.0,0.638,5.0,5.15,9.78,2.5,No,None,Low
60,78.63,61,3,0.389,0.0392,2,No,2.7,0.785,3.99,7.42,7.53,5.3,No,Low,Mid
47,75.42,24,47,0.327,0.2368,4,No,2.4,0.369,2.19,4.25,3.73,4.8,Yes,Medium,Mid
44,51.05,23,1,0.216,0.1528,2,No,3.8,0.687,3.59,6.98,6.75,4.2,No,Low,Low
25,120.67,7,1,0.276,0.0256,1,Yes,5.5,0.309,4.1,7.02,8.35,4.2,No,Low,Mid
59,172.67,30,4,0.121,0.0456,1,No,3.8,0.903,3.48,7.07,7.66,2.8,No,Low,Low
17,93.08,1,11,0.361,0.1408,0,No,2.5,0.748,5.0,5.32,9.53,5.0,No,None,Mid
42,74.81,11,26,0.603,0.0768,1,No,3.5,0.645,4.21,5.23,8.29,6.8,No,Low,High
13,24.01,4,9,0.416,0.0352,0,No,0.0,0.453,5.0,4.68,9.88,5.8,No,None,Mid
43,253.37,11,48,0.14,0.0496,0,Yes,4.0,0.669,3.57,4.3,8.4,2.5,No,None,Low
8,12.96,1,2,0.273,0.0008,1,No,5.0,0.793,3.44,6.6,7.77,4.8,No,Low,Mid
46,34.07,1,42,0.114,0.0392,0,No,3.0,0.477,4.27,3.93,9.14,3.6,No,None,Low
40,56.27,11,35,0.01,0.116,2,No,0.8,0.668,3.76,3.88,7.04,2.7,No,Low,Low
51,41.12,1,3,0.61,0.1376,2,No,2.2,0.774,4.42,5.62,7.63,7.0,No,Low,High
35,44.04,1,57,0.126,0.0608,2,No,0.1,0.442,4.14,2.22,7.6,3.6,Yes,Low,Low
51,52.97,13,0,0.363,0.0016,0,No,4.1,0.84,4.05,6.8,9.04,5.2,No,None,Mid
27,31.03,7,10,0.386,0.0848,0,No,1.9,0.607,4.11,5.37,8.83,5.5,No,None,Mid
26,114.37,1,11,0.278,0.0392,1,No,4.1,0.784,3.9,5.85,8.1,4.3,No,Low,Mid
46,170.58,12,17,0.217,0.0432,0,No,3.7,0.911,4.9,5.78,9.76,3.5,No,None,Low
51,42.93,39,20,0.118,0.0176,1,Yes,1.5,0.724,2.76,5.8,7.03,3.6,No,Low,Low
4,138.74,4,12,0.565,0.0112,0,No,3.6,0.595,4.45,5.73,9.41,6.1,No,None,High
44,32.51,12,50,0.691,0.036,0,No,1.6,0.795,4.26,3.43,9.14,7.6,No,None,Extreme
29,70.13,8,28,0.139,0.1,2,No,3.4,0.542,3.39,5.0,6.72,3.6,No,Low,Low
41,155.2,11,14,0.411,0.072,1,No,6.6,0.684,3.61,6.87,7.7,4.9,No,Low,Mid
55,115.23,1,56,0.29,0.1304,3,No,0.0,0.592,3.53,2.23,6.1,4.3,Yes,Medium,Mid
60,43.26,1,27,0.528,0.124,2,No,2.7,0.236,3.93,4.58,7.18,6.4,No,Low,High
2,10.64,1,23,0.328,0.0872,0,No,0.6,0.463,3.64,4.08,8.35,5.2,No,None,Mid
49,88.51,25,121,0.182,0.0728,0,Yes,4.2,0.627,4.24,2.23,9.0,3.7,Yes,None,Low
42,93.19,32,3,0.226,0.0464,0,Yes,6.0,0.744,3.55,7.92,8.4,4.0,No,None,Low
10,44.27,1,9,0.276,0.0344,0,No,5.9,0.665,5.0,6.55,9.89,4.7,No,None,Mid
1,37.25,1,82,0.371,0.0896,0,No,2.5,0.62,3.27,1.77,7.97,5.4,Yes,None,Mid
28,51.83,8,5,0.092,0.0496,0,No,3.1,0.649,3.83,6.05,8.66,3.3,No,None,Low
30,217.75,8,19,0.081,0.0232,0,Yes,4.6,0.378,4.16,5.85,9.08,2.3,No,None,Low
48,206.45,25,50,0.189,0.0416,0,No,1.3,0.874,4.78,3.77,9.64,3.1,No,None,Low
16,109.47,9,39,0.396,0.0104,0,No,0.0,0.883,4.99,3.35,9.96,5.1,No,None,Mid
14,32.08,8,39,0.157,0.008,0,No,2.6,0.733,2.66,4.18,7.63,3.9,No,None,Low
51,82.49,13,14,0.217,0.1112,0,Yes,4.1,0.698,4.14,6.1,8.77,4.0,No,None,Low
15,50.54,1,38,0.456,0.0056,0,Yes,3.4,0.829,4.88,4.27,9.86,5.9,No,None,High
24,91.8,7,20,0.118,0.064,0,No,2.4,0.746,4.16,5.03,8.95,3.3,No,None,Low
29,49.69,15,5,0.203,0.0008,1,No,4.6,0.335,4.22,6.78,8.55,4.1,No,Low,Low
36,47.33,1,56,0.325,0.1312,4,Yes,0.0,0.594,2.66,2.23,4.56,5.0,Yes,Medium,Mid
34,210.25,9,9,0.425,0.0312,0,No,4.5,0.794,4.89,6.35,9.79,4.7,No,None,Mid
4,90.14,1,6,0.556,0.0056,0,No,2.7,0.473,3.14,5.63,8.12,6.4,No,None,High
28,110.68,15,1,0.039,0.3752,1,No,3.6,0.26,3.94,6.65,7.02,2.6,No,Low,Low
30,42.97,8,3,0.328,0.0008,0,No,0.0,0.773,3.23,5.12,8.23,5.0,No,None,Mid
21,146.52,1,11,0.323,0.0104,0,No,6.6,0.51,4.59,6.68,9.56,4.4,No,None,Mid
7,20.8,2,49,0.528,0.172,1,No,6.0,0.399,4.31,4.62,8.07,6.6,No,Low,High
60,95.78,16,59,0.321,0.2152,3,Yes,5.7,0.694,3.74,4.48,6.02,4.7,No,Medium,Mid
50,47.33,26,10,0.113,0.0328,0,No,3.2,0.554,3.12,6.43,8.01,3.5,No,None,Low
39,156.6,10,53,0.368,0.0624,1,Yes,8.0,0.527,4.48,5.35,8.61,4.6,No,Low,Mid
51,57.04,13,9,0.335,0.0016,0,No,1.6,0.642,4.68,5.52,9.67,5.0,No,None,Mid
31,105.76,1,55,0.113,0.1024,2,No,2.2,0.656,3.34,3.02,6.67,3.2,Yes,Low,Low
16,87.88,1,1,0.342,0.2344,4,No,0.9,0.837,2.5,5.28,4.05,4.9,No,Medium,Mid
29,49.28,8,117,0.492,0.1344,3,Yes,2.6,0.641,2.52,1.13,5.07,6.1,Yes,Medium,High
32,106.24,9,2,0.359,0.084,1,No,4.4,0.513,3.97,6.67,8.02,4.9,No,Low,Mid
14,140.5,4,3,0.235,0.1104,1,Yes,2.3,0.663,3.34,5.75,7.31,3.8,No,Low,Mid
57,79.22,15,36,0.156,0.0976,0,No,0.0,0.689,4.87,3.7,9.54,3.6,No,None,Low
14,63.5,4,2,0.184,0.1536,2,No,1.7,0.532,3.26,5.6,6.41,3.9,No,Low,Low
49,357.56,13,3,0.333,0.0144,0,No,5.3,0.411,3.83,7.05,8.78,3.2,No,None,Mid
31,87.06,8,4,0.467,0.156,3,No,3.3,0.744,3.47,6.17,5.95,5.7,No,Medium,High
40,84.82,1,2,0.569,0.0552,1,No,0.5,0.873,3.81,5.1,7.96,6.5,No,Low,High
4,98.46,3,40,0.621,0.0024,0,No,0.5,0.963,2.82,3.27,7.81,6.8,No,None,High
12,47.84,1,26,0.434,0.1896,2,No,3.1,0.353,1.11,4.77,4.14,5.8,No,Low,Mid
44,74.77,12,11,0.101,0.0584,1,No,8.6,0.64,4.88,7.72,9.02,3.3,No,Low,Low
47,217.45,24,38,0.307,0.1416,1,Yes,0.0,0.764,4.14,3.9,8.0,3.8,No,Low,Mid
45,23.49,12,24,0.227,0.0264,1,Yes,3.6,0.478,2.54,5.4,6.79,4.4,No,Low,Mid
52,45.38,27,22,0.707,0.1016,3,No,5.7,0.49,3.13,6.7,5.79,7.7,No,Medium,Extreme
31,90.52,16,21,0.123,0.052,2,No,3.6,0.63,2.6,5.68,6.09,3.3,No,Low,Low
44,51.18,34,12,0.336,0.068,1,No,3.7,0.78,3.66,6.77,7.77,5.0,No,Low,Mid
1,49.37,1,45,0.078,0.0048,1,No,2.3,0.243,3.31,3.55,7.63,3.2,No,Low,Low
30,79.35,23,10,0.277,0.1,1,No,2.3,0.896,2.64,6.03,6.64,4.5,No,Low,Mid
25,110.05,13,44,0.238,0.0072,1,No,3.1,0.733,4.18,4.27,8.49,4.0,No,Low,Mid
16,53.17,5,26,0.429,0.0016,0,No,2.8,0.537,5.0,4.8,9.99,5.7,No,None,Mid
54,32.07,14,56,0.234,0.0352,0,No,3.5,0.771,4.92,3.83,9.8,4.4,No,None,Mid
53,62.37,1,29,0.204,0.1136,0,No,2.9,0.272,4.87,4.55,9.49,4.1,No,None,Low
37,41.87,1,16,0.226,0.0776,3,No,5.9,0.353,3.76,6.2,6.5,4.3,No,Medium,Low
11,56.79,1,12,0.14,0.176,1,Yes,0.0,0.965,3.56,4.43,7.31,3.6,No,Low,Low
52,69.11,40,52,0.132,0.144,2,No,5.1,0.505,4.87,5.43,8.06,3.5,No,Low,Low
43,83.87,1,1,0.644,0.1104,3,No,0.8,0.753,3.79,5.25,6.42,7.0,No,Medium,High
54,78.21,14,22,0.315,0.0232,1,Yes,2.9,0.699,3.52,5.33,7.78,4.7,No,Low,Mid
57,144.56,15,36,0.362,0.0088,1,Yes,2.3,0.965,2.28,4.47,6.58,4.7,No,Low,Mid
3,135.54,1,35,0.336,0.0368,0,No,3.5,0.814,4.88,4.45,9.76,4.5,No,None,Mid
53,59.17,1,54,0.737,0.0384,0,No,5.3,0.68,3.72,4.1,8.59,7.8,No,None,Extreme
33,56.39,1,38,0.191,0.0328,1,No,0.0,0.409,2.62,3.13,6.84,4.0,No,Low,Low
17,51.55,5,8,0.364,0.0288,2,No,3.7,0.66,4.05,6.0,7.62,5.2,No,Low,Mid
58,54.23,15,29,0.415,0.1,3,No,4.6,0.768,4.24,5.58,6.91,5.6,No,Medium,Mid
41,89.26,31,56,0.366,0.0656,0,No,2.4,0.546,3.44,4.03,8.22,5.0,No,None,Mid
16,140.64,9,19,0.069,0.2344,1,No,3.0,0.602,4.24,5.35,7.79,2.6,No,Low,Low
35,92.43,18,36,0.464,0.0152,0,No,2.3,0.672,5.0,4.57,9.95,5.7,No,None,High
18,31.96,5,15,0.081,0.0112,1,No,5.7,0.576,4.11,6.32,8.41,3.4,No,Low,Low
57,53.05,1,1,0.585,0.0232,1,No,2.4,0.869,4.5,5.78,8.76,6.8,No,Low,High
8,98.94,1,18,0.174,0.0296,1,No,2.3,0.527,4.87,4.9,9.1,3.6,No,Low,Low
19,97.67,10,24,0.306,0.0144,2,No,4.2,0.434,3.81,5.53,7.43,4.6,No,Low,Mid
44,35.24,1,36,0.146,0.0024,0,No,4.7,0.793,5.0,4.8,9.99,3.8,No,None,Low
45,50.09,57,20,0.197,0.1952,1,Yes,4.5,0.622,4.14,7.17,7.82,4.1,No,Low,Low
12,114.05,4,16,0.348,0.0464,0,No,2.5,0.265,2.9,5.17,7.75,4.8,No,None,Mid
58,136.76,30,16,0.1,0.1544,0,Yes,7.1,0.298,3.23,7.57,7.72,2.9,No,None,Low
16,60.42,1,31,0.206,0.008,0,No,5.1,0.675,4.33,5.18,9.3,4.1,No,None,Low
59,29.11,15,33,0.082,0.136,0,No,4.0,0.274,2.7,5.18,7.25,3.4,No,None,Low
32,36.87,9,7,0.161,0.2064,1,No,2.1,0.341,4.62,5.65,8.27,3.9,No,Low,Low
9,118.38,3,44,0.184,0.0008,0,No,0.0,0.85,3.67,2.9,8.67,3.6,No,None,Low
58,46.69,15,6,0.371,0.1872,3,No,0.0,0.787,2.96,5.2,5.34,5.3,No,Medium,Mid
37,69.25,1,18,0.116,0.0664,1,No,4.1,0.632,3.62,5.5,7.73,3.4,No,Low,Low
19,26.97,10,71,0.286,0.0768,1,No,4.6,0.097,4.47,3.32,8.55,4.8,No,Low,Mid
59,47.6,15,39,0.088,0.0912,0,No,1.2,0.176,4.03,3.95,8.73,3.3,No,None,Low
6,135.98,2,30,0.244,0.1704,2,Yes,1.3,0.703,3.32,4.0,6.42,3.9,No,Low,Mid
24,91.44,13,11,0.149,0.0016,2,No,5.9,0.388,2.0,6.85,5.66,3.5,No,Low,Low
53,103.68,1,2,0.15,0.1,2,No,1.5,0.378,3.6,5.43,6.93,3.4,No,Low,Low
5,93.98,2,7,0.171,0.1464,2,No,1.7,0.757,3.65,5.28,6.83,3.6,No,Low,Low
30,72.88,16,93,0.498,0.2856,4,No,1.2,0.795,3.82,1.28,5.2,6.0,Yes,Medium,High
4,71.42,3,27,0.327,0.068,1,No,3.6,0.687,3.77,4.95,7.88,4.9,No,Low,Mid
41,81.58,11,46,0.359,0.0432,1,No,0.0,0.462,3.98,3.07,8.17,5.0,No,Low,Mid
25,28.03,1,1,0.665,0.0488,0,No,5.4,0.463,4.86,6.78,9.7,7.5,No,None,High
50,55.39,1,0,0.216,0.0504,0,No,1.8,0.703,4.36,5.63,9.19,4.2,No,None,Low
1,102.4,1,13,0.538,0.0976,0,No,4.0,0.624,4.34,5.72,9.01,6.2,No,None,High
14,54.73,4,45,0.247,0.1248,2,No,0.0,0.558,3.13,2.88,6.38,4.4,Yes,Low,Mid
43,56.17,11,61,0.388,0.0136,0,No,7.9,0.503,5.0,4.95,9.95,5.4,No,None,Mid
39,46.92,10,24,0.711,0.0936,1,No,4.3,0.457,2.82,5.57,6.84,7.7,No,Low,Extreme
57,144.4,1,14,0.2,0.012,0,No,3.8,0.849,3.22,5.6,8.18,3.5,No,None,Low
17,82.62,1,1,0.687,0.0464,2,No,4.8,0.749,2.61,6.58,6.12,7.3,No,Low,Extreme
57,92.89,15,61,0.119,0.0512,0,Yes,1.5,0.697,3.66,2.95,8.49,3.3,No,None,Low
40,103.21,11,24,0.024,0.1512,1,No,4.1,0.694,2.17,5.53,6.0,2.5,No,Low,Low
50,243.65,13,12,0.19,0.1888,4,No,3.2,0.887,4.41,5.9,6.11,2.9,No,Medium,Low
32,136.08,9,31,0.141,0.0024,0,No,0.0,0.573,3.5,3.75,8.49,3.2,No,None,Low
16,40.08,5,29,0.159,0.0,1,No,1.0,0.383,4.08,4.05,8.41,3.9,No,Low,Low
19,30.33,1,3,0.128,0.0528,0,No,0.1,0.866,4.73,4.92,9.55,3.7,No,None,Low
21,22.22,6,62,0.353,0.2024,1,No,3.2,0.486,4.07,3.17,7.73,5.3,Yes,Low,Mid
29,74.1,1,11,0.816,0.2112,1,No,2.7,0.69,3.54,5.38,7.17,8.3,No,Low,Extreme
43,33.97,1,34,0.252,0.0328,0,No,7.0,0.801,5.0,5.67,9.89,4.6,No,None,Mid
52,104.37,27,41,0.437,0.0304,1,No,0.9,0.529,2.97,4.15,7.2,5.4,No,Low,Mid
1,55.72,1,25,0.245,0.0176,1,No,5.2,0.855,3.49,5.52,7.76,4.4,No,Low,Mid
52,89.97,14,15,0.167,0.0176,1,No,3.5,0.664,3.38,5.88,7.65,3.6,No,Low,Low
25,182.31,1,17,0.257,0.0056,0,No,3.6,0.616,4.75,5.38,9.73,3.7,No,None,Mid
23,136.47,1,5,0.208,0.0248,1,No,2.2,0.708,3.97,5.52,8.22,3.6,No,Low,Low
28,42.24,1,1,0.174,0.0728,0,Yes,0.8,0.806,4.99,5.25,9.75,4.0,No,None,Low
11,73.27,6,38,0.156,0.1296,2,No,2.9,0.764,2.7,4.27,5.93,3.7,No,Low,Low
50,65.25,13,25,0.147,0.0424,1,No,5.3,0.719,3.25,5.95,7.44,3.6,No,Low,Low
26,118.04,7,29,0.288,0.2224,0,No,1.4,0.939,3.81,4.25,8.07,4.3,No,None,Mid
13,61.3,7,28,0.385,0.0408,1,No,4.9,0.341,2.68,5.47,6.88,5.3,No,Low,Mid
44,16.61,23,25,0.076,0.0112,2,Yes,3.9,0.734,4.04,5.82,7.67,3.4,No,Low,Low
37,77.17,28,14,0.304,0.104,3,Yes,4.8,0.377,2.88,6.83,5.53,4.7,No,Medium,Mid
9,60.46,1,34,0.282,0.0184,0,No,3.7,0.848,4.0,4.57,8.94,4.6,No,None,Mid
53,133.52,1,20,0.463,0.0192,0,No,1.0,0.754,5.0,4.37,9.94,5.4,No,None,High
12,47.33,4,7,0.443,0.0416,1,No,6.9,0.532,4.15,7.08,8.34,5.8,No,Low,Mid
52,91.9,27,19,0.211,0.0248,1,Yes,2.7,0.725,4.8,5.85,9.05,3.9,No,Low,Low
52,71.73,1,42,0.43,0.0344,0,No,4.7,0.826,3.14,4.5,8.03,5.6,No,None,Mid
25,32.1,1,13,0.405,0.044,0,No,0.6,0.795,3.66,4.58,8.51,5.6,No,None,Mid
5,298.73,2,1,0.275,0.0112,1,No,4.3,0.329,3.08,6.45,7.38,3.1,No,Low,Mid
5,54.75,2,45,0.368,0.0224,2,No,4.1,0.507,2.69,4.18,6.28,5.2,No,Low,Mid
31,25.26,8,25,0.364,0.124,1,Yes,5.0,0.638,3.13,5.68,7.05,5.4,No,Low,Mid
30,109.34,1,18,0.506,0.1592,1,No,2.7,0.729,4.73,5.03,8.53,5.9,No,Low,High
29,41.7,8,33,0.245,0.0848,1,No,3.6,0.354,3.65,4.82,7.7,4.5,No,Low,Mid
15,71.02,4,108,0.442,0.064,1,Yes,2.8,0.777,4.26,1.07,8.38,5.7,Yes,Low,Mid
37,34.84,10,163,0.338,0.0976,1,Yes,2.6,0.615,3.63,1.2,7.64,5.2,Yes,Low,Mid
21,64.29,1,25,0.393,0.0056,2,No,4.1,0.592,2.53,5.15,6.18,5.4,No,Low,Mid
43,172.44,1,7,0.451,0.1704,0,No,1.6,0.745,4.6,5.22,9.03,5.1,No,None,High
59,28.64,30,9,0.174,0.0448,2,No,3.9,0.938,3.48,6.85,7.0,4.0,No,Low,Low
20,46.24,16,25,0.172,0.0136,2,No,3.5,0.211,2.45,5.45,6.07,3.9,No,Low,Low
26,107.76,1,16,0.1,0.0888,0,No,5.7,0.141,3.25,6.13,7.95,3.1,No,None,Low
34,40.83,1,6,0.021,0.0304,0,No,2.3,0.404,5.0,5.5,9.9,2.9,No,None,Low
3,60.07,2,12,0.184,0.0904,3,No,4.3,0.516,3.48,5.9,6.18,3.9,No,Medium,Low
25,64.11,7,3,0.379,0.1376,0,No,5.8,0.471,4.44,7.02,8.98,5.3,No,None,Mid
1,117.27,1,24,0.191,0.0536,0,No,0.0,0.757,3.41,3.83,8.23,3.6,No,None,Low
38,33.87,10,31,0.335,0.0832,0,Yes,3.5,0.581,4.87,4.95,9.59,5.1,No,None,Mid
15,10.0,4,32,0.71,0.0104,0,No,7.3,0.816,4.41,5.97,9.38,7.9,No,None,Extreme
19,84.9,1,53,0.192,0.0992,0,No,4.5,0.455,5.0,3.88,9.67,3.8,No,None,Low
44,36.4,12,5,0.271,0.0472,0,No,2.8,0.55,4.25,6.08,9.09,4.7,No,None,Mid
32,108.83,17,0,0.389,0.0936,1,No,2.0,0.553,3.55,6.23,7.57,5.1,No,Low,Mid
1,123.45,1,102,0.524,0.04,1,No,0.5,0.495,2.73,1.0,6.93,5.9,Yes,Low,High
28,39.69,1,89,0.283,0.06,1,No,0.0,0.311,3.58,1.0,7.71,4.7,Yes,Low,Mid
53,46.73,14,6,0.093,0.0784,0,No,0.0,0.802,3.37,5.17,8.11,3.4,No,None,Low
19,98.04,1,9,0.852,0.1928,2,No,0.0,0.714,4.3,4.58,7.32,8.4,No,Low,Extreme
42,226.13,11,55,0.309,0.1112,0,No,5.5,0.68,4.14,4.45,8.77,3.8,No,None,Mid
6,153.65,4,30,0.737,0.1376,1,No,2.5,0.313,1.43,4.47,5.3,7.2,Yes,Low,Extreme
3,64.73,1,47,0.131,0.0816,2,Yes,4.2,0.413,3.76,4.08,7.15,3.5,No,Low,Low
29,56.87,22,47,0.061,0.1312,2,No,2.1,0.255,4.07,4.08,7.3,3.1,Yes,Low,Low
41,36.87,1,40,0.303,0.0432,0,No,1.5,0.442,3.6,3.53,8.46,4.9,No,None,Mid
5,31.46,2,7,0.134,0.016,0,No,3.9,0.629,3.9,6.02,8.85,3.7,No,None,Low
13,20.96,1,25,0.029,0.0016,0,No,4.3,0.532,4.7,5.22,9.69,3.1,No,None,Low
44,91.48,56,20,0.258,0.0072,1,Yes,3.8,0.745,5.0,6.93,9.31,4.3,No,Low,Mid
12,102.68,1,71,0.226,0.0096,1,No,2.3,0.462,4.04,2.25,8.34,4.0,Yes,Low,Low
42,107.21,22,15,0.242,0.0176,0,No,3.2,0.428,3.89,6.05,8.83,4.1,No,None,Mid
25,126.51,7,24,0.154,0.1168,0,No,4.4,0.89,5.0,5.5,9.61,3.3,No,None,Low
6,48.39,4,60,0.308,0.0032,1,Yes,1.6,0.387,2.87,2.67,7.19,4.9,Yes,Low,Mid
48,83.88,1,104,0.468,0.2504,2,No,0.0,0.723,3.4,1.0,6.23,5.8,Yes,Low,High
14,33.95,1,66,0.351,0.0104,1,No,0.0,0.747,4.71,1.73,9.01,5.3,Yes,Low,Mid
26,123.04,14,4,0.151,0.0448,0,No,0.0,0.385,3.78,5.27,8.63,3.3,No,None,Low
50,35.25,26,4,0.122,0.1136,1,Yes,0.0,0.508,5.0,5.67,8.95,3.6,No,Low,Low
28,74.03,15,77,0.466,0.0744,0,No,0.4,0.788,4.7,1.78,9.45,5.8,Yes,None,High
22,23.02,17,6,0.256,0.0264,0,Yes,6.5,0.76,4.66,7.43,9.57,4.7,No,None,Mid
42,49.89,32,30,0.311,0.0304,0,Yes,2.4,0.522,4.56,5.37,9.46,4.9,No,None,Mid
10,78.22,1,0,0.316,0.0392,0,No,1.2,0.576,5.0,5.43,9.87,4.7,No,None,Mid
46,156.44,35,8,0.02,0.0152,0,Yes,3.5,0.598,4.06,6.93,9.01,2.2,No,None,Low
28,143.4,8,18,0.279,0.0936,3,No,1.3,0.598,2.69,4.8,5.38,4.1,No,Medium,Mid
21,63.99,6,16,0.091,0.2296,0,No,3.7,0.097,5.0,5.63,9.23,3.3,No,None,Low
5,25.93,1,5,0.279,0.008,0,No,4.6,0.313,4.75,6.32,9.72,4.8,No,None,Mid
4,74.43,2,35,0.32,0.0216,1,No,6.3,0.436,3.2,5.42,7.46,4.8,No,Low,Mid
11,116.78,9,18,0.321,0.0624,1,Yes,2.9,0.58,2.6,5.37,6.73,4.5,No,Low,Mid
56,198.42,29,30,0.112,0.0024,0,Yes,2.6,0.626,5.0,5.33,9.99,2.6,No,None,Low
21,43.44,11,11,0.078,0.0088,0,No,2.3,0.567,3.18,5.58,8.15,3.3,No,None,Low
57,60.53,29,18,0.185,0.1296,0,No,0.9,0.303,3.51,5.37,8.08,3.9,No,None,Low
20,108.55,11,24,0.333,0.0448,0,Yes,1.6,0.587,3.32,4.7,8.17,4.7,No,None,Mid
3,76.81,3,1,0.2,0.0856,2,Yes,4.8,0.636,3.21,6.65,6.59,3.9,No,Low,Low
58,109.02,1,19,0.109,0.0208,0,Yes,2.8,0.792,4.79,5.02,9.72,3.1,No,None,Low
34,52.81,1,2,0.325,0.0144,0,No,1.5,0.531,4.27,5.43,9.22,5.0,No,None,Mid
30,22.42,16,32,0.559,0.104,1,No,5.0,0.507,4.49,5.6,8.48,6.8,No,Low,High
32,26.68,1,15,0.113,0.0376,0,No,4.3,0.46,3.72,5.72,8.59,3.6,No,None,Low
60,168.22,31,25,0.402,0.0048,0,Yes,2.9,0.42,5.0,5.75,9.98,4.8,No,None,Mid
26,46.43,7,1,0.135,0.1432,1,No,1.2,0.622,3.35,5.58,7.21,3.7,No,Low,Low
12,42.19,4,4,0.157,0.048,1,No,5.2,0.547,3.93,6.67,8.1,3.8,No,Low,Low
14,44.68,1,44,0.419,0.004,0,No,0.0,0.57,5.0,2.83,9.99,5.7,No,None,Mid
47,20.3,24,20,0.054,0.016,0,No,7.0,0.694,5.0,7.13,9.95,3.3,No,None,Low
9,100.87,1,30,0.468,0.1448,2,No,0.6,0.513,3.5,3.73,6.68,5.7,Yes,Low,High
50,92.23,13,15,0.28,0.1032,0,Yes,0.0,0.836,4.15,4.68,8.81,4.4,No,None,Mid
30,161.78,8,35,0.109,0.1096,1,Yes,2.5,0.142,3.2,4.35,7.17,2.8,No,Low,Low
55,30.5,1,4,0.492,0.0048,0,No,3.7,0.664,3.75,6.07,8.73,6.3,No,None,High
17,50.68,1,16,0.494,0.0696,1,No,3.4,0.633,2.91,5.37,7.01,6.2,No,Low,High
44,108.71,1,200,0.152,0.1016,1,No,4.8,0.821,5.0,1.63,8.99,3.4,Yes,Low,Low
46,141.26,35,2,0.142,0.1632,0,No,2.2,0.48,5.0,6.8,9.46,3.1,No,None,Low
23,23.76,6,31,0.1,0.0128,0,No,1.3,0.689,3.76,4.08,8.72,3.6,No,None,Low
47,78.37,24,119,0.387,0.0952,0,No,0.0,0.728,3.94,1.0,8.62,5.2,Yes,None,Mid
18,73.89,1,74,0.17,0.0056,0,No,3.6,0.63,4.81,2.53,9.79,3.7,Yes,None,Low
5,92.97,1,21,0.153,0.0656,1,No,4.1,0.624,5.0,5.35,9.11,3.5,No,Low,Low
12,84.69,4,61,0.263,0.088,1,No,0.0,0.363,4.77,2.08,8.81,4.3,Yes,Low,Mid
33,156.22,9,8,0.245,0.0344,0,Yes,1.1,0.326,3.9,5.27,8.79,3.8,No,None,Mid
24,50.44,1,8,0.345,0.0392,2,No,5.4,0.547,3.39,6.43,6.93,5.1,No,Low,Mid
38,41.63,1,4,0.523,0.0224,1,No,4.6,0.435,5.0,6.37,9.26,6.4,No,Low,High
26,75.42,14,12,0.093,0.2752,4,No,0.5,0.686,1.76,5.03,3.18,3.2,No,Medium,Low
54,29.0,14,1,0.345,0.0632,1,No,0.4,0.407,4.03,5.55,8.15,5.2,No,Low,Mid
5,83.72,2,38,0.266,0.0272,1,No,1.6,0.639,3.85,3.7,8.09,4.4,No,Low,Mid
3,60.2,1,126,0.324,0.008,0,No,1.6,0.661,5.0,1.0,9.97,4.9,Yes,None,Mid
20,38.1,6,72,0.175,0.0176,0,Yes,7.6,0.518,4.13,4.13,9.07,4.0,No,None,Low
36,108.18,19,31,0.157,0.0704,1,No,1.3,0.627,3.46,4.52,7.56,3.4,No,Low,Low
47,70.18,1,90,0.158,0.0776,2,No,2.9,0.549,4.07,1.5,7.48,3.7,Yes,Low,Low
52,23.88,1,56,0.128,0.0032,2,No,0.7,0.389,3.55,2.47,7.21,3.8,Yes,Low,Low
58,51.47,1,8,0.29,0.0272,3,Yes,2.4,0.164,3.37,5.43,6.28,4.7,No,Medium,Mid
44,52.48,1,116,0.201,0.0864,1,No,4.7,0.236,4.74,1.6,8.79,4.1,Yes,Low,Low
30,89.91,23,28,0.156,0.0328,1,No,1.0,0.363,3.5,4.7,7.72,3.6,No,Low,Low
13,54.58,4,38,0.068,0.0552,2,No,0.0,0.658,3.65,3.23,7.13,3.1,Yes,Low,Low
52,104.65,14,66,0.327,0.1176,3,Yes,1.7,0.739,2.94,2.73,5.55,4.7,Yes,Medium,Mid
60,72.76,16,17,0.184,0.024,1,Yes,5.4,0.57,5.0,6.48,9.25,3.9,No,Low,Low
27,26.69,1,48,0.358,0.0696,1,No,3.9,0.375,3.12,3.93,7.22,5.3,Yes,Low,Mid
10,28.32,1,14,0.436,0.2136,2,No,3.2,0.856,4.79,5.4,7.74,5.9,No,Low,Mid
54,27.3,14,24,0.445,0.064,0,No,5.2,0.54,3.85,6.0,8.64,6.0,No,None,Mid
49,128.76,1,38,0.255,0.0096,1,No,3.9,0.096,2.81,4.43,7.11,4.0,No,Low,Mid
40,100.42,31,32,0.047,0.2264,1,No,1.6,0.364,4.7,4.97,8.28,2.7,No,Low,Low
60,40.78,16,1,0.255,0.1968,2,No,5.3,0.873,3.05,7.25,6.06,4.5,No,Low,Mid
17,67.8,1,12,0.031,0.0232,2,No,4.3,0.743,3.55,5.87,7.14,2.8,No,Low,Low
40,82.88,1,59,0.499,0.1232,0,No,3.8,0.652,5.0,3.35,9.59,6.0,No,None,High
46,32.26,12,10,0.233,0.0152,0,No,5.5,0.451,2.37,6.73,7.32,4.4,No,None,Mid
55,46.78,28,1,0.54,0.0672,2,Yes,6.3,0.413,3.85,7.98,7.29,6.5,No,Low,High
25,43.91,19,41,0.264,0.004,3,Yes,5.3,0.563,2.45,5.35,5.44,4.6,No,Medium,Mid
24,38.95,19,9,0.269,0.0184,0,No,3.6,0.619,4.42,6.38,9.36,4.6,No,None,Mid
30,79.72,16,6,0.055,0.0248,0,No,5.6,0.61,3.18,7.1,8.1,2.9,No,None,Low
4,117.32,3,13,0.238,0.068,0,No,1.9,0.439,3.8,5.08,8.57,4.0,No,None,Mid
1,57.57,1,10,0.286,0.0272,0,No,2.5,0.926,4.87,5.37,9.78,4.7,No,None,Mid
29,39.53,8,8,0.576,0.0144,0,No,2.1,0.708,2.92,5.57,7.87,6.8,No,None,High
14,53.82,4,4,0.503,0.216,2,No,5.0,0.528,2.56,6.6,5.51,6.2,No,Low,High
54,46.4,1,66,0.286,0.0328,0,No,5.3,0.946,2.89,3.5,7.78,4.7,Yes,None,Mid
43,92.93,1,10,0.522,0.1288,2,No,4.4,0.776,3.63,6.0,6.87,6.1,No,Low,High
48,55.88,25,3,0.117,0.184,2,No,2.7,0.976,2.81,6.58,5.86,3.5,No,Low,Low
42,37.45,1,11,0.366,0.1048,0,No,0.2,0.313,5.0,4.55,9.65,5.3,No,None,Mid
59,76.89,15,5,0.517,0.016,1,No,6.9,0.358,3.16,7.55,7.44,6.2,No,Low,High
53,24.27,14,114,0.423,0.1816,2,No,7.3,0.794,2.98,2.9,6.04,5.8,Yes,Low,Mid
24,244.65,19,12,0.259,0.1008,3,No,7.1,0.848,3.46,7.4,6.12,3.3,No,Medium,Mid
11,32.19,3,9,0.129,0.0136,0,No,0.4,0.722,3.08,4.78,8.03,3.7,No,None,Low
17,90.32,1,76,0.245,0.0416,1,No,0.6,0.543,3.75,1.43,7.94,4.2,Yes,Low,Mid
30,73.12,8,17,0.177,0.0024,0,No,6.3,0.708,4.39,6.52,9.38,3.8,No,None,Low
17,45.37,5,16,0.049,0.1144,1,No,2.1,0.451,2.37,5.07,6.32,3.1,No,Low,Low
49,84.21,1,17,0.203,0.0232,0,No,0.0,0.367,4.43,4.18,9.35,3.9,No,None,Low
8,51.78,1,34,0.503,0.0712,0,No,3.4,0.863,4.18,4.47,8.94,6.2,No,None,High
47,137.98,12,31,0.326,0.116,2,No,3.9,0.642,4.24,5.15,7.52,4.5,No,Low,Mid
59,111.25,45,14,0.573,0.0648,3,Yes,5.7,0.838,4.6,7.7,7.38,6.3,No,Medium,High
47,182.35,1,3,0.717,0.0848,1,No,6.5,0.864,4.22,7.05,8.27,6.9,No,Low,Extreme
3,89.8,1,2,0.642,0.0568,3,No,4.6,0.766,3.55,6.47,6.36,7.0,No,Medium,High
57,116.56,1,9,0.381,0.0224,1,No,2.8,0.461,3.41,5.52,7.67,5.0,No,Low,Mid
39,75.2,10,14,0.161,0.032,0,No,5.9,0.613,3.7,6.6,8.59,3.7,No,None,Low
53,38.19,1,79,0.297,0.0144,1,No,0.8,0.322,3.47,1.35,7.76,4.8,Yes,Low,Mid
14,24.35,1,92,0.1,0.0568,1,Yes,0.1,0.797,3.62,1.0,7.76,3.6,Yes,Low,Low
39,66.7,10,7,0.386,0.1616,1,No,5.4,0.714,4.25,6.78,8.04,5.3,No,Low,Mid
44,73.34,23,8,0.403,0.0792,1,No,1.9,0.819,3.86,6.0,7.93,5.4,No,Low,Mid
2,113.64,1,12,0.299,0.2648,1,No,0.4,0.291,4.33,4.57,7.78,4.4,No,Low,Mid
37,241.29,10,58,0.385,0.0784,1,Yes,2.9,0.465,4.17,3.4,8.24,4.2,No,Low,Mid
32,33.97,9,8,0.112,0.0672,3,No,2.8,0.239,3.16,5.83,5.94,3.6,No,Medium,Low
32,71.72,1,27,0.239,0.1376,2,No,2.9,0.398,4.26,4.65,7.47,4.2,No,Low,Mid
33,85.48,17,73,0.361,0.0104,0,No,3.3,0.588,4.2,3.02,9.17,5.0,Yes,None,Mid
13,129.01,1,6,0.149,0.048,0,No,5.5,0.449,4.6,6.57,9.44,3.3,No,None,Low
54,98.65,14,24,0.128,0.0216,1,No,5.1,0.644,4.24,5.97,8.5,3.3,No,Low,Low
31,158.4,16,27,0.417,0.0048,0,No,0.8,0.92,2.96,4.45,7.94,5.0,No,None,Mid
7,65.72,2,58,0.484,0.0616,0,No,2.2,0.876,3.66,2.9,8.45,6.0,No,None,High
19,126.18,5,9,0.233,0.0216,2,No,2.9,0.771,3.27,5.68,6.86,3.9,No,Low,Mid
20,104.72,1,25,0.407,0.0912,0,No,4.5,0.942,2.73,5.28,7.43,5.2,No,None,Mid
60,44.25,16,5,0.282,0.032,0,No,0.1,0.43,3.64,5.32,8.53,4.7,No,None,Mid
34,64.94,1,1,0.351,0.0624,0,No,4.0,0.454,3.26,6.32,8.05,5.1,No,None,Mid
40,130.9,11,18,0.267,0.04,0,No,1.8,0.524,4.64,5.07,9.51,4.1,No,None,Mid
46,22.68,12,43,0.1,0.0,0,Yes,5.0,0.295,2.35,4.92,7.35,3.6,No,None,Low
35,48.37,1,50,0.433,0.0008,1,No,2.9,0.846,3.26,3.5,7.59,5.7,No,Low,Mid
52,47.14,40,8,0.586,0.1568,0,No,5.3,0.9,3.91,7.7,8.39,6.8,No,None,High
20,116.99,11,18,0.289,0.0504,1,Yes,3.9,0.366,4.71,5.77,8.88,4.3,No,Low,Mid
2,118.67,1,14,0.192,0.0096,2,No,3.7,0.816,3.62,5.57,7.25,3.6,No,Low,Low
50,40.08,13,58,0.126,0.2744,1,No,4.1,0.624,4.2,3.9,7.62,3.6,Yes,Low,Low
21,42.7,1,38,0.105,0.0528,0,No,2.5,0.761,4.09,3.97,8.91,3.5,No,None,Low
28,78.78,1,30,0.149,0.2096,0,No,0.0,0.543,3.01,3.53,7.31,3.6,No,None,Low
59,86.09,1,79,0.229,0.0544,1,No,3.4,0.695,4.23,2.22,8.38,4.1,Yes,Low,Mid
21,36.29,6,17,0.167,0.0376,1,No,4.9,0.584,4.04,5.98,8.25,4.0,No,Low,Low
25,15.94,19,15,0.224,0.128,2,No,2.0,0.492,4.08,5.55,7.32,4.5,No,Low,Low
45,10.0,12,32,0.27,0.1072,0,No,5.5,0.745,2.03,5.63,6.67,4.8,No,None,Mid
38,77.42,10,25,0.574,0.0008,0,No,4.9,0.859,4.22,5.72,9.22,6.6,No,None,High
60,23.78,46,17,0.384,0.0304,1,Yes,3.7,0.645,5.0,6.92,9.23,5.5,No,Low,Mid
50,61.18,1,4,0.6,0.0272,0,No,2.7,0.833,4.81,5.73,9.72,6.8,No,None,High
43,139.5,11,32,0.276,0.104,0,No,3.9,0.858,4.13,5.07,8.78,4.1,No,None,Mid
48,76.54,13,30,0.204,0.0304,0,Yes,0.1,0.824,2.97,3.97,7.87,4.0,No,None,Low
8,39.24,9,38,0.117,0.0096,2,Yes,2.4,0.423,3.37,4.2,7.0,3.6,No,Low,Low
10,138.75,6,64,0.322,0.0736,0,No,2.8,0.897,5.0,2.93,9.75,4.4,Yes,None,Mid
25,56.82,19,29,0.308,0.04,1,Yes,0.9,0.427,2.97,4.48,7.17,4.8,No,Low,Mid
17,142.6,1,13,0.538,0.056,3,Yes,0.8,0.855,3.74,4.65,6.55,5.9,No,Medium,High
25,291.99,7,28,0.259,0.0384,1,No,5.6,0.315,2.05,5.7,6.26,3.1,No,Low,Mid
43,58.91,1,2,0.569,0.0752,0,No,3.1,0.773,3.99,5.97,8.74,6.6,No,None,High
44,56.82,1,6,0.106,0.0744,0,No,3.0,0.722,3.9,5.73,8.65,3.4,No,None,Low
20,60.92,6,21,0.185,0.024,1,No,3.8,0.286,5.0,5.42,9.25,3.9,No,Low,Low
20,60.05,11,10,0.601,0.128,1,No,1.7,0.462,4.88,5.43,8.79,6.8,No,Low,High
25,98.36,1,20,0.027,0.016,1,No,0.4,0.787,3.39,4.17,7.67,2.6,No,Low,Low
24,69.77,1,27,0.166,0.0024,2,No,3.9,0.572,3.64,4.98,7.3,3.7,No,Low,Low
2,25.37,2,8,0.62,0.0472,1,No,4.1,0.739,3.59,6.03,7.77,7.2,No,Low,High
34,184.04,9,31,0.21,0.0904,2,Yes,5.9,0.431,1.99,5.72,5.36,3.4,No,Low,Low
5,32.73,2,10,0.376,0.0816,0,No,5.3,0.629,2.89,6.33,7.62,5.4,No,None,Mid
55,103.94,28,112,0.306,0.0096,0,No,2.9,0.619,5.0,1.9,9.97,4.5,Yes,None,Mid
2,66.97,2,71,0.147,0.0832,0,No,6.6,0.379,2.76,3.72,7.48,3.6,Yes,None,Low
1,34.66,1,3,0.603,0.0,0,No,5.2,0.879,4.74,6.62,9.74,7.0,No,None,High
53,63.07,27,7,0.046,0.0296,0,Yes,1.2,0.714,5.0,5.95,9.9,2.9,No,None,Low
15,63.27,8,31,0.32,0.0848,0,No,1.2,0.629,3.64,4.12,8.36,4.9,No,None,Mid
13,144.73,4,14,0.44,0.0496,0,No,3.5,0.612,4.32,5.6,9.15,5.2,No,None,Mid
23,46.07,1,22,0.316,0.0376,1,No,2.1,0.623,4.98,4.63,9.19,4.9,No,Low,Mid
23,62.14,6,27,0.36,0.012,0,No,1.7,0.825,3.32,4.42,8.28,5.1,No,None,Mid
5,51.91,1,8,0.523,0.088,0,No,2.8,0.336,3.43,5.57,8.14,6.3,No,None,High
42,96.47,11,15,0.219,0.0032,0,Yes,6.2,0.204,4.56,6.68,9.55,4.0,No,None,Low
4,77.56,1,6,0.401,0.18,2,Yes,5.9,0.461,3.77,6.7,6.84,5.3,No,Low,Mid
54,84.59,14,65,0.201,0.108,0,No,1.9,0.646,4.96,2.85,9.6,3.9,No,None,Low
3,141.59,1,109,0.308,0.0104,0,No,6.4,0.735,5.0,2.17,9.97,4.3,Yes,None,Mid
4,70.1,1,42,0.034,0.0144,0,No,3.5,0.903,4.73,4.1,9.68,2.8,No,None,Low
26,32.08,1,13,0.219,0.0712,1,No,5.8,0.648,5.0,6.32,9.1,4.3,No,Low,Low
20,54.68,1,8,0.271,0.0672,0,No,4.6,0.631,4.54,6.17,9.32,4.6,No,None,Mid
8,51.13,5,85,0.265,0.2048,2,No,2.1,0.374,4.85,1.62,7.83,4.5,Yes,Low,Mid
34,51.84,9,26,0.435,0.072,4,No,5.5,0.38,3.42,5.83,5.51,5.7,No,Medium,Mid
9,62.46,3,32,0.694,0.1488,1,Yes,7.1,0.884,3.11,5.87,6.95,7.5,No,Low,Extreme
5,81.52,4,3,0.375,0.0624,1,Yes,5.4,0.546,3.74,6.78,7.87,5.1,No,Low,Mid
31,89.75,1,26,0.183,0.0328,0,No,2.8,0.695,4.53,4.67,9.42,3.7,No,None,Low
47,82.7,1,4,0.12,0.036,4,No,3.3,0.469,2.59,5.93,4.8,3.3,No,Medium,Low
35,26.14,27,19,0.295,0.0472,0,No,3.4,0.493,3.77,6.08,8.61,4.9,No,None,Mid
36,30.2,1,8,0.38,0.0112,1,No,5.0,0.471,3.86,6.3,8.16,5.5,No,Low,Mid
56,40.4,43,10,0.055,0.0008,3,No,3.3,0.704,2.17,7.03,5.17,3.1,No,Medium,Low
54,102.96,14,16,0.268,0.0776,1,No,1.6,0.889,3.59,5.2,7.66,4.3,No,Low,Mid
44,141.14,12,8,0.193,0.0872,0,Yes,1.7,0.472,4.29,5.57,9.0,3.5,No,None,Low
36,161.75,10,2,0.368,0.0464,0,No,4.6,0.643,3.57,6.77,8.42,4.6,No,None,Mid
5,70.91,3,8,0.549,0.0224,0,No,2.4,0.624,3.43,5.5,8.36,6.4,No,None,High
11,60.21,1,8,0.079,0.0592,1,No,2.1,0.858,3.89,5.33,8.03,3.2,No,Low,Low
23,173.73,1,3,0.211,0.0088,1,No,0.2,0.493,3.98,4.95,8.28,3.4,No,Low,Low
44,286.26,34,42,0.255,0.1176,2,Yes,1.7,0.357,3.3,4.6,6.57,3.1,No,Low,Mid
48,55.05,1,63,0.132,0.0392,1,No,1.9,0.584,3.48,2.52,7.68,3.6,Yes,Low,Low
55,55.93,28,27,0.099,0.0944,1,No,3.2,0.671,4.03,5.65,8.05,3.4,No,Low,Low
22,65.18,6,27,0.136,0.0392,1,No,5.3,0.451,4.04,5.62,8.24,3.6,No,Low,Low
33,43.46,9,24,0.05,0.092,1,No,5.0,0.625,3.23,5.77,7.26,3.1,No,Low,Low
59,96.79,15,50,0.252,0.0408,0,No,2.8,0.678,3.25,3.93,8.11,4.2,No,None,Mid
30,30.73,8,6,0.431,0.0168,1,No,4.2,0.892,4.71,6.37,8.99,5.8,No,Low,Mid
49,132.97,13,24,0.372,0.1904,1,No,2.0,0.172,3.98,4.9,7.68,4.8,No,Low,Mid
60,71.08,61,60,0.173,0.0552,2,No,3.6,0.346,3.6,4.87,7.08,3.8,No,Low,Low
49,214.69,13,120,0.469,0.0176,0,No,0.0,0.809,1.34,1.0,6.28,5.0,Yes,None,High
52,45.04,14,21,0.179,0.0008,1,No,0.0,0.475,3.91,4.42,8.24,4.0,No,Low,Low
37,47.09,1,23,0.032,0.068,0,No,1.6,0.505,4.65,4.42,9.42,2.9,No,None,Low
43,42.16,22,3,0.257,0.04,1,No,3.4,0.694,3.8,6.72,8.0,4.5,No,Low,Mid
10,136.3,3,1,0.297,0.0168,0,No,1.6,0.46,5.0,5.58,9.94,4.3,No,None,Mid
37,40.07,10,4,0.313,0.084,2,No,2.0,0.346,2.92,5.8,6.31,5.0,No,Low,Mid
34,85.87,1,22,0.409,0.0936,0,No,0.4,0.625,4.47,4.07,9.16,5.3,No,None,Mid
50,26.94,13,35,0.247,0.12,1,No,1.3,0.909,4.14,4.12,8.07,4.6,No,Low,Mid
25,103.03,7,69,0.303,0.0296,0,No,4.8,0.637,3.64,3.38,8.54,4.5,No,None,Mid
22,90.54,6,1,0.293,0.0656,0,No,1.3,0.632,4.26,5.58,9.04,4.5,No,None,Mid
54,117.57,1,50,0.46,0.1368,0,No,2.3,0.649,5.0,3.3,9.54,5.5,No,None,High
7,72.85,2,95,0.678,0.0336,0,Yes,3.2,0.747,4.44,1.38,9.33,7.3,Yes,None,Extreme
53,63.81,1,5,0.119,0.0552,1,No,2.6,0.543,3.79,5.65,7.94,3.5,No,Low,Low
30,49.31,31,23,0.437,0.0072,0,Yes,3.4,0.749,3.59,6.02,8.57,5.8,No,None,Mid
51,41.91,1,13,0.2,0.004,1,No,3.3,0.879,5.0,5.48,9.32,4.1,No,Low,Low
10,213.18,3,10,0.372,0.0152,1,No,3.7,0.958,3.8,5.83,8.08,4.3,No,Low,Mid
3,218.82,1,15,0.521,0.1264,1,No,0.0,0.35,4.09,4.28,8.0,5.3,No,Low,High
17,82.18,5,62,0.228,0.0336,0,No,2.5,0.82,3.02,2.9,7.91,4.1,Yes,None,Mid
36,15.07,1,11,0.495,0.0752,0,Yes,3.7,0.622,4.38,5.72,9.13,6.4,No,None,High
10,52.94,1,30,0.42,0.0464,2,No,3.2,0.453,4.54,4.6,8.05,5.6,No,Low,Mid
22,43.88,1,7,0.19,0.004,1,No,4.1,0.613,3.71,6.05,8.03,4.1,No,Low,Low
4,40.21,1,13,0.4,0.04,1,No,2.7,0.326,4.56,5.28,8.76,5.6,No,Low,Mid
41,116.47,1,11,0.298,0.0352,1,No,7.6,0.769,4.67,7.02,8.89,4.4,No,Low,Mid
5,97.34,2,17,0.183,0.1128,2,No,4.9,0.362,4.76,5.85,8.05,3.7,No,Low,Low
23,39.72,1,84,0.46,0.1808,3,No,0.0,0.611,2.57,1.0,4.97,6.0,Yes,Medium,High
43,21.21,33,46,0.566,0.0096,0,No,1.7,0.971,3.74,4.37,8.71,6.8,No,None,High
2,50.74,2,1,0.312,0.0488,1,No,2.1,0.765,4.74,5.72,8.91,4.9,No,Low,Mid
14,135.99,4,3,0.314,0.1656,1,No,2.9,0.59,3.38,5.95,7.16,4.4,No,Low,Mid
54,148.83,1,15,0.601,0.028,0,No,0.8,0.717,3.48,4.55,8.39,6.3,No,None,High
2,89.32,2,8,0.275,0.14,4,No,6.7,0.355,3.27,6.9,5.14,4.4,No,Medium,Mid
55,109.07,1,62,0.34,0.2048,2,No,2.9,0.673,3.55,2.9,6.53,4.7,Yes,Low,Mid
40,102.47,21,1,0.056,0.0232,2,No,4.9,0.582,3.57,7.28,7.16,2.8,No,Low,Low
29,230.58,1,15,0.423,0.0176,2,No,1.4,0.72,4.26,4.75,7.87,4.6,No,Low,Mid
56,52.03,15,2,0.545,0.0368,3,No,0.4,0.696,4.11,5.53,6.99,6.5,No,Medium,High
8,71.32,1,140,0.672,0.1056,0,No,2.7,0.814,4.02,1.0,8.67,7.3,Yes,None,High
16,21.99,5,14,0.375,0.232,1,No,2.7,0.616,3.63,5.37,7.19,5.5,No,Low,Mid
28,86.17,8,9,0.514,0.1144,0,No,4.5,0.462,4.07,6.32,8.69,6.1,No,None,High
28,94.58,1,30,0.276,0.1976,1,No,4.9,0.155,3.51,5.17,7.18,4.4,No,Low,Mid
3,39.11,1,1,0.36,0.1192,0,No,3.5,0.801,4.28,6.15,8.88,5.3,No,None,Mid
35,37.1,1,9,0.3,0.0624,0,No,1.6,0.32,3.18,5.12,7.97,4.9,No,None,Mid
28,17.44,8,28,0.343,0.0024,0,Yes,1.7,0.121,3.74,4.43,8.73,5.3,No,None,Mid
41,79.08,52,30,0.32,0.0408,0,Yes,6.1,0.684,4.82,7.2,9.68,4.8,No,None,Mid
48,48.69,13,1,0.076,0.0512,1,Yes,3.0,0.492,4.42,6.38,8.58,3.2,No,Low,Low
26,82.95,1,4,0.587,0.0064,0,No,1.4,0.373,5.0,5.3,9.98,6.6,No,None,High
26,78.76,7,80,0.051,0.0712,0,No,2.5,0.765,4.77,2.07,9.53,2.9,Yes,None,Low
21,41.5,11,27,0.45,0.0016,0,No,2.1,0.803,4.7,4.72,9.69,5.9,No,None,High
21,102.26,11,20,0.021,0.0184,1,No,0.5,0.51,3.74,4.53,8.01,2.5,No,Low,Low
47,126.33,24,102,0.441,0.0216,1,No,2.3,0.59,4.96,1.57,9.22,5.3,Yes,Low,Mid
57,124.99,15,75,0.284,0.1128,2,No,2.3,0.58,3.98,2.52,7.27,4.2,Yes,Low,Mid
42,61.38,11,31,0.132,0.176,1,No,4.1,0.831,4.35,5.18,8.1,3.6,No,Low,Low
53,56.93,14,73,0.602,0.2,1,No,4.2,0.263,3.57,3.22,7.24,6.9,Yes,Low,High
45,95.1,46,19,0.341,0.0536,0,Yes,2.2,0.465,5.0,6.32,9.82,4.8,No,None,Mid
25,44.26,1,2,0.265,0.016,0,No,1.3,0.802,4.33,5.37,9.28,4.6,No,None,Mid
16,70.01,1,45,0.333,0.0232,2,No,3.4,0.457,2.94,3.92,6.53,4.9,No,Low,Mid
42,37.02,11,21,0.525,0.0152,1,No,3.2,0.818,3.14,5.38,7.42,6.5,No,Low,High
8,55.3,3,23,0.185,0.1024,2,No,2.3,0.801,2.48,4.72,5.81,4.0,No,Low,Low
33,234.78,34,31,0.173,0.1104,2,Yes,6.9,0.816,3.27,6.88,6.57,2.8,No,Low,Low
58,85.32,30,2,0.198,0.0448,1,No,2.4,0.717,3.55,6.7,7.73,3.9,No,Low,Low
26,87.24,1,62,0.121,0.0328,1,No,0.0,0.327,4.61,1.93,8.83,3.3,Yes,Low,Low
5,70.46,2,48,0.154,0.0328,1,No,2.9,0.171,3.81,3.63,8.03,3.7,Yes,Low,Low
24,89.22,1,15,0.373,0.0224,2,No,3.3,0.591,2.89,5.38,6.48,5.1,No,Low,Mid
54,33.83,1,23,0.292,0.0104,0,No,1.5,0.509,3.69,4.38,8.66,4.8,No,None,Mid
39,63.33,10,157,0.773,0.0552,1,Yes,4.5,0.399,5.0,1.83,9.15,8.0,Yes,Low,Extreme
53,38.02,1,14,0.385,0.0064,1,No,0.8,0.402,4.01,4.6,8.32,5.5,No,Low,Mid
3,165.14,1,105,0.16,0.1264,0,No,2.0,0.7,4.08,1.0,8.66,3.1,Yes,None,Low
49,39.13,1,41,0.38,0.0192,1,No,5.7,0.816,4.16,4.88,8.43,5.4,No,Low,Mid
60,32.52,1,56,0.256,0.1152,0,No,4.2,0.467,5.0,3.63,9.62,4.6,No,None,Mid
23,86.56,6,124,0.095,0.088,0,Yes,2.7,0.437,5.0,1.1,9.71,3.1,Yes,None,Low
44,35.4,12,12,0.486,0.032,2,No,4.5,0.655,2.51,6.3,6.07,6.2,No,Low,High
43,113.77,22,20,0.174,0.0752,0,Yes,2.0,0.75,3.69,5.4,8.44,3.5,No,None,Low
41,30.35,21,19,0.53,0.1136,2,No,6.4,0.412,4.1,6.88,7.39,6.5,No,Low,High
30,49.55,1,88,0.132,0.0448,0,Yes,0.2,0.432,3.56,1.0,8.41,3.6,Yes,None,Low
10,76.75,1,17,0.47,0.0304,0,No,7.6,0.595,4.41,6.72,9.31,5.8,No,None,High
5,42.98,3,12,0.231,0.0552,0,No,6.1,0.531,4.81,6.53,9.63,4.4,No,None,Mid
9,29.52,3,10,0.142,0.0696,0,Yes,2.8,0.487,3.67,5.53,8.44,3.8,No,None,Low
40,80.1,21,2,0.276,0.0328,4,No,6.4,0.671,2.42,7.73,4.64,4.5,No,Medium,Mid
37,66.44,10,42,0.266,0.0344,0,No,1.5,0.444,3.29,3.73,8.18,4.5,No,None,Mid
42,38.73,11,38,0.351,0.2592,4,No,0.0,0.793,3.86,3.47,5.33,5.2,Yes,Medium,Mid
36,117.36,10,79,0.25,0.0608,0,No,4.3,0.202,4.73,2.82,9.53,4.0,Yes,None,Mid
25,81.44,1,0,0.155,0.2232,0,Yes,2.5,0.802,4.53,5.87,8.79,3.6,No,None,Low
45,45.82,12,40,0.364,0.188,2,No,3.0,0.75,4.96,4.4,8.0,5.3,No,Low,Mid
27,177.46,1,53,0.262,0.0552,1,No,1.9,0.833,3.59,3.02,7.74,3.8,Yes,Low,Mid
9,97.65,3,5,0.08,0.0624,1,No,1.3,0.907,4.33,5.28,8.46,3.0,No,Low,Low
52,63.58,14,18,0.08,0.0312,0,No,4.6,0.846,3.83,6.1,8.73,3.2,No,None,Low
44,59.04,12,3,0.362,0.0456,0,No,3.6,0.112,3.44,6.45,8.29,5.2,No,None,Mid
28,110.69,8,52,0.133,0.0016,0,No,1.2,0.472,4.7,3.07,9.69,3.3,No,None,Low
41,138.25,1,1,0.073,0.0552,1,No,2.2,0.394,4.78,5.72,8.93,2.7,No,Low,Low
38,64.69,1,49,0.44,0.0688,0,No,2.9,0.939,4.55,3.55,9.32,5.7,No,None,Mid
45,52.17,23,51,0.492,0.2152,1,No,1.4,0.908,4.01,3.68,7.63,6.1,Yes,Low,High
6,124.14,1,37,0.487,0.0608,0,Yes,3.6,0.548,4.92,4.38,9.72,5.7,No,None,High
45,34.89,1,7,0.297,0.1528,0,No,1.1,0.17,4.19,5.05,8.68,4.9,No,None,Mid
56,172.45,43,2,0.388,0.2264,1,No,1.1,0.674,5.0,6.7,8.58,4.7,No,Low,Mid
51,74.09,13,8,0.716,0.0352,0,No,2.7,0.563,4.14,5.93,9.02,7.6,No,None,Extreme
22,27.11,12,71,0.101,0.1752,2,No,3.4,0.245,4.5,2.98,7.58,3.5,Yes,Low,Low
47,73.28,1,34,0.485,0.0448,0,No,1.8,0.565,5.0,3.93,9.85,6.0,No,None,High
48,110.56,13,13,0.737,0.0784,0,Yes,7.8,0.953,4.09,7.38,8.83,7.5,No,None,Extreme
26,57.03,1,1,0.274,0.08,0,No,3.1,0.829,3.78,6.02,8.51,4.6,No,None,Mid
46,45.86,24,1,0.38,0.0304,2,Yes,3.7,0.597,3.56,6.98,7.13,5.4,No,Low,Mid
8,84.62,3,39,0.014,0.0328,0,No,5.1,0.849,4.09,4.85,8.98,2.6,No,None,Low
27,33.49,7,10,0.35,0.0184,1,No,5.8,0.453,4.28,6.67,8.55,5.2,No,Low,Mid
33,66.88,17,80,0.208,0.0184,0,No,3.9,0.443,2.82,2.87,7.76,4.1,Yes,None,Low
6,54.28,1,90,0.032,0.164,0,No,0.1,0.776,4.16,1.0,8.61,2.9,Yes,None,Low
39,105.54,1,25,0.14,0.0072,0,No,2.3,0.501,4.94,4.55,9.92,3.3,No,None,Low
19,62.33,5,35,0.094,0.068,0,No,4.1,0.654,5.0,4.78,9.77,3.3,No,None,Low
53,131.15,27,48,0.67,0.1296,2,No,5.2,0.827,3.26,5.23,6.49,6.9,No,Low,High
14,23.62,11,5,0.228,0.0768,2,No,3.4,0.733,3.65,6.25,7.06,4.5,No,Low,Mid
13,47.63,17,38,0.328,0.0456,0,No,1.3,0.674,4.69,4.1,9.54,5.0,No,None,Mid
57,47.05,43,7,0.313,0.0168,0,Yes,4.7,0.53,4.23,7.65,9.17,4.9,No,None,Mid
5,34.15,4,25,0.033,0.0048,1,Yes,0.0,0.701,3.09,3.88,7.41,3.0,No,Low,Low
42,172.56,1,34,0.073,0.0088,0,No,5.2,0.848,2.5,5.07,7.47,2.5,No,None,Low
6,64.23,5,52,0.276,0.0328,0,Yes,1.7,0.845,3.88,3.13,8.77,4.5,No,None,Mid
28,72.74,22,48,0.146,0.0072,1,No,4.3,0.48,2.91,4.77,7.22,3.6,No,Low,Low
23,100.67,12,24,0.233,0.0888,2,No,4.1,0.332,3.57,5.57,6.94,4.0,No,Low,Mid
23,61.97,18,12,0.272,0.1432,1,No,5.3,0.43,4.7,6.77,8.56,4.5,No,Low,Mid
51,40.7,13,117,0.418,0.0736,3,No,2.3,0.614,2.18,1.2,4.93,5.7,Yes,Medium,Mid
33,107.96,1,22,0.052,0.0336,2,No,2.2,0.555,5.0,4.67,8.55,2.7,No,Low,Low
59,20.37,30,39,0.646,0.1672,2,Yes,3.8,0.892,2.66,5.32,5.77,7.4,No,Low,High
39,68.6,10,36,0.11,0.1432,1,No,0.0,0.581,1.85,3.53,5.71,3.4,Yes,Low,Low
60,61.15,16,28,0.255,0.0744,0,No,1.2,0.5,4.68,4.53,9.43,4.4,No,None,Mid
14,32.53,4,130,0.398,0.1376,0,Yes,0.0,0.563,4.98,1.0,9.52,5.6,Yes,None,Mid
33,125.44,9,32,0.086,0.0152,1,No,0.4,0.46,3.92,3.83,8.2,2.8,No,Low,Low
48,87.47,25,107,0.232,0.056,0,No,5.5,0.747,3.4,2.67,8.21,4.1,Yes,None,Mid
40,55.51,11,1,0.17,0.0224,0,No,5.1,0.486,5.0,7.02,9.93,3.9,No,None,Low
53,35.59,14,87,0.195,0.0552,2,No,5.8,0.396,5.0,3.05,8.48,4.2,Yes,Low,Low
44,105.41,1,33,0.368,0.0976,3,No,2.7,0.666,3.83,4.28,6.5,4.9,Yes,Medium,Mid
45,90.94,23,12,0.089,0.004,1,Yes,2.4,0.521,4.91,5.97,9.23,3.1,No,Low,Low
37,93.84,10,2,0.35,0.088,0,No,5.3,0.327,4.57,7.0,9.28,4.9,No,None,Mid
39,105.21,1,6,0.269,0.0664,1,No,3.5,0.675,2.85,5.9,6.96,4.3,No,Low,Mid
16,51.61,1,43,0.273,0.0168,0,No,5.3,0.731,4.5,4.65,9.44,4.6,No,None,Mid
51,171.61,13,3,0.232,0.008,1,No,0.6,0.748,4.26,5.48,8.57,3.6,No,Low,Mid
56,59.23,29,6,0.401,0.0464,0,No,5.0,0.95,3.72,7.33,8.57,5.5,No,None,Mid
34,81.53,1,46,0.134,0.0264,2,No,1.7,0.836,4.62,3.3,8.2,3.4,No,Low,Low
6,90.12,1,4,0.718,0.0088,0,No,0.0,0.59,4.5,4.83,9.47,7.5,No,None,Extreme
52,57.09,27,35,0.261,0.0064,1,No,4.2,0.483,3.92,5.55,8.23,4.5,No,Low,Mid
5,43.18,1,2,0.367,0.04,0,No,2.4,0.567,5.0,5.73,9.87,5.3,No,None,Mid
29,51.96,8,24,0.079,0.0264,0,Yes,5.3,0.359,4.37,5.83,9.28,3.2,No,None,Low
25,125.94,7,12,0.42,0.0664,1,No,1.0,0.384,3.65,4.97,7.76,5.2,No,Low,Mid
26,98.29,14,28,0.027,0.1488,2,Yes,3.7,0.357,3.18,5.3,6.35,2.6,No,Low,Low
44,79.46,45,6,0.37,0.0456,0,No,1.8,0.293,4.44,6.8,9.29,5.1,No,None,Mid
37,87.44,1,74,0.157,0.0064,1,No,4.5,0.612,3.52,2.83,7.83,3.6,Yes,Low,Low
56,59.32,29,7,0.184,0.0496,0,No,4.5,0.55,3.56,7.12,8.39,3.9,No,None,Low
9,73.78,1,6,0.007,0.0784,0,No,2.3,0.514,5.0,5.5,9.74,2.6,No,None,Low
8,49.84,1,3,0.179,0.2016,1,No,1.6,0.446,4.38,5.42,8.04,4.0,No,Low,Low
38,33.34,1,30,0.384,0.104,1,No,1.4,0.534,2.2,4.0,6.19,5.5,No,Low,Mid
22,36.22,6,54,0.18,0.0064,2,No,3.6,0.364,4.31,3.7,7.96,4.0,Yes,Low,Low
57,15.46,29,35,0.427,0.0128,0,Yes,1.1,0.49,5.0,4.58,9.96,5.9,No,None,Mid
40,40.17,21,2,0.071,0.0344,1,Yes,4.6,0.812,3.21,7.13,7.43,3.3,No,Low,Low
35,58.46,1,10,0.387,0.1632,2,Yes,7.3,0.912,4.02,6.97,7.14,5.4,No,Low,Mid
12,18.39,1,39,0.328,0.0072,2,No,4.1,0.33,2.21,4.45,5.85,5.2,No,Low,Mid
37,85.25,10,14,0.258,0.1936,1,No,3.0,0.732,3.99,5.63,7.68,4.3,No,Low,Mid
54,39.66,14,32,0.433,0.0088,1,No,1.4,0.815,3.38,4.33,7.68,5.8,No,Low,Mid
24,21.72,7,32,0.431,0.196,1,No,1.8,0.589,4.64,4.23,8.32,5.9,No,Low,Mid
21,52.12,6,6,0.327,0.032,0,Yes,2.2,0.936,2.69,5.63,7.58,5.0,No,None,Mid
44,64.0,12,26,0.135,0.1312,3,No,3.9,0.853,2.26,5.4,4.82,3.6,No,Medium,Low
7,50.85,2,40,0.429,0.044,0,Yes,4.4,0.624,4.07,4.53,8.92,5.7,No,None,Mid
40,89.99,1,13,0.079,0.0424,0,No,2.4,0.882,4.2,5.18,9.06,3.0,No,None,Low
8,17.08,1,50,0.391,0.1464,2,Yes,2.6,0.694,2.89,3.4,6.07,5.6,No,Low,Mid
54,27.84,1,4,0.161,0.0208,0,No,6.0,0.81,4.75,6.83,9.68,4.0,No,None,Low
2,64.98,2,12,0.054,0.0104,0,No,2.8,0.368,4.26,5.4,9.23,3.0,No,None,Low
20,49.42,21,54,0.203,0.404,3,No,2.9,0.56,4.66,3.97,6.31,4.1,No,Medium,Low
22,63.04,12,2,0.258,0.0512,0,No,4.9,0.897,4.32,6.93,9.15,4.4,No,None,Mid
31,100.92,16,83,0.375,0.0528,2,Yes,1.8,0.381,3.02,1.98,6.51,5.0,Yes,Low,Mid
24,244.39,13,30,0.541,0.0336,0,Yes,0.0,0.733,4.43,3.93,9.32,5.3,No,None,High
3,32.41,1,4,0.448,0.0008,0,Yes,0.7,0.534,3.82,5.07,8.82,5.9,No,None,Mid
11,193.6,3,2,0.313,0.0528,1,Yes,0.0,0.295,4.85,5.0,9.01,4.0,No,Low,Mid
43,156.1,11,0,0.26,0.0528,0,No,3.6,0.19,3.64,6.57,8.46,3.9,No,None,Mid
48,55.46,13,32,0.471,0.0536,0,Yes,6.7,0.457,3.29,6.07,8.11,6.0,No,None,High
59,57.7,30,132,0.263,0.1032,0,No,2.7,0.795,3.26,1.9,7.92,4.5,Yes,None,Mid
37,59.95,1,5,0.43,0.0296,3,No,6.1,0.756,2.06,6.82,4.96,5.7,No,Medium,Mid
51,95.69,39,8,0.231,0.052,2,Yes,1.5,0.587,4.01,6.4,7.5,4.0,No,Low,Mid
17,153.52,1,51,0.449,0.0344,1,No,1.0,0.316,5.0,2.82,9.22,5.2,Yes,Low,Mid
28,35.73,22,84,0.298,0.088,1,No,5.4,0.16,4.22,3.33,8.26,4.9,Yes,Low,Mid
45,162.63,12,17,0.357,0.0112,0,No,5.8,0.973,3.71,6.48,8.67,4.5,No,None,Mid
43,24.54,1,56,0.465,0.0408,1,No,1.3,0.622,3.53,2.67,7.73,6.1,Yes,Low,High
45,62.6,23,30,0.15,0.02,0,No,4.0,0.598,5.0,5.6,9.93,3.7,No,None,Low
49,78.2,13,33,0.372,0.048,1,No,4.2,0.566,4.21,5.18,8.38,5.1,No,Low,Mid
29,32.7,1,9,0.041,0.0192,0,Yes,1.2,0.867,3.56,4.98,8.5,3.1,No,None,Low
28,40.8,15,6,0.336,0.016,1,No,4.2,0.734,4.43,6.6,8.71,5.1,No,Low,Mid
12,65.24,1,57,0.653,0.0024,0,Yes,1.2,0.272,4.45,2.58,9.44,7.2,No,None,High
17,36.24,5,18,0.207,0.1056,3,No,5.1,0.614,3.73,5.97,6.38,4.2,No,Medium,Low
10,48.48,3,70,0.321,0.196,1,No,4.5,0.817,4.72,3.1,8.4,5.0,Yes,Low,Mid
24,44.85,7,7,0.047,0.0016,0,No,1.7,0.861,4.03,5.45,9.02,3.1,No,None,Low
7,91.52,1,8,0.098,0.084,1,No,4.0,0.777,3.34,5.97,7.39,3.1,No,Low,Low
19,268.01,1,7,0.014,0.148,3,No,2.6,0.364,5.0,5.55,7.51,1.5,No,Medium,Low
46,142.9,1,31,0.193,0.0024,0,No,2.7,0.583,3.95,4.38,8.94,3.5,No,None,Low
38,63.56,20,8,0.49,0.0472,1,No,0.2,0.682,2.63,5.33,6.81,6.0,No,Low,High
42,73.13,11,11,0.103,0.0464,0,No,1.8,0.948,4.13,5.42,8.98,3.3,No,None,Low
1,164.22,1,86,0.33,0.0616,2,No,1.1,0.936,3.49,1.1,6.95,4.3,Yes,Low,Mid
22,77.71,6,23,0.386,0.0024,0,No,5.8,0.82,4.37,5.98,9.36,5.2,No,None,Mid
17,69.83,5,1,0.425,0.1376,0,No,4.6,0.242,5.0,6.65,9.54,5.6,No,None,Mid
37,50.27,1,17,0.105,0.064,2,No,2.6,0.302,4.31,5.05,7.76,3.4,No,Low,Low
37,66.42,10,22,0.312,0.0024,0,No,4.9,0.865,4.4,5.87,9.39,4.8,No,None,Mid
50,36.56,1,5,0.501,0.0136,1,No,8.3,0.569,4.36,7.55,8.65,6.3,No,Low,High
53,74.1,14,40,0.559,0.0008,1,No,4.6,0.414,4.43,5.0,8.76,6.5,No,Low,High
52,36.51,40,99,0.333,0.0672,1,Yes,4.1,0.407,4.53,2.75,8.64,5.1,Yes,Low,Mid
26,68.9,1,20,0.383,0.0208,0,No,1.5,0.637,5.0,4.53,9.93,5.3,No,None,Mid
45,72.31,23,3,0.136,0.0232,0,No,4.5,0.505,3.74,7.12,8.66,3.5,No,None,Low
36,134.67,19,6,0.176,0.0808,0,Yes,3.3,0.53,3.71,6.43,8.44,3.4,No,None,Low
39,43.95,1,63,0.151,0.044,0,No,1.5,0.78,4.56,2.38,9.41,3.8,No,None,Low
16,34.13,5,5,0.377,0.0536,2,No,2.8,0.875,3.6,5.85,7.09,5.4,No,Low,Mid
8,49.85,3,65,0.342,0.0048,1,No,2.1,0.765,3.77,2.55,8.09,5.1,Yes,Low,Mid
55,34.36,1,73,0.287,0.0416,0,No,2.0,0.881,4.13,2.05,8.99,4.8,Yes,None,Mid
11,115.21,12,66,0.315,0.0648,1,No,0.0,0.578,5.0,2.1,9.12,4.5,Yes,Low,Mid
34,39.56,1,29,0.406,0.0304,0,No,2.7,0.889,5.0,4.48,9.9,5.6,No,None,Mid
22,33.14,6,20,0.184,0.0192,3,No,4.4,0.836,2.41,5.67,5.35,4.1,No,Medium,Low
60,25.8,31,12,0.368,0.028,1,No,6.0,0.806,4.11,7.43,8.35,5.4,No,Low,Mid
18,102.63,1,20,0.247,0.0632,0,No,0.0,0.55,3.7,4.03,8.49,4.1,No,None,Mid
15,140.96,8,7,0.171,0.0168,1,Yes,6.9,0.935,3.93,7.22,8.21,3.4,No,Low,Low
18,34.67,10,6,0.411,0.0776,0,No,1.5,0.734,4.27,5.53,9.01,5.7,No,None,Mid
52,68.58,66,94,0.126,0.0368,0,Yes,4.0,0.481,4.25,3.3,9.13,3.5,No,None,Low
47,125.89,48,39,0.337,0.0216,0,No,1.8,0.329,5.0,5.25,9.93,4.6,No,None,Mid
33,113.31,1,37,0.454,0.1448,3,No,1.7,0.521,3.73,3.75,6.25,5.5,Yes,Medium,High
3,43.98,1,80,0.345,0.0008,1,No,1.8,0.117,3.52,1.63,7.85,5.2,Yes,Low,Mid
15,68.05,4,59,0.428,0.0784,0,No,4.0,0.448,3.83,3.52,8.57,5.6,Yes,None,Mid
17,35.93,1,17,0.282,0.0864,0,No,2.1,0.672,3.75,4.88,8.46,4.8,No,None,Mid
60,50.53,16,6,0.247,0.0096,0,No,3.2,0.389,1.81,6.3,6.78,4.4,No,None,Mid
37,201.83,10,36,0.353,0.2888,2,Yes,0.5,0.493,4.29,3.7,6.99,4.3,No,Low,Mid
15,73.75,4,64,0.254,0.0368,1,Yes,0.0,0.322,3.86,1.93,8.07,4.3,No,Low,Mid
48,66.07,13,104,0.37,0.1088,1,No,3.0,0.771,4.62,1.43,8.59,5.2,Yes,Low,Mid
58,106.73,30,15,0.338,0.0848,2,Yes,5.1,0.64,4.38,6.95,7.76,4.7,No,Low,Mid
18,48.37,10,28,0.06,0.0744,0,No,0.8,0.49,2.71,4.2,7.46,3.1,No,None,Low
54,66.84,1,121,0.057,0.1336,2,No,3.3,0.587,3.9,1.13,7.12,3.0,Yes,Low,Low
28,30.6,8,24,0.346,0.0816,1,Yes,2.9,0.624,4.3,5.03,8.36,5.2,No,Low,Mid
54,83.94,1,8,0.232,0.016,1,No,4.3,0.594,4.49,6.07,8.77,4.1,No,Low,Mid
36,107.89,10,4,0.424,0.1208,2,No,6.1,0.9,5.0,7.17,8.26,5.3,No,Low,Mid
60,156.84,31,58,0.174,0.1504,2,No,1.0,0.494,4.66,3.47,7.83,3.3,No,Low,Low
20,42.23,6,9,0.135,0.024,0,No,4.9,0.657,5.0,6.38,9.92,3.7,No,None,Low
42,52.19,1,128,0.171,0.1232,0,No,3.8,0.667,1.98,1.3,6.57,3.9,Yes,None,Low
19,130.74,10,11,0.288,0.0224,0,No,4.9,0.531,3.66,6.42,8.59,4.2,No,None,Mid
44,153.25,12,21,0.154,0.0552,0,No,4.1,0.791,3.56,5.72,8.38,3.2,No,None,Low
9,73.65,1,19,0.073,0.0072,1,No,0.1,0.449,4.73,4.12,9.04,3.1,No,Low,Low
7,90.35,1,19,0.18,0.0944,2,No,0.2,0.854,2.94,4.15,6.29,3.7,No,Low,Low
28,70.84,1,8,0.25,0.1,2,Yes,2.2,0.669,2.34,5.37,5.67,4.3,No,Low,Mid
50,60.87,1,2,0.053,0.0008,0,No,2.9,0.955,2.46,5.9,7.46,3.0,No,None,Low
12,50.91,4,9,0.193,0.04,0,No,5.4,0.761,5.0,6.48,9.87,4.0,No,None,Low
59,10.09,15,176,0.451,0.0016,1,No,4.9,0.402,3.66,2.13,7.99,6.1,Yes,Low,High
18,358.25,14,17,0.478,0.0256,0,Yes,2.0,0.706,3.1,5.28,8.01,4.2,No,None,High
53,202.66,14,14,0.518,0.0496,1,No,3.6,0.472,3.27,5.97,7.44,5.4,No,Low,High
46,56.47,12,9,0.236,0.024,0,No,2.2,0.668,3.68,5.68,8.6,4.3,No,None,Mid
42,101.72,11,40,0.38,0.1792,1,No,2.1,0.721,4.88,4.07,8.62,5.0,No,Low,Mid
47,55.59,12,0,0.279,0.3512,4,No,0.1,0.771,3.48,5.43,4.64,4.6,No,Medium,Mid
46,25.41,1,59,0.144,0.136,1,No,0.3,0.769,3.31,2.18,7.19,3.9,Yes,Low,Low
25,139.17,1,74,0.156,0.188,2,No,6.5,0.676,5.0,3.5,8.04,3.3,Yes,Low,Low
16,111.4,5,36,0.611,0.104,2,No,2.2,0.836,3.32,4.1,6.64,6.6,No,Low,High
31,28.99,8,33,0.24,0.0648,1,No,8.1,0.928,4.38,6.32,8.5,4.5,No,Low,Mid
39,49.23,1,83,0.358,0.1616,1,No,4.0,0.759,4.01,2.22,7.8,5.2,Yes,Low,Mid
57,39.47,1,32,0.181,0.0112,0,No,0.0,0.82,3.41,3.43,8.37,4.0,No,None,Low
53,39.73,1,12,0.226,0.0104,1,No,3.1,0.812,4.19,5.47,8.49,4.3,No,Low,Low
25,246.36,1,95,0.294,0.056,0,No,3.2,0.41,3.44,1.35,8.25,3.6,Yes,None,Mid
8,87.67,1,9,0.502,0.0552,1,No,1.1,0.843,5.0,4.95,9.15,6.0,No,Low,High
35,122.11,9,8,0.152,0.0064,0,No,7.1,0.685,4.28,7.27,9.26,3.3,No,None,Low
21,22.67,6,37,0.606,0.0464,0,No,0.1,0.907,4.92,3.38,9.77,7.1,No,None,High
13,37.05,4,10,0.238,0.108,0,No,3.6,0.336,3.8,5.83,8.44,4.4,No,None,Mid
21,81.04,11,16,0.832,0.0464,0,No,3.3,0.847,3.61,5.67,8.46,8.3,No,None,Extreme
49,33.9,1,61,0.339,0.216,0,No,4.9,0.737,4.46,3.62,8.74,5.2,No,None,Mid
22,36.92,6,17,0.354,0.0784,1,No,3.5,0.665,4.14,5.52,8.21,5.3,No,Low,Mid
40,77.0,11,2,0.134,0.06,1,No,1.3,0.651,4.07,5.7,8.2,3.5,No,Low,Low
6,82.46,4,113,0.35,0.0328,1,No,1.4,0.237,4.08,1.0,8.3,5.0,Yes,Low,Mid
45,83.38,1,38,0.217,0.0904,0,No,5.5,0.478,4.47,4.97,9.17,4.0,No,None,Low
46,46.86,1,34,0.206,0.0144,0,No,0.0,0.649,2.92,3.33,7.87,4.2,No,None,Low
47,279.56,1,34,0.152,0.0104,1,No,4.1,0.377,3.9,4.7,8.2,2.4,No,Low,Low
21,70.75,11,115,0.224,0.1512,1,No,2.6,0.901,4.69,1.23,8.52,4.1,Yes,Low,Low
6,87.22,1,12,0.723,0.0256,0,No,1.8,0.825,3.58,5.03,8.49,7.5,No,None,Extreme
41,143.01,1,91,0.232,0.012,0,No,3.7,0.707,5.0,1.72,9.96,3.8,Yes,None,Mid
43,86.62,33,15,0.431,0.1344,0,Yes,0.9,0.528,4.58,5.65,9.13,5.5,No,None,Mid
26,30.04,14,17,0.26,0.0128,1,No,5.3,0.684,3.69,6.38,7.98,4.6,No,Low,Mid
5,86.48,1,37,0.11,0.0144,3,Yes,4.7,0.469,1.61,4.75,4.56,3.3,No,Medium,Low
39,164.16,10,43,0.24,0.072,1,No,3.2,0.891,3.12,4.25,7.21,3.7,No,Low,Mid
33,49.75,1,7,0.105,0.0968,0,Yes,2.9,0.496,3.85,5.65,8.53,3.4,No,None,Low
40,25.42,11,3,0.11,0.0408,0,No,4.5,0.727,5.0,6.72,9.86,3.6,No,None,Low
20,58.42,6,4,0.198,0.0792,2,No,4.4,0.83,2.5,6.47,5.9,4.0,No,Low,Low
35,205.31,1,9,0.051,0.1088,0,No,3.3,0.384,5.0,5.68,9.64,2.1,No,None,Low
45,71.25,34,42,0.033,0.0264,0,Yes,1.5,0.904,3.15,4.53,8.06,2.8,No,None,Low
29,29.74,1,92,0.379,0.1368,2,No,0.9,0.972,4.3,1.0,7.51,5.5,Yes,Low,Mid
46,15.71,1,26,0.159,0.0088,0,No,3.0,0.889,4.54,4.73,9.51,4.0,No,None,Low
4,103.14,2,10,0.098,0.0504,1,No,3.9,0.939,4.33,5.87,8.5,3.1,No,Low,Low
52,89.92,27,24,0.537,0.0232,0,Yes,3.5,0.37,4.24,5.87,9.16,6.2,No,None,High
47,73.57,12,23,0.196,0.1112,3,No,9.0,0.504,4.12,7.25,6.75,3.9,No,Medium,Low
47,55.26,12,62,0.151,0.128,3,No,4.4,0.644,3.05,3.77,5.62,3.7,Yes,Medium,Low
39,118.87,20,5,0.223,0.0664,1,No,5.3,0.341,3.22,7.18,7.33,3.8,No,Low,Low
6,56.78,1,192,0.369,0.004,0,No,3.1,0.815,2.96,1.07,7.95,5.2,Yes,None,Mid
54,159.4,55,59,0.703,0.012,0,No,3.5,0.458,4.77,4.88,9.73,7.0,No,None,Extreme
48,129.22,1,17,0.164,0.0192,1,No,3.8,0.862,3.17,5.45,7.44,3.4,No,Low,Low
43,110.34,1,28,0.233,0.1304,0,No,4.0,0.585,4.86,4.97,9.43,4.0,No,None,Mid
2,66.92,1,40,0.29,0.0424,0,No,3.2,0.586,4.75,4.1,9.61,4.6,No,None,Mid
12,95.04,1,67,0.265,0.0296,2,No,5.1,0.358,3.73,3.38,7.3,4.3,Yes,Low,Mid
13,50.39,1,26,0.233,0.1416,1,No,1.7,0.613,3.3,4.3,7.16,4.3,No,Low,Mid
23,69.39,1,56,0.361,0.1728,4,No,0.5,0.653,2.34,2.4,4.1,5.1,Yes,Medium,Mid
55,57.78,14,100,0.306,0.0592,1,No,3.4,0.735,3.65,1.6,7.79,4.8,Yes,Low,Mid
25,94.13,19,33,0.575,0.0,1,No,2.4,0.406,4.61,4.78,8.94,6.5,No,Low,High
37,101.12,19,41,0.364,0.2752,2,No,1.0,0.716,4.54,3.92,7.29,4.9,Yes,Low,Mid
5,108.36,3,10,0.393,0.0672,0,No,2.2,0.161,4.37,5.33,9.15,5.1,No,None,Mid
27,116.28,14,4,0.057,0.0536,0,Yes,1.5,0.864,3.42,5.77,8.24,2.7,No,None,Low
42,153.32,22,14,0.151,0.1152,0,Yes,2.9,0.628,3.85,6.0,8.47,3.1,No,None,Low
6,99.92,2,66,0.247,0.012,0,No,5.1,0.331,4.23,3.47,9.19,4.1,Yes,None,Mid
52,43.08,27,10,0.223,0.0832,2,Yes,2.4,0.476,2.75,6.2,6.14,4.3,No,Low,Low
48,120.51,13,3,0.151,0.0232,1,No,2.1,0.63,3.4,5.98,7.66,3.3,No,Low,Low
24,62.04,13,56,0.171,0.0928,1,No,4.5,0.326,5.0,4.13,9.02,3.8,No,Low,Low
49,71.68,1,8,0.171,0.0176,0,No,0.7,0.735,4.86,4.87,9.8,3.8,No,None,Low
27,139.87,7,15,0.595,0.0256,0,No,5.3,0.658,5.0,6.25,9.91,6.3,No,None,High
51,60.74,13,68,0.378,0.0728,0,No,4.1,0.627,3.72,3.4,8.48,5.3,Yes,None,Mid
31,43.88,8,2,0.075,0.0392,1,No,7.0,0.934,3.05,7.5,7.25,3.3,No,Low,Low
46,70.66,1,1,0.149,0.0952,0,No,5.8,0.664,4.12,6.92,8.8,3.6,No,None,Low
22,70.09,12,9,0.476,0.112,2,No,5.8,0.971,5.0,6.88,8.29,5.9,No,Low,High
40,98.94,21,3,0.264,0.1256,0,Yes,1.5,0.381,2.4,6.05,6.98,4.3,No,None,Mid
19,44.86,1,29,0.352,0.076,3,No,3.6,0.691,4.14,4.78,6.89,5.2,No,Medium,Mid
40,123.19,11,61,0.282,0.0408,0,No,4.9,0.684,5.0,3.95,9.86,4.2,No,None,Mid
3,80.79,1,5,0.231,0.1256,1,No,3.9,0.496,4.8,6.08,8.71,4.1,No,Low,Mid
3,137.27,1,2,0.257,0.0512,0,No,5.4,0.662,3.72,6.73,8.55,4.0,No,None,Mid
14,74.92,8,19,0.255,0.0832,0,No,4.8,0.775,3.69,5.92,8.41,4.3,No,None,Mid
22,92.66,23,28,0.233,0.0744,0,Yes,4.2,0.78,4.28,5.77,9.03,4.1,No,None,Mid
6,184.07,1,13,0.177,0.0184,0,No,5.4,0.944,3.68,6.18,8.62,3.1,No,None,Low
23,53.07,1,12,0.273,0.0504,3,No,7.6,0.542,4.4,6.97,7.23,4.6,No,Medium,Mid
38,163.63,10,20,0.367,0.0232,2,No,2.2,0.638,4.89,5.07,8.48,4.6,No,Low,Mid
35,121.14,9,59,0.043,0.0024,2,No,3.3,0.45,3.28,3.45,6.94,2.6,Yes,Low,Low
58,73.82,1,26,0.062,0.0144,2,No,3.4,0.509,3.72,4.87,7.34,3.0,No,Low,Low
10,120.91,3,11,0.189,0.0424,0,No,5.7,0.545,3.99,6.45,8.85,3.6,No,None,Low
41,72.29,21,3,0.456,0.0192,0,No,2.6,0.868,4.03,6.42,8.97,5.8,No,None,High
19,81.14,10,85,0.564,0.16,4,Yes,2.9,0.68,3.85,2.05,5.65,6.5,Yes,Medium,High
20,19.1,1,72,0.231,0.0528,0,No,4.5,0.252,5.0,2.93,9.82,4.5,No,None,Mid
59,44.33,45,12,0.138,0.0008,0,No,3.7,0.781,4.17,7.13,9.17,3.7,No,None,Low
41,54.04,11,8,0.33,0.0792,0,No,3.9,0.725,4.36,6.27,9.1,5.0,No,None,Mid
46,58.06,1,30,0.496,0.0376,0,No,3.0,0.873,4.79,4.53,9.66,6.1,No,None,High
57,61.54,29,1,0.153,0.0264,0,Yes,3.5,0.419,4.12,7.08,9.03,3.7,No,None,Low
57,103.73,1,25,0.047,0.0248,1,No,5.6,0.359,2.92,5.65,7.17,2.7,No,Low,Low
47,68.39,1,41,0.284,0.008,2,No,0.0,0.487,5.0,2.98,8.64,4.6,No,Low,Mid
1,75.3,1,5,0.73,0.0072,0,No,3.4,0.437,3.97,5.92,8.95,7.7,No,None,Extreme
30,131.52,16,48,0.11,0.0624,1,Yes,1.3,0.798,2.49,3.57,6.62,3.0,No,Low,Low
4,62.51,1,29,0.641,0.0192,0,No,5.1,0.907,5.0,5.28,9.94,7.1,No,None,High
55,39.67,28,3,0.07,0.0696,1,Yes,4.7,0.509,4.83,7.35,8.93,3.3,No,Low,Low
45,31.47,1,48,0.303,0.164,4,No,1.7,0.704,2.15,3.2,3.94,4.9,Yes,Medium,Mid
42,30.42,1,48,0.106,0.1232,2,No,2.3,0.743,4.09,3.4,7.35,3.6,Yes,Low,Low
33,56.56,9,9,0.054,0.0624,2,No,4.0,0.405,3.67,6.18,7.13,3.0,No,Low,Low
40,33.26,1,63,0.335,0.0712,2,No,5.0,0.296,3.56,3.55,6.99,5.1,Yes,Low,Mid
4,120.74,3,15,0.157,0.0496,1,No,5.6,0.952,3.34,6.22,7.51,3.4,No,Low,Low
10,192.18,1,2,0.464,0.056,1,No,0.0,0.408,5.0,4.93,9.15,5.1,No,Low,High
25,31.31,13,2,0.312,0.0216,2,Yes,2.3,0.7,2.38,6.1,5.97,5.0,No,Low,Mid
39,72.93,1,32,0.19,0.0384,0,No,0.1,0.737,5.0,3.47,9.87,3.9,No,None,Low
22,54.18,12,8,0.214,0.0112,0,No,0.3,0.39,5.0,5.1,9.96,4.2,No,None,Low
27,51.33,7,45,0.075,0.0776,0,No,4.8,0.745,4.13,4.58,8.87,3.2,No,None,Low
30,69.08,1,60,0.584,0.1032,4,No,0.0,0.652,3.89,2.03,5.88,6.7,Yes,Medium,High
25,94.28,1,23,0.167,0.0744,1,No,4.0,0.31,3.5,5.22,7.59,3.6,No,Low,Low
11,124.25,6,21,0.487,0.1368,2,Yes,0.6,0.395,3.36,4.35,6.57,5.7,No,Low,High
57,39.08,29,37,0.275,0.004,0,No,1.8,0.815,3.52,4.72,8.51,4.7,No,None,Mid
10,141.69,3,51,0.36,0.088,0,No,1.9,0.91,5.0,3.18,9.71,4.7,No,None,Mid
31,24.49,1,68,0.204,0.0432,1,No,6.5,0.253,4.31,3.8,8.5,4.3,No,Low,Low
53,38.7,1,13,0.287,0.0888,0,No,2.2,0.706,4.89,5.12,9.59,4.8,No,None,Mid
56,95.48,15,13,0.466,0.1144,1,No,2.0,0.576,4.83,5.52,8.78,5.7,No,Low,High
20,51.44,11,54,0.348,0.0056,0,No,0.0,0.828,2.92,2.67,7.9,5.1,Yes,None,Mid
3,83.67,3,1,0.325,0.0608,1,No,1.7,0.808,2.89,5.62,7.02,4.8,No,Low,Mid
53,113.42,27,39,0.12,0.108,2,No,4.9,0.772,4.63,5.58,7.94,3.2,No,Low,Low
20,225.98,11,15,0.385,0.0424,0,Yes,0.0,0.781,2.85,4.62,7.71,4.3,No,None,Mid
8,35.35,1,35,0.218,0.008,0,No,1.2,0.578,5.0,3.68,9.97,4.3,No,None,Low
40,77.79,21,55,0.222,0.012,1,No,2.2,0.901,3.28,3.68,7.57,4.1,Yes,Low,Low
35,57.48,18,5,0.312,0.056,2,No,2.8,0.709,4.49,6.28,7.97,4.8,No,Low,Mid
36,51.08,19,35,0.066,0.0456,0,No,3.6,0.797,2.87,5.08,7.72,3.2,No,None,Low
8,29.31,5,38,0.181,0.0288,1,No,4.4,0.843,4.19,4.73,8.43,4.1,No,Low,Low
27,34.33,7,1,0.318,0.0152,1,No,2.5,0.456,4.91,6.02,9.19,5.0,No,Low,Mid
32,22.96,9,2,0.099,0.1304,1,No,0.0,0.826,5.0,5.2,8.9,3.6,No,Low,Low
6,81.14,1,98,0.115,0.0464,0,No,4.0,0.66,4.84,1.47,9.69,3.3,Yes,None,Low
60,109.69,61,10,0.223,0.032,0,No,2.1,0.688,4.38,6.87,9.27,3.9,No,None,Low
33,84.06,25,53,0.157,0.064,2,No,5.7,0.484,3.87,5.08,7.32,3.6,No,Low,Low
40,44.84,1,40,0.176,0.0528,0,No,3.9,0.711,5.0,4.33,9.82,4.0,No,None,Low
4,109.67,1,26,0.286,0.064,0,Yes,0.0,0.692,5.0,3.73,9.79,4.3,No,None,Mid
18,37.07,1,31,0.63,0.1032,2,No,0.0,0.885,3.62,3.48,6.94,7.2,No,Low,High
31,45.01,8,54,0.09,0.0136,0,No,2.5,0.524,3.13,3.4,8.08,3.4,Yes,None,Low
41,35.86,21,39,0.517,0.0024,0,No,4.5,0.709,5.0,5.25,9.99,6.4,No,None,High
51,179.86,13,7,0.499,0.2024,3,No,6.0,0.324,4.17,7.08,6.5,5.4,No,Medium,High
22,160.65,1,19,0.646,0.024,0,No,6.1,0.665,3.07,6.12,7.99,6.6,No,None,High
38,96.47,10,24,0.571,0.4048,1,No,7.7,0.97,1.64,6.7,4.62,6.4,No,Low,High
36,103.84,1,31,0.285,0.0328,0,No,3.1,0.35,4.79,4.52,9.68,4.4,No,None,Mid
8,14.65,1,100,0.443,0.008,0,No,3.5,0.548,5.0,1.2,9.97,6.0,Yes,None,Mid
55,41.97,28,33,0.149,0.096,0,Yes,4.9,0.651,4.36,5.92,9.04,3.8,No,None,Low
54,88.48,14,5,0.289,0.012,0,No,1.9,0.227,2.18,5.85,7.14,4.5,No,None,Mid
47,268.35,12,5,0.417,0.2232,2,No,6.4,0.756,3.47,7.28,6.39,4.3,No,Low,Mid
53,68.37,1,45,0.117,0.0816,3,No,0.5,0.509,3.74,2.95,6.47,3.4,Yes,Medium,Low
1,78.85,1,20,0.404,0.004,1,Yes,0.0,0.353,5.0,4.03,9.32,5.4,No,Low,Mid
4,84.94,3,48,0.217,0.0224,1,Yes,0.7,0.799,3.85,2.93,8.11,4.0,No,Low,Low
33,95.42,1,92,0.472,0.016,0,No,7.8,0.689,4.95,3.03,9.9,5.7,Yes,None,High
10,46.81,6,28,0.234,0.0496,0,No,2.8,0.499,4.34,4.73,9.17,4.4,No,None,Mid
60,89.37,16,49,0.597,0.0536,0,No,8.1,0.339,4.38,5.78,9.2,6.6,No,None,High
30,31.5,8,7,0.205,0.1432,3,No,4.7,0.423,2.71,6.48,5.23,4.2,No,Medium,Low
6,33.29,2,69,0.287,0.08,2,No,4.6,0.337,3.25,3.15,6.65,4.8,Yes,Low,Mid
13,28.04,10,47,0.271,0.0432,1,No,4.0,0.306,2.85,4.32,7.04,4.7,No,Low,Mid
43,45.93,11,9,0.309,0.0072,0,No,1.4,0.776,4.59,5.38,9.57,4.9,No,None,Mid
32,51.19,1,16,0.418,0.1296,2,No,0.0,0.648,3.56,4.23,6.79,5.6,No,Low,Mid
25,68.79,13,54,0.33,0.0008,0,Yes,3.9,0.646,5.0,4.03,10.0,4.9,No,None,Mid
47,162.59,24,35,0.374,0.16,1,No,4.7,0.91,4.01,5.62,7.81,4.6,No,Low,Mid
2,16.7,2,7,0.417,0.208,5,No,6.4,0.394,3.72,6.85,4.69,5.8,No,Medium,Mid
41,54.4,11,15,0.12,0.0632,1,No,5.4,0.938,5.0,6.42,9.12,3.5,No,Low,Low
21,15.33,6,8,0.554,0.0584,1,No,3.7,0.852,4.11,6.03,8.25,6.8,No,Low,High
21,111.54,1,25,0.106,0.1904,2,No,4.5,0.749,3.13,5.28,6.16,3.1,No,Low,Low
20,137.47,16,57,0.137,0.0952,1,Yes,3.0,0.607,4.3,3.68,8.32,3.1,No,Low,Low
5,76.51,3,3,0.537,0.2504,0,No,1.2,0.277,4.75,5.35,8.92,6.3,No,None,High
57,36.3,15,12,0.384,0.052,0,Yes,4.5,0.617,4.06,6.4,8.89,5.5,No,None,Mid
57,46.12,15,4,0.183,0.1448,1,No,3.0,0.305,4.87,6.3,8.72,4.0,No,Low,Low
32,59.19,1,22,0.135,0.1536,1,No,2.9,0.767,3.5,4.9,7.32,3.6,No,Low,Low
12,46.56,1,16,0.448,0.0192,0,No,2.1,0.156,5.0,4.93,9.94,5.9,No,None,Mid
50,504.89,1,37,0.367,0.0992,1,No,3.8,0.602,3.12,4.45,7.12,2.6,No,Low,Mid
38,114.87,10,16,0.237,0.156,0,No,2.2,0.782,4.48,5.27,8.96,4.0,No,None,Mid
50,60.21,26,13,0.371,0.0488,0,No,3.9,0.902,4.37,6.52,9.21,5.2,No,None,Mid
37,226.56,19,35,0.393,0.1032,0,No,4.2,0.49,4.04,5.28,8.7,4.4,No,None,Mid
46,303.93,1,16,0.195,0.0144,1,No,2.3,0.584,4.72,5.0,9.01,2.5,No,Low,Low
48,63.43,13,7,0.537,0.0344,0,No,4.2,0.556,3.84,6.48,8.73,6.4,No,None,High
27,361.67,7,29,0.112,0.016,1,No,4.8,0.313,5.0,5.38,9.28,1.6,No,Low,Low
10,176.91,1,57,0.359,0.0832,0,No,3.9,0.244,4.06,3.48,8.78,4.5,No,None,Mid
27,118.68,7,0,0.106,0.0456,0,No,6.3,0.49,3.43,7.33,8.28,3.0,No,None,Low
55,48.59,14,33,0.039,0.0,2,Yes,3.1,0.45,4.55,4.85,8.22,3.0,No,Low,Low
54,115.27,14,59,0.223,0.0392,1,No,2.6,0.832,3.52,3.38,7.72,3.9,Yes,Low,Low
50,98.23,26,16,0.34,0.2888,5,No,3.9,0.519,1.94,6.37,2.64,4.8,No,Medium,Mid
55,83.72,14,90,0.291,0.0592,2,No,0.5,0.909,3.26,1.13,6.73,4.5,Yes,Low,Mid
23,81.7,6,47,0.16,0.1488,1,No,1.5,0.748,4.77,3.35,8.61,3.6,Yes,Low,Low
35,64.91,1,185,0.324,0.0424,0,No,5.1,0.743,3.68,1.73,8.54,4.9,Yes,None,Mid
31,213.4,8,70,0.439,0.0072,1,Yes,0.8,0.951,4.63,2.03,8.94,4.8,Yes,Low,Mid
49,15.87,1,54,0.151,0.0248,0,No,5.8,0.526,4.69,4.27,9.61,4.0,No,None,Low
40,133.27,51,30,0.322,0.0848,1,No,6.2,0.265,3.95,7.23,8.0,4.5,No,Low,Mid
24,120.37,1,17,0.014,0.0968,1,No,5.6,0.561,3.76,6.05,7.77,2.4,No,Low,Low
29,92.99,15,53,0.409,0.0984,0,No,3.5,0.474,4.07,4.02,8.74,5.3,No,None,Mid
35,79.63,9,36,0.152,0.0128,3,No,0.3,0.483,3.41,3.6,6.37,3.6,Yes,Medium,Low
16,46.82,1,13,0.448,0.1112,1,No,2.9,0.57,4.5,5.35,8.46,5.9,No,Low,Mid
23,110.9,6,46,0.225,0.008,0,No,2.8,0.448,2.96,3.83,7.93,3.9,No,None,Low
13,51.17,1,25,0.503,0.0984,2,No,5.8,0.728,4.95,5.72,8.29,6.2,No,Low,High
26,167.11,1,5,0.42,0.0864,1,No,3.4,0.829,3.96,5.92,8.01,4.9,No,Low,Mid
54,89.44,14,135,0.086,0.0064,1,Yes,2.2,0.6,3.46,1.2,7.77,3.1,Yes,Low,Low
2,77.48,1,22,0.066,0.0056,1,No,7.6,0.773,4.55,6.47,8.86,3.0,No,Low,Low
52,49.06,27,23,0.135,0.0224,0,No,1.1,0.863,5.0,5.12,9.93,3.7,No,None,Low
8,66.12,1,14,0.127,0.0352,0,No,1.5,0.732,3.23,4.83,8.11,3.5,No,None,Low
4,103.95,3,1,0.231,0.0288,0,No,1.7,0.509,5.0,5.62,9.9,4.0,No,None,Mid
9,35.17,1,24,0.664,0.0968,1,No,1.3,0.935,4.17,4.27,8.18,7.4,No,Low,High
